,Autism,Multiple Sclerosis,Crohn's Disease,Ulcerative Colitis,Irritable Bowel Syndrome,Cirrhosis,Type 2 Diabetes,Obesity,Pouchitis,Short Bowel Syndrome,Acquired Immunodeficiency Syndrome,Laryngeal carcinoma,Psoriasis,Cystic Fibrosis,Chronic Obstructive Pulmonary Disease,Colorectal cancer,Inflammatory Bowel Disease,Major depressive disorder,Bipolar disorder,Chronic fatigue syndrome,Parkinson's Disease,Alzheimer's Disease,Infective colitis,Atherosclerosis,Aggressive periodontitis,Type 1 Diabetes,Esophageal cancer,Acute skin abscess,Necrotizing enterocolitis,Caries,Atopy,Familial adenomatous polyposis,Allergy,"Celiac Disease, Coaliac disease",Ankylosing spondylitis,Atopic eczema,HIV infection,Systemic sclerosis,Primary sclerosing cholangitis,Preeclamsia,Pulmonary tubercolosis,Juvenile idiopathic arthritis,Behcet's Disease,Sjogren's syndrome,Autoimmune hepatitis,Hepatitis B,Aphthous ulcer,Pancreatic cancer,Tuberculosis,Recurrent tonsillitis,Atopic dermatitis,Bacterial vaginosis,Cervical cancer,Asthma,Rheumatoid Arthritis,Periodontal disease,Blepharitis,Chronic Rhinosinusitis,Conjunctival scarring,Oral lichen planus,Heart failure,Refractory celiac disease,Interstitial cystitis,Coronary artery disease,Juvenile Idiopathic Arthritis,Preterm birth,Polycystic Ovary Syndrome,Trachoma,Colon adenomas,Gestational diabetes,Primary Open-Angle Glaucoma,Barrett's oesophagus,Megaesophagus,Pneumonia,Cutaneous burn,Exacerbations of idiopathic pulmonary fibrosis,Head/Neck cancer,Hypertension,Halitosis,Rectal Carcinoma,Dandruff,Viral Diarrhea,HIV-infected pneumonia,Pervasive developmental disorder NOS,Macular degeneration,Spondyloarthritis,Systemic lupus erythematosus,Transient Ischemic Attack,Denture Stomatitis,Spinal cord injury,Osmotic diarrhea,Reflux esophagitis,Inactive Crohn's Disease,Endometrial cancer,Infantile eczema,Granulomatous mastitis,severe skin and soft tissue infection,Coronary Heart Disease,Acne,Vitiligo,Appendicitis,Gastro-oesophageal reflux disease,Constipation,Disease-free ,Chronic Rhinosinusitis with asthma,Chronic Rhinosinusitis with cystic fibrosis,Postmenopausal,Aphthous stomatitis,Primary sclerosing cholangitis-IBD,Oral cancer,Psoriatic Arthritis,Chronic lung disease,Cardiovascular disease,Clostridium difficile associated disease,Botulism,Idiopathic Pulmonary Fibrosis,Rett Syndrome,Gingivitis,Chronic prostatitis / Chronic pelvic pain syndrome,Kidney stone,Eosinophilic esophagitis,Chronic kidney disease,Chagas' disease,periodontitis,Anorexia Nervosa,Kawasaki disease,Rhinovirus infection,Non alcoholic steatohepatitis,Pancreatitis,Non-alcoholic fatty liver disease,Ascites,Opisthorchis felineus infection,Helicobacter pylori infection,Primary biliary cirrhosis,Liver fibrosis,Hepatic encephalopathy,Alcoholism,Gastroenteritis,Primary biliary cholangitis,Amyotrophic lateral sclerosis,Hashimoto's thyroiditis,Cirrhosis with pneumonia,Hepatitis C,Functional dyspepsia,Liver transplant,Schizophrenia,Atrophic gastritis,Cervicitis,Smoking,Pregnancy,Idiopathic infertility,Trichomonas vaginalis infection,Human papilloma virus infection,Nongonococcal urethritis,Vulvar vestibulitis syndrome,Hyperthyroidism,Idiopathic REM Sleep Behavior Disorder,T2D with hypertension,T2D with hyperlipidemia,T2D with hypertension and hyperlipidemia,Bullous pemphigoid,Otitis Media,Hirschsprung-associated enterocolitis,Hutchinson-Gilford progeria syndrome,Henoch-Schoenlein purpura,Prediabetes,Chlamydia,Enthesitis-related arthritis ,Chronic alcoholic pancreatitis,Alcoholic hepatitis,Autism spectrum disorders,Idiopathic nephrotic syndrome,Diverticular disease,Neuromyelitis optica,Azoospermia,Hyperlipidemia,Shiga Toxin-producing E. coli infection,Gastric carcinoma,COPD Exacerbation,Sickle cell disease,Protracted bacterial bronchitis,Reactive arthritis,Seminal hyperviscosity,Oligoasthenoteratozoospermia,Allergic asthma,Budd-Chiari syndrome,Atopic wheeze,Prostate cancer,Multiple system atrophy,Autoimmune polyendocrine syndrome type 1,Attention Deficit Hyperactivity Disorder,Hepatocellular cancer,Oral potentially malignant disorder,Viral respiratory tract infection,Hirschsprung's disease,Oral leukoplakia,Urgency urinary incontinence,Pelvic inflammatory disease,Neuropathic bladder,Uveitits,Granulomatosis with polyangiitis,Overactive bladder,Cytolytic vaginosis,Maturity-onset diabetes of the young 2,Stomach cancer,Small intestine neoplasm,Arsenic exposure,Myasthenia gravis,Osteoarthritis,Lung cancer,Clonorchis sinensis infection,Severe fever with thrombocytopenia syndrome,Breast cancer,Bronchiectasis,Graves' disease,Wilson's Disease,Sensitive scalp,Microscopic colitis
Autism,1.0,0.0571439257166366,0.0571439257166366,0.0476199206365212,0.0714299464323527,0.0571439257166366,0.041172338956928,0.0571439257166366,0.0476199206365212,0.0714299464323527,0.0714299464323527,0.0476199206365212,0.0714299464323527,0.128249502550101,0.0476199206365212,0.041172338956928,0.0714299464323527,0.138778105311832,0.1734727270499989,0.128249502550101,0.0476199206365212,0.0476199206365212,0.0571439257166366,0.041172338956928,0.0476199206365212,0.0367619429090039,0.0571439257166366,0.0379290345439241,0.0933602719681705,0.0476199206365212,0.041172338956928,0.0714299464323527,0.0367619429090039,0.0571439257166366,0.0476199206365212,0.0714299464323527,0.0933602719681705,0.0571439257166366,0.0367619429090039,0.0476199206365212,0.0476199206365212,0.0367619429090039,0.0571439257166366,0.0714299464323527,0.0571439257166366,0.0933602719681705,0.0571439257166366,0.0571439257166366,0.0714299464323527,0.0714299464323527,0.041172338956928,0.0476199206365212,0.0476199206365212,0.0571439257166366,0.041172338956928,0.0714299464323527,0.0571439257166366,0.0367619429090039,0.0476199206365212,0.0571439257166366,0.0571439257166366,0.0571439257166366,0.0571439257166366,0.0571439257166366,0.0367619429090039,0.0714299464323527,0.0476199206365212,0.0714299464323527,0.0367619429090039,0.0476199206365212,0.041172338956928,0.0714299464323527,0.0714299464323527,0.0571439257166366,0.0714299464323527,0.041172338956928,0.0714299464323527,0.0571439257166366,0.0933602719681705,0.0316202950567523,0.0714299464323527,0.0933602719681705,0.0476199206365212,0.6894506381789389,0.041172338956928,0.0476199206365212,0.0571439257166366,0.0476199206365212,0.0571439257166366,0.041172338956928,0.0714299464323527,0.0571439257166366,0.0571439257166366,0.041172338956928,0.0714299464323527,0.0714299464323527,0.0476199206365212,0.0571439257166366,0.0571439257166366,0.0714299464323527,0.0571439257166366,0.0933602719681705,0.0571439257166366,0.296376456737466,0.0476199206365212,0.128249502550101,0.0476199206365212,0.0571439257166366,0.0367619429090039,0.0571439257166366,0.041172338956928,0.0476199206365212,0.128249502550101,0.0476199206365212,0.0714299464323527,0.041172338956928,0.527498700621427,0.0476199206365212,0.0571439257166366,0.0714299464323527,0.0571439257166366,0.0571439257166366,0.0571439257166366,0.0571439257166366,0.255398361876396,0.0476199206365212,0.0714299464323527,0.041172338956928,0.0714299464323527,0.041172338956928,0.128249502550101,0.0,0.0,0.0476199206365212,0.128249502550101,0.0571439257166366,0.1734727270499989,0.0933602719681705,0.0476199206365212,0.0476199206365212,0.0714299464323527,0.0571439257166366,0.0933602719681705,0.0571439257166366,0.0,0.1734727270499989,0.0571439257166366,0.0476199206365212,0.0,0.0714299464323527,0.0476199206365212,0.0571439257166366,0.0933602719681705,0.0714299464323527,0.0571439257166366,0.0714299464323527,0.226732089065557,0.0476199206365212,0.0714299464323527,0.0476199206365212,0.0476199206365212,0.0476199206365212,0.0933602719681705,0.128249502550101,0.0476199206365212,0.0571439257166366,0.0714299464323527,0.0476199206365212,0.0571439257166366,0.0476199206365212,0.8249995187486758,0.041172338956928,0.0571439257166366,0.0476199206365212,0.0571439257166366,0.0714299464323527,0.0,0.041172338956928,0.0476199206365212,0.0714299464323527,0.0571439257166366,0.041172338956928,0.0571439257166366,0.0571439257166366,0.0367619429090039,0.0571439257166366,0.0337236205744276,0.0476199206365212,0.0476199206365212,0.0476199206365212,0.3192481279323519,0.0337236205744276,0.0367619429090039,0.0933602719681705,0.0476199206365212,0.0714299464323527,0.0714299464323527,0.0714299464323527,0.0714299464323527,0.0,0.0714299464323527,0.0,0.0476199206365212,0.041172338956928,0.0571439257166366,0.0476199206365212,0.0,0.0571439257166366,0.041172338956928,0.0571439257166366,0.0,0.0571439257166366,0.0571439257166366,0.0571439257166366,0.0571439257166366,0.0714299464323527,0.0714299464323527,0.0476199206365212
Multiple Sclerosis,0.0571439257166366,1.0,0.138778105311832,0.115648378688694,0.1734727270499989,0.138778105311832,0.041172338956928,0.0571439257166366,0.115648378688694,0.1734727270499989,0.0714299464323527,0.0476199206365212,0.1734727270499989,0.128249502550101,0.115648378688694,0.041172338956928,0.1734727270499989,0.0571439257166366,0.0714299464323527,0.128249502550101,0.351665478053376,0.351665478053376,0.138778105311832,0.0999899660382537,0.115648378688694,0.0367619429090039,0.0571439257166366,0.169519562553456,0.226732089065557,0.115648378688694,0.0999899660382537,0.1734727270499989,0.0892790042075809,0.138778105311832,0.115648378688694,0.0714299464323527,0.0933602719681705,0.138778105311832,0.0892790042075809,0.115648378688694,0.115648378688694,0.0892790042075809,0.138778105311832,0.1734727270499989,0.138778105311832,0.0933602719681705,0.138778105311832,0.0571439257166366,0.0714299464323527,0.1734727270499989,0.0999899660382537,0.115648378688694,0.0476199206365212,0.138778105311832,0.0999899660382537,0.1734727270499989,0.138778105311832,0.0892790042075809,0.212831890191799,0.138778105311832,0.138778105311832,0.138778105311832,0.138778105311832,0.138778105311832,0.0892790042075809,0.1734727270499989,0.115648378688694,0.0714299464323527,0.0367619429090039,0.0476199206365212,0.184015147583005,0.1734727270499989,0.1734727270499989,0.138778105311832,0.1734727270499989,0.0999899660382537,0.0714299464323527,0.138778105311832,0.226732089065557,0.0316202950567523,0.0714299464323527,0.226732089065557,0.115648378688694,0.0933602719681705,0.184015147583005,0.115648378688694,0.138778105311832,0.115648378688694,0.138778105311832,0.041172338956928,0.1734727270499989,0.138778105311832,0.138778105311832,0.041172338956928,0.0714299464323527,0.1734727270499989,0.0476199206365212,0.138778105311832,0.138778105311832,0.1734727270499989,0.138778105311832,0.226732089065557,0.138778105311832,0.296376456737466,0.115648378688694,0.128249502550101,0.115648378688694,0.138778105311832,0.0892790042075809,0.0571439257166366,0.0999899660382537,0.115648378688694,0.311463077621673,0.115648378688694,0.0714299464323527,0.0999899660382537,0.0714299464323527,0.115648378688694,0.138778105311832,0.1734727270499989,0.138778105311832,0.138778105311832,0.0571439257166366,0.138778105311832,0.0571439257166366,0.115648378688694,0.1734727270499989,0.041172338956928,0.1734727270499989,0.041172338956928,0.128249502550101,0.0,0.0,0.115648378688694,0.128249502550101,0.421998728397202,0.0714299464323527,0.226732089065557,0.115648378688694,0.351665478053376,0.1734727270499989,0.138778105311832,0.0933602719681705,0.138778105311832,0.0,0.0714299464323527,0.138778105311832,0.115648378688694,0.0,0.1734727270499989,0.115648378688694,0.0571439257166366,0.0933602719681705,0.1734727270499989,0.138778105311832,0.1734727270499989,0.0933602719681705,0.115648378688694,0.0714299464323527,0.115648378688694,0.115648378688694,0.212831890191799,0.226732089065557,0.128249502550101,0.115648378688694,0.0571439257166366,0.0714299464323527,0.115648378688694,0.138778105311832,0.115648378688694,0.0714299464323527,0.0999899660382537,0.138778105311832,0.115648378688694,0.138778105311832,0.0714299464323527,0.0,0.041172338956928,0.115648378688694,0.1734727270499989,0.138778105311832,0.0999899660382537,0.138778105311832,0.138778105311832,0.0892790042075809,0.138778105311832,0.0819002213950383,0.0476199206365212,0.351665478053376,0.115648378688694,0.0714299464323527,0.0337236205744276,0.0367619429090039,0.226732089065557,0.115648378688694,0.1734727270499989,0.1734727270499989,0.1734727270499989,0.1734727270499989,0.0,0.1734727270499989,0.0,0.115648378688694,0.041172338956928,0.0571439257166366,0.0476199206365212,0.0,0.138778105311832,0.0999899660382537,0.0571439257166366,0.0,0.138778105311832,0.0571439257166366,0.138778105311832,0.138778105311832,0.0714299464323527,0.1734727270499989,0.115648378688694
Crohn's Disease,0.0571439257166366,0.138778105311832,1.0,0.549999174998487,0.527498700621427,0.255398361876396,0.041172338956928,0.0571439257166366,0.115648378688694,0.527498700621427,0.0714299464323527,0.0476199206365212,0.1734727270499989,0.128249502550101,0.115648378688694,0.041172338956928,0.8249995187486758,0.0571439257166366,0.0714299464323527,0.128249502550101,0.115648378688694,0.115648378688694,0.659999251998354,0.0999899660382537,0.212831890191799,0.0367619429090039,0.0571439257166366,0.0921133696066727,0.4172632563475379,0.212831890191799,0.0999899660382537,0.527498700621427,0.0892790042075809,0.138778105311832,0.115648378688694,0.0714299464323527,0.0933602719681705,0.138778105311832,0.164303377491262,0.115648378688694,0.115648378688694,0.0892790042075809,0.138778105311832,0.1734727270499989,0.138778105311832,0.0933602719681705,0.255398361876396,0.0571439257166366,0.0714299464323527,0.1734727270499989,0.0999899660382537,0.115648378688694,0.0476199206365212,0.138778105311832,0.0999899660382537,0.3192481279323519,0.138778105311832,0.0892790042075809,0.115648378688694,0.138778105311832,0.138778105311832,0.138778105311832,0.138778105311832,0.138778105311832,0.0892790042075809,0.1734727270499989,0.115648378688694,0.0714299464323527,0.0367619429090039,0.0476199206365212,0.0999899660382537,0.3192481279323519,0.3192481279323519,0.138778105311832,0.3192481279323519,0.0999899660382537,0.0714299464323527,0.138778105311832,0.4172632563475379,0.0316202950567523,0.0714299464323527,0.4172632563475379,0.115648378688694,0.0933602719681705,0.0999899660382537,0.115648378688694,0.138778105311832,0.115648378688694,0.255398361876396,0.041172338956928,0.3192481279323519,0.255398361876396,1.0,0.041172338956928,0.0714299464323527,0.1734727270499989,0.0476199206365212,0.138778105311832,0.138778105311832,0.1734727270499989,0.421998728397202,0.4172632563475379,0.421998728397202,0.296376456737466,0.115648378688694,0.128249502550101,0.115648378688694,0.255398361876396,0.164303377491262,0.0571439257166366,0.0999899660382537,0.115648378688694,0.311463077621673,0.549999174998487,0.0714299464323527,0.0999899660382537,0.0714299464323527,0.212831890191799,0.138778105311832,0.1734727270499989,0.255398361876396,0.138778105311832,0.0571439257166366,0.255398361876396,0.0571439257166366,0.115648378688694,0.1734727270499989,0.041172338956928,0.1734727270499989,0.041172338956928,0.128249502550101,0.0,0.0,0.212831890191799,0.128249502550101,0.138778105311832,0.0714299464323527,0.4172632563475379,0.212831890191799,0.115648378688694,0.1734727270499989,0.255398361876396,0.0933602719681705,0.421998728397202,0.0,0.0714299464323527,0.255398361876396,0.115648378688694,0.0,0.1734727270499989,0.115648378688694,0.0571439257166366,0.0933602719681705,0.1734727270499989,0.138778105311832,0.1734727270499989,0.0933602719681705,0.115648378688694,0.0714299464323527,0.115648378688694,0.115648378688694,0.115648378688694,0.4172632563475379,0.128249502550101,0.115648378688694,0.0571439257166366,0.0714299464323527,0.115648378688694,0.138778105311832,0.212831890191799,0.0714299464323527,0.0999899660382537,0.421998728397202,0.115648378688694,0.138778105311832,0.0714299464323527,0.0,0.041172338956928,0.115648378688694,0.1734727270499989,0.138778105311832,0.0999899660382537,0.138778105311832,0.138778105311832,0.0892790042075809,0.138778105311832,0.0819002213950383,0.0476199206365212,0.115648378688694,0.115648378688694,0.0714299464323527,0.0337236205744276,0.0367619429090039,0.226732089065557,0.351665478053376,0.3192481279323519,0.1734727270499989,0.1734727270499989,0.1734727270499989,0.0,0.1734727270499989,0.0,0.115648378688694,0.041172338956928,0.0571439257166366,0.0476199206365212,0.0,0.138778105311832,0.0999899660382537,0.0571439257166366,0.0,0.138778105311832,0.0571439257166366,0.138778105311832,0.138778105311832,0.0714299464323527,0.1734727270499989,0.549999174998487
Ulcerative Colitis,0.0476199206365212,0.115648378688694,0.549999174998487,1.0,0.453010235567401,0.212831890191799,0.0322586368373393,0.0476199206365212,0.093408272931481,0.453010235567401,0.0613432731147329,0.0384622300306098,0.148976520421494,0.115768709113422,0.093408272931481,0.0322586368373393,0.7085007524967339,0.0476199206365212,0.0613432731147329,0.115768709113422,0.093408272931481,0.093408272931481,0.8333330277772181,0.078342403747824,0.171902619932726,0.0280132767810044,0.0476199206365212,0.0746915486002605,0.368184127562069,0.171902619932726,0.078342403747824,0.453010235567401,0.0680322436110106,0.115648378688694,0.093408272931481,0.0613432731147329,0.0823790970344355,0.115648378688694,0.1252021962253049,0.093408272931481,0.093408272931481,0.0680322436110106,0.115648378688694,0.148976520421494,0.115648378688694,0.0823790970344355,0.212831890191799,0.0476199206365212,0.0613432731147329,0.148976520421494,0.078342403747824,0.093408272931481,0.0384622300306098,0.115648378688694,0.078342403747824,0.274166873716867,0.115648378688694,0.0680322436110106,0.093408272931481,0.115648378688694,0.115648378688694,0.115648378688694,0.115648378688694,0.115648378688694,0.0680322436110106,0.148976520421494,0.093408272931481,0.0613432731147329,0.0280132767810044,0.0384622300306098,0.078342403747824,0.274166873716867,0.274166873716867,0.115648378688694,0.274166873716867,0.078342403747824,0.0613432731147329,0.115648378688694,0.368184127562069,0.023062117726601,0.0613432731147329,0.368184127562069,0.093408272931481,0.0823790970344355,0.078342403747824,0.093408272931481,0.115648378688694,0.093408272931481,0.212831890191799,0.0322586368373393,0.274166873716867,0.212831890191799,0.549999174998487,0.0322586368373393,0.0613432731147329,0.148976520421494,0.0384622300306098,0.115648378688694,0.115648378688694,0.148976520421494,0.351665478053376,0.368184127562069,0.351665478053376,0.275363104390711,0.093408272931481,0.115768709113422,0.093408272931481,0.212831890191799,0.1252021962253049,0.0476199206365212,0.078342403747824,0.093408272931481,0.2811525792754519,0.6730764389785729,0.0613432731147329,0.078342403747824,0.0613432731147329,0.171902619932726,0.115648378688694,0.148976520421494,0.212831890191799,0.115648378688694,0.0476199206365212,0.212831890191799,0.0476199206365212,0.093408272931481,0.148976520421494,0.0322586368373393,0.148976520421494,0.0322586368373393,0.115768709113422,0.0,0.0,0.171902619932726,0.115768709113422,0.115648378688694,0.0613432731147329,0.368184127562069,0.171902619932726,0.093408272931481,0.148976520421494,0.212831890191799,0.0823790970344355,0.351665478053376,0.0,0.0613432731147329,0.212831890191799,0.093408272931481,0.0,0.148976520421494,0.093408272931481,0.0476199206365212,0.0823790970344355,0.148976520421494,0.115648378688694,0.148976520421494,0.0823790970344355,0.093408272931481,0.0613432731147329,0.093408272931481,0.093408272931481,0.093408272931481,0.368184127562069,0.115768709113422,0.093408272931481,0.0476199206365212,0.0613432731147329,0.093408272931481,0.115648378688694,0.171902619932726,0.0613432731147329,0.078342403747824,0.351665478053376,0.093408272931481,0.115648378688694,0.0613432731147329,0.0,0.0322586368373393,0.093408272931481,0.148976520421494,0.115648378688694,0.078342403747824,0.115648378688694,0.115648378688694,0.0680322436110106,0.115648378688694,0.0609274353162256,0.0384622300306098,0.093408272931481,0.093408272931481,0.0613432731147329,0.0250877674831517,0.0280132767810044,0.200063521369343,0.284037401363075,0.274166873716867,0.148976520421494,0.148976520421494,0.148976520421494,0.0,0.148976520421494,0.0,0.093408272931481,0.0322586368373393,0.0476199206365212,0.0384622300306098,0.0,0.115648378688694,0.078342403747824,0.0476199206365212,0.0,0.115648378688694,0.0476199206365212,0.115648378688694,0.115648378688694,0.0613432731147329,0.148976520421494,0.6730764389785729
Irritable Bowel Syndrome,0.0714299464323527,0.1734727270499989,0.527498700621427,0.453010235567401,1.0,0.3192481279323519,0.0545213728963117,0.0714299464323527,0.148976520421494,0.639392737369731,0.0865818037575277,0.0613432731147329,0.21027009483971,0.147105639620399,0.148976520421494,0.0545213728963117,0.639392737369731,0.0714299464323527,0.0865818037575277,0.147105639620399,0.148976520421494,0.148976520421494,0.527498700621427,0.1324090484624709,0.274166873716867,0.0498579928542293,0.0714299464323527,0.117967217290509,0.491151693334087,0.274166873716867,0.1324090484624709,0.639392737369731,0.1210836969317,0.1734727270499989,0.148976520421494,0.0865818037575277,0.1098923880062569,0.1734727270499989,0.222834702756658,0.148976520421494,0.148976520421494,0.1210836969317,0.1734727270499989,0.21027009483971,0.1734727270499989,0.1098923880062569,0.3192481279323519,0.0714299464323527,0.0865818037575277,0.21027009483971,0.1324090484624709,0.148976520421494,0.0613432731147329,0.1734727270499989,0.1324090484624709,0.386967653528542,0.1734727270499989,0.1210836969317,0.148976520421494,0.1734727270499989,0.1734727270499989,0.1734727270499989,0.1734727270499989,0.1734727270499989,0.1210836969317,0.21027009483971,0.148976520421494,0.0865818037575277,0.0498579928542293,0.0613432731147329,0.1324090484624709,0.386967653528542,0.386967653528542,0.1734727270499989,0.386967653528542,0.1324090484624709,0.0865818037575277,0.1734727270499989,0.491151693334087,0.0444245555713213,0.0865818037575277,0.491151693334087,0.148976520421494,0.1098923880062569,0.1324090484624709,0.148976520421494,0.1734727270499989,0.148976520421494,0.3192481279323519,0.0545213728963117,0.386967653528542,0.3192481279323519,0.527498700621427,0.0545213728963117,0.0865818037575277,0.21027009483971,0.0613432731147329,0.1734727270499989,0.1734727270499989,0.21027009483971,0.527498700621427,0.491151693334087,0.527498700621427,0.32866873393231,0.148976520421494,0.147105639620399,0.148976520421494,0.3192481279323519,0.222834702756658,0.0714299464323527,0.1324090484624709,0.148976520421494,0.357256553363825,0.453010235567401,0.0865818037575277,0.1324090484624709,0.0865818037575277,0.274166873716867,0.1734727270499989,0.21027009483971,0.3192481279323519,0.1734727270499989,0.0714299464323527,0.3192481279323519,0.0714299464323527,0.148976520421494,0.21027009483971,0.0545213728963117,0.21027009483971,0.0545213728963117,0.147105639620399,0.0,0.0,0.274166873716867,0.147105639620399,0.1734727270499989,0.0865818037575277,0.491151693334087,0.274166873716867,0.148976520421494,0.21027009483971,0.3192481279323519,0.1098923880062569,0.527498700621427,0.0,0.0865818037575277,0.3192481279323519,0.148976520421494,0.0,0.21027009483971,0.148976520421494,0.0714299464323527,0.1098923880062569,0.21027009483971,0.1734727270499989,0.21027009483971,0.1098923880062569,0.148976520421494,0.0865818037575277,0.148976520421494,0.148976520421494,0.148976520421494,0.491151693334087,0.147105639620399,0.148976520421494,0.0714299464323527,0.0865818037575277,0.148976520421494,0.1734727270499989,0.274166873716867,0.0865818037575277,0.1324090484624709,0.527498700621427,0.148976520421494,0.1734727270499989,0.0865818037575277,0.0,0.0545213728963117,0.148976520421494,0.21027009483971,0.1734727270499989,0.1324090484624709,0.1734727270499989,0.1734727270499989,0.1210836969317,0.1734727270499989,0.113285175146291,0.0613432731147329,0.148976520421494,0.148976520421494,0.0865818037575277,0.0466468368249435,0.0498579928542293,0.266881513729481,0.453010235567401,0.386967653528542,0.21027009483971,0.21027009483971,0.21027009483971,0.0,0.21027009483971,0.0,0.148976520421494,0.0545213728963117,0.0714299464323527,0.0613432731147329,0.0,0.1734727270499989,0.1324090484624709,0.0714299464323527,0.0,0.1734727270499989,0.0714299464323527,0.1734727270499989,0.1734727270499989,0.0865818037575277,0.21027009483971,0.453010235567401
Cirrhosis,0.0571439257166366,0.138778105311832,0.255398361876396,0.212831890191799,0.3192481279323519,1.0,0.041172338956928,0.0571439257166366,0.115648378688694,0.3192481279323519,0.0714299464323527,0.0476199206365212,0.1734727270499989,0.128249502550101,0.115648378688694,0.041172338956928,0.3192481279323519,0.0571439257166366,0.0714299464323527,0.128249502550101,0.115648378688694,0.115648378688694,0.255398361876396,0.0999899660382537,0.212831890191799,0.0367619429090039,0.0571439257166366,0.0921133696066727,0.4172632563475379,0.212831890191799,0.0999899660382537,0.3192481279323519,0.0892790042075809,0.138778105311832,0.115648378688694,0.0714299464323527,0.0933602719681705,0.138778105311832,0.271481053610807,0.115648378688694,0.115648378688694,0.0892790042075809,0.138778105311832,0.1734727270499989,0.138778105311832,0.0933602719681705,0.255398361876396,0.0571439257166366,0.0714299464323527,0.1734727270499989,0.0999899660382537,0.115648378688694,0.0476199206365212,0.138778105311832,0.0999899660382537,0.3192481279323519,0.138778105311832,0.0892790042075809,0.115648378688694,0.138778105311832,0.138778105311832,0.138778105311832,0.138778105311832,0.138778105311832,0.0892790042075809,0.1734727270499989,0.115648378688694,0.0714299464323527,0.0367619429090039,0.0476199206365212,0.0999899660382537,0.3192481279323519,0.3192481279323519,0.138778105311832,0.3192481279323519,0.0999899660382537,0.0714299464323527,0.138778105311832,0.4172632563475379,0.0316202950567523,0.0714299464323527,0.4172632563475379,0.115648378688694,0.0933602719681705,0.0999899660382537,0.115648378688694,0.138778105311832,0.115648378688694,0.255398361876396,0.041172338956928,0.3192481279323519,0.255398361876396,0.255398361876396,0.041172338956928,0.0714299464323527,0.1734727270499989,0.0476199206365212,0.138778105311832,0.138778105311832,0.1734727270499989,0.255398361876396,0.4172632563475379,0.255398361876396,0.296376456737466,0.115648378688694,0.128249502550101,0.115648378688694,0.255398361876396,0.271481053610807,0.0571439257166366,0.0999899660382537,0.115648378688694,0.311463077621673,0.212831890191799,0.0714299464323527,0.0999899660382537,0.0714299464323527,0.212831890191799,0.138778105311832,0.1734727270499989,0.255398361876396,0.138778105311832,0.0571439257166366,0.255398361876396,0.0571439257166366,0.115648378688694,0.1734727270499989,0.041172338956928,0.1734727270499989,0.041172338956928,0.128249502550101,0.0,0.0,0.8333330277772181,0.128249502550101,0.138778105311832,0.0714299464323527,0.4172632563475379,0.8333330277772181,0.115648378688694,0.1734727270499989,1.0,0.0933602719681705,0.255398361876396,0.0,0.0714299464323527,0.255398361876396,0.115648378688694,0.0,0.1734727270499989,0.115648378688694,0.0571439257166366,0.0933602719681705,0.1734727270499989,0.138778105311832,0.1734727270499989,0.0933602719681705,0.115648378688694,0.0714299464323527,0.115648378688694,0.115648378688694,0.115648378688694,0.4172632563475379,0.128249502550101,0.115648378688694,0.0571439257166366,0.0714299464323527,0.115648378688694,0.138778105311832,0.549999174998487,0.0714299464323527,0.0999899660382537,0.255398361876396,0.115648378688694,0.138778105311832,0.0714299464323527,0.0,0.041172338956928,0.115648378688694,0.1734727270499989,0.138778105311832,0.0999899660382537,0.138778105311832,0.138778105311832,0.0892790042075809,0.138778105311832,0.0819002213950383,0.0476199206365212,0.115648378688694,0.115648378688694,0.0714299464323527,0.0337236205744276,0.0367619429090039,0.226732089065557,0.212831890191799,0.3192481279323519,0.1734727270499989,0.1734727270499989,0.1734727270499989,0.0,0.1734727270499989,0.0,0.115648378688694,0.041172338956928,0.0571439257166366,0.0476199206365212,0.0,0.138778105311832,0.0999899660382537,0.0571439257166366,0.0,0.138778105311832,0.0571439257166366,0.138778105311832,0.138778105311832,0.0714299464323527,0.1734727270499989,0.212831890191799
Type 2 Diabetes,0.041172338956928,0.041172338956928,0.041172338956928,0.0322586368373393,0.0545213728963117,0.041172338956928,1.0,0.0999899660382537,0.0322586368373393,0.0545213728963117,0.0545213728963117,0.0322586368373393,0.0545213728963117,0.107359912685637,0.0322586368373393,0.0262176875118606,0.0545213728963117,0.041172338956928,0.0545213728963117,0.107359912685637,0.0322586368373393,0.0322586368373393,0.041172338956928,0.0262176875118606,0.0322586368373393,0.5741321300587039,0.041172338956928,0.0258636362537177,0.0749632197522059,0.0322586368373393,0.0262176875118606,0.0545213728963117,0.0220824020542819,0.041172338956928,0.0322586368373393,0.0545213728963117,0.0749632197522059,0.041172338956928,0.0220824020542819,0.0322586368373393,0.0322586368373393,0.0220824020542819,0.041172338956928,0.0545213728963117,0.041172338956928,0.0749632197522059,0.041172338956928,0.041172338956928,0.0545213728963117,0.0545213728963117,0.0262176875118606,0.0322586368373393,0.0322586368373393,0.041172338956928,0.0262176875118606,0.0545213728963117,0.041172338956928,0.0220824020542819,0.0322586368373393,0.041172338956928,0.041172338956928,0.041172338956928,0.041172338956928,0.041172338956928,0.0220824020542819,0.0545213728963117,0.0322586368373393,0.0545213728963117,0.0220824020542819,0.5645155881887141,0.0262176875118606,0.0545213728963117,0.0545213728963117,0.041172338956928,0.0545213728963117,0.0262176875118606,0.0545213728963117,0.041172338956928,0.0749632197522059,0.0172583557076123,0.0545213728963117,0.0749632197522059,0.0322586368373393,0.0749632197522059,0.0262176875118606,0.0322586368373393,0.041172338956928,0.0322586368373393,0.041172338956928,0.0262176875118606,0.0545213728963117,0.041172338956928,0.041172338956928,0.0262176875118606,0.0545213728963117,0.0545213728963117,0.0322586368373393,0.041172338956928,0.041172338956928,0.0545213728963117,0.041172338956928,0.0749632197522059,0.041172338956928,0.261364164595575,0.0322586368373393,0.107359912685637,0.0322586368373393,0.041172338956928,0.0220824020542819,0.041172338956928,0.0262176875118606,0.0322586368373393,0.107359912685637,0.0322586368373393,0.0545213728963117,0.0262176875118606,0.0545213728963117,0.0322586368373393,0.041172338956928,0.0545213728963117,0.041172338956928,0.041172338956928,0.041172338956928,0.041172338956928,0.041172338956928,0.0322586368373393,0.0545213728963117,0.117177011532601,0.0545213728963117,0.117177011532601,0.107359912685637,0.0,0.0,0.0322586368373393,0.107359912685637,0.041172338956928,0.0545213728963117,0.0749632197522059,0.0322586368373393,0.0322586368373393,0.0545213728963117,0.041172338956928,0.0749632197522059,0.041172338956928,0.0,0.0545213728963117,0.041172338956928,0.0322586368373393,0.0,0.0545213728963117,0.0322586368373393,0.041172338956928,0.0749632197522059,0.0545213728963117,0.041172338956928,0.0545213728963117,0.0749632197522059,0.0322586368373393,0.243677156414128,0.0322586368373393,0.0322586368373393,0.0322586368373393,0.0749632197522059,0.107359912685637,0.0322586368373393,0.47553108355459,0.0545213728963117,0.0322586368373393,0.041172338956928,0.0322586368373393,0.0545213728963117,0.0262176875118606,0.041172338956928,0.0322586368373393,0.041172338956928,0.243677156414128,0.0,0.0262176875118606,0.0322586368373393,0.0545213728963117,0.041172338956928,0.0262176875118606,0.041172338956928,0.041172338956928,0.0220824020542819,0.041172338956928,0.0192321645820291,0.0322586368373393,0.0322586368373393,0.0322586368373393,0.0545213728963117,0.0192321645820291,0.0220824020542819,0.0749632197522059,0.0322586368373393,0.0545213728963117,0.0545213728963117,0.0545213728963117,0.0545213728963117,0.0,0.0545213728963117,0.0,0.0322586368373393,0.458800951860886,0.041172338956928,0.0322586368373393,0.0,0.041172338956928,0.0262176875118606,0.041172338956928,0.0,0.041172338956928,0.041172338956928,0.041172338956928,0.041172338956928,0.243677156414128,0.0545213728963117,0.0322586368373393
Obesity,0.0571439257166366,0.0571439257166366,0.0571439257166366,0.0476199206365212,0.0714299464323527,0.0571439257166366,0.0999899660382537,1.0,0.0476199206365212,0.0714299464323527,0.0714299464323527,0.0476199206365212,0.0714299464323527,0.128249502550101,0.0476199206365212,0.041172338956928,0.0714299464323527,0.0571439257166366,0.0714299464323527,0.128249502550101,0.0476199206365212,0.0476199206365212,0.0571439257166366,0.041172338956928,0.0476199206365212,0.0892790042075809,0.0571439257166366,0.0379290345439241,0.0933602719681705,0.0476199206365212,0.041172338956928,0.0714299464323527,0.0367619429090039,0.0571439257166366,0.0476199206365212,0.0714299464323527,0.0933602719681705,0.0571439257166366,0.0367619429090039,0.0476199206365212,0.0476199206365212,0.0367619429090039,0.0571439257166366,0.0714299464323527,0.0571439257166366,0.0933602719681705,0.0571439257166366,0.0571439257166366,0.0714299464323527,0.0714299464323527,0.041172338956928,0.0476199206365212,0.0476199206365212,0.0571439257166366,0.041172338956928,0.0714299464323527,0.0571439257166366,0.0367619429090039,0.0476199206365212,0.0571439257166366,0.0571439257166366,0.0571439257166366,0.0571439257166366,0.0571439257166366,0.0367619429090039,0.0714299464323527,0.0476199206365212,0.0714299464323527,0.0367619429090039,0.115648378688694,0.041172338956928,0.0714299464323527,0.0714299464323527,0.0571439257166366,0.0714299464323527,0.041172338956928,0.0714299464323527,0.0571439257166366,0.0933602719681705,0.0316202950567523,0.0714299464323527,0.0933602719681705,0.0476199206365212,0.0933602719681705,0.041172338956928,0.0476199206365212,0.0571439257166366,0.0476199206365212,0.0571439257166366,0.041172338956928,0.0714299464323527,0.0571439257166366,0.0571439257166366,0.041172338956928,0.0714299464323527,0.0714299464323527,0.0476199206365212,0.0571439257166366,0.0571439257166366,0.0714299464323527,0.0571439257166366,0.0933602719681705,0.0571439257166366,0.296376456737466,0.0476199206365212,0.128249502550101,0.0476199206365212,0.0571439257166366,0.0367619429090039,0.0571439257166366,0.041172338956928,0.0476199206365212,0.128249502550101,0.0476199206365212,0.0714299464323527,0.041172338956928,0.0714299464323527,0.0476199206365212,0.0571439257166366,0.0714299464323527,0.0571439257166366,0.0571439257166366,0.0571439257166366,0.0571439257166366,0.0571439257166366,0.0476199206365212,0.0714299464323527,0.0999899660382537,0.0714299464323527,0.0999899660382537,0.128249502550101,0.0,0.0,0.0476199206365212,0.128249502550101,0.0571439257166366,0.0714299464323527,0.0933602719681705,0.0476199206365212,0.0476199206365212,0.0714299464323527,0.0571439257166366,0.0933602719681705,0.0571439257166366,0.0,0.0714299464323527,0.0571439257166366,0.0476199206365212,0.0,0.0714299464323527,0.0476199206365212,0.0571439257166366,0.0933602719681705,0.0714299464323527,0.0571439257166366,0.0714299464323527,0.0933602719681705,0.0476199206365212,0.1734727270499989,0.0476199206365212,0.0476199206365212,0.0476199206365212,0.0933602719681705,0.128249502550101,0.0476199206365212,0.138778105311832,0.0714299464323527,0.0476199206365212,0.0571439257166366,0.0476199206365212,0.0714299464323527,0.041172338956928,0.0571439257166366,0.0476199206365212,0.0571439257166366,0.1734727270499989,0.0,0.041172338956928,0.0476199206365212,0.0714299464323527,0.0571439257166366,0.041172338956928,0.0571439257166366,0.0571439257166366,0.0367619429090039,0.0571439257166366,0.0337236205744276,0.0476199206365212,0.0476199206365212,0.0476199206365212,0.0714299464323527,0.0337236205744276,0.0367619429090039,0.0933602719681705,0.0476199206365212,0.0714299464323527,0.0714299464323527,0.0714299464323527,0.0714299464323527,0.0,0.0714299464323527,0.0,0.0476199206365212,0.0999899660382537,0.0571439257166366,0.0476199206365212,0.0,0.0571439257166366,0.041172338956928,0.0571439257166366,0.0,0.0571439257166366,0.0571439257166366,0.0571439257166366,0.0571439257166366,0.1734727270499989,0.0714299464323527,0.0476199206365212
Pouchitis,0.0476199206365212,0.115648378688694,0.115648378688694,0.093408272931481,0.148976520421494,0.115648378688694,0.0322586368373393,0.0476199206365212,1.0,0.148976520421494,0.0613432731147329,0.0384622300306098,0.148976520421494,0.115768709113422,0.093408272931481,0.0322586368373393,0.148976520421494,0.0476199206365212,0.0613432731147329,0.115768709113422,0.093408272931481,0.093408272931481,0.115648378688694,0.078342403747824,0.093408272931481,0.0280132767810044,0.0476199206365212,0.0746915486002605,0.200063521369343,0.093408272931481,0.078342403747824,0.148976520421494,0.0680322436110106,0.115648378688694,0.444229946263574,0.0613432731147329,0.0823790970344355,0.212831890191799,0.0680322436110106,0.093408272931481,0.093408272931481,0.323546929785103,0.115648378688694,0.148976520421494,0.115648378688694,0.0823790970344355,0.115648378688694,0.0476199206365212,0.0613432731147329,0.148976520421494,0.078342403747824,0.093408272931481,0.0384622300306098,0.115648378688694,0.3725798659459621,0.148976520421494,0.115648378688694,0.0680322436110106,0.093408272931481,0.115648378688694,0.115648378688694,0.115648378688694,0.115648378688694,0.115648378688694,0.323546929785103,0.148976520421494,0.093408272931481,0.0613432731147329,0.0280132767810044,0.0384622300306098,0.078342403747824,0.148976520421494,0.148976520421494,0.115648378688694,0.148976520421494,0.078342403747824,0.0613432731147329,0.115648378688694,0.200063521369343,0.023062117726601,0.0613432731147329,0.200063521369343,0.093408272931481,0.0823790970344355,0.078342403747824,0.444229946263574,0.115648378688694,0.093408272931481,0.115648378688694,0.0322586368373393,0.148976520421494,0.115648378688694,0.115648378688694,0.0322586368373393,0.0613432731147329,0.148976520421494,0.0384622300306098,0.115648378688694,0.115648378688694,0.148976520421494,0.115648378688694,0.200063521369343,0.115648378688694,0.275363104390711,0.093408272931481,0.115768709113422,0.093408272931481,0.115648378688694,0.0680322436110106,0.0476199206365212,0.3725798659459621,0.093408272931481,0.2811525792754519,0.093408272931481,0.0613432731147329,0.078342403747824,0.0613432731147329,0.093408272931481,0.115648378688694,0.148976520421494,0.115648378688694,0.115648378688694,0.0476199206365212,0.115648378688694,0.0476199206365212,0.093408272931481,0.148976520421494,0.0322586368373393,0.148976520421494,0.0322586368373393,0.115768709113422,0.0,0.0,0.093408272931481,0.115768709113422,0.115648378688694,0.0613432731147329,0.200063521369343,0.093408272931481,0.093408272931481,0.148976520421494,0.115648378688694,0.0823790970344355,0.115648378688694,0.0,0.0613432731147329,0.115648378688694,0.093408272931481,0.0,0.148976520421494,0.093408272931481,0.0476199206365212,0.0823790970344355,0.148976520421494,0.115648378688694,0.148976520421494,0.0823790970344355,0.093408272931481,0.0613432731147329,0.093408272931481,0.093408272931481,0.093408272931481,0.200063521369343,0.115768709113422,0.093408272931481,0.0476199206365212,0.0613432731147329,0.444229946263574,0.115648378688694,0.093408272931481,0.0613432731147329,0.078342403747824,0.115648378688694,0.093408272931481,0.115648378688694,0.0613432731147329,0.0,0.0322586368373393,0.093408272931481,0.148976520421494,0.115648378688694,0.3725798659459621,0.115648378688694,0.115648378688694,0.0680322436110106,0.115648378688694,0.0609274353162256,0.0384622300306098,0.093408272931481,0.093408272931481,0.0613432731147329,0.0250877674831517,0.0280132767810044,0.200063521369343,0.093408272931481,0.148976520421494,0.148976520421494,0.148976520421494,0.148976520421494,0.0,0.148976520421494,0.0,0.093408272931481,0.0322586368373393,0.0476199206365212,0.0384622300306098,0.0,0.115648378688694,0.3725798659459621,0.0476199206365212,0.0,0.115648378688694,0.0476199206365212,0.115648378688694,0.115648378688694,0.0613432731147329,0.148976520421494,0.093408272931481
Short Bowel Syndrome,0.0714299464323527,0.1734727270499989,0.527498700621427,0.453010235567401,0.639392737369731,0.3192481279323519,0.0545213728963117,0.0714299464323527,0.148976520421494,1.0,0.0865818037575277,0.0613432731147329,0.21027009483971,0.147105639620399,0.148976520421494,0.0545213728963117,0.639392737369731,0.0714299464323527,0.0865818037575277,0.147105639620399,0.148976520421494,0.148976520421494,0.527498700621427,0.1324090484624709,0.274166873716867,0.0498579928542293,0.0714299464323527,0.117967217290509,0.491151693334087,0.274166873716867,0.1324090484624709,0.639392737369731,0.1210836969317,0.1734727270499989,0.148976520421494,0.0865818037575277,0.1098923880062569,0.1734727270499989,0.222834702756658,0.148976520421494,0.148976520421494,0.1210836969317,0.1734727270499989,0.21027009483971,0.1734727270499989,0.1098923880062569,0.3192481279323519,0.0714299464323527,0.0865818037575277,0.21027009483971,0.1324090484624709,0.148976520421494,0.0613432731147329,0.1734727270499989,0.1324090484624709,0.386967653528542,0.1734727270499989,0.1210836969317,0.148976520421494,0.1734727270499989,0.1734727270499989,0.1734727270499989,0.1734727270499989,0.1734727270499989,0.1210836969317,0.21027009483971,0.148976520421494,0.0865818037575277,0.0498579928542293,0.0613432731147329,0.1324090484624709,0.386967653528542,0.386967653528542,0.1734727270499989,0.386967653528542,0.1324090484624709,0.0865818037575277,0.1734727270499989,0.491151693334087,0.0444245555713213,0.0865818037575277,0.491151693334087,0.148976520421494,0.1098923880062569,0.1324090484624709,0.148976520421494,0.1734727270499989,0.148976520421494,0.3192481279323519,0.0545213728963117,0.386967653528542,0.3192481279323519,0.527498700621427,0.0545213728963117,0.0865818037575277,0.21027009483971,0.0613432731147329,0.1734727270499989,0.1734727270499989,0.21027009483971,0.527498700621427,0.491151693334087,0.527498700621427,0.32866873393231,0.148976520421494,0.147105639620399,0.148976520421494,0.3192481279323519,0.222834702756658,0.0714299464323527,0.1324090484624709,0.148976520421494,0.357256553363825,0.453010235567401,0.0865818037575277,0.1324090484624709,0.0865818037575277,0.274166873716867,0.1734727270499989,0.21027009483971,0.3192481279323519,0.1734727270499989,0.0714299464323527,0.3192481279323519,0.0714299464323527,0.148976520421494,0.21027009483971,0.0545213728963117,0.21027009483971,0.0545213728963117,0.147105639620399,0.0,0.0,0.274166873716867,0.147105639620399,0.1734727270499989,0.0865818037575277,0.491151693334087,0.274166873716867,0.148976520421494,0.21027009483971,0.3192481279323519,0.1098923880062569,0.527498700621427,0.0,0.0865818037575277,0.3192481279323519,0.148976520421494,0.0,0.21027009483971,0.148976520421494,0.0714299464323527,0.1098923880062569,0.21027009483971,0.1734727270499989,0.21027009483971,0.1098923880062569,0.148976520421494,0.0865818037575277,0.148976520421494,0.148976520421494,0.148976520421494,0.491151693334087,0.147105639620399,0.148976520421494,0.0714299464323527,0.0865818037575277,0.148976520421494,0.1734727270499989,0.274166873716867,0.0865818037575277,0.1324090484624709,0.527498700621427,0.148976520421494,0.1734727270499989,0.0865818037575277,0.0,0.0545213728963117,0.148976520421494,0.21027009483971,0.1734727270499989,0.1324090484624709,0.1734727270499989,0.1734727270499989,0.1210836969317,0.1734727270499989,0.113285175146291,0.0613432731147329,0.148976520421494,0.148976520421494,0.0865818037575277,0.0466468368249435,0.0498579928542293,0.266881513729481,0.453010235567401,0.386967653528542,0.21027009483971,0.21027009483971,0.21027009483971,0.0,0.21027009483971,0.0,0.148976520421494,0.0545213728963117,0.0714299464323527,0.0613432731147329,0.0,0.1734727270499989,0.1324090484624709,0.0714299464323527,0.0,0.1734727270499989,0.0714299464323527,0.1734727270499989,0.1734727270499989,0.0865818037575277,0.21027009483971,0.453010235567401
Acquired Immunodeficiency Syndrome,0.0714299464323527,0.0714299464323527,0.0714299464323527,0.0613432731147329,0.0865818037575277,0.0714299464323527,0.0545213728963117,0.0714299464323527,0.0613432731147329,0.0865818037575277,1.0,0.0613432731147329,0.0865818037575277,0.147105639620399,0.0613432731147329,0.0545213728963117,0.0865818037575277,0.0714299464323527,0.0865818037575277,0.147105639620399,0.0613432731147329,0.0613432731147329,0.0714299464323527,0.0545213728963117,0.0613432731147329,0.0498579928542293,0.0714299464323527,0.0485747365313862,0.1098923880062569,0.0613432731147329,0.0545213728963117,0.0865818037575277,0.0498579928542293,0.0714299464323527,0.0613432731147329,0.386967653528542,0.81153766419781,0.0714299464323527,0.0498579928542293,0.0613432731147329,0.0613432731147329,0.0498579928542293,0.0714299464323527,0.0865818037575277,0.0714299464323527,0.491151693334087,0.0714299464323527,0.0714299464323527,0.21027009483971,0.0865818037575277,0.0545213728963117,0.0613432731147329,0.0613432731147329,0.0714299464323527,0.0545213728963117,0.0865818037575277,0.0714299464323527,0.0498579928542293,0.0613432731147329,0.0714299464323527,0.0714299464323527,0.0714299464323527,0.0714299464323527,0.0714299464323527,0.0498579928542293,0.0865818037575277,0.0613432731147329,0.21027009483971,0.0498579928542293,0.0613432731147329,0.0545213728963117,0.0865818037575277,0.0865818037575277,0.0714299464323527,0.0865818037575277,0.0545213728963117,0.0865818037575277,0.0714299464323527,0.1098923880062569,0.0444245555713213,0.21027009483971,0.1098923880062569,0.0613432731147329,0.1098923880062569,0.0545213728963117,0.0613432731147329,0.0714299464323527,0.0613432731147329,0.0714299464323527,0.0545213728963117,0.0865818037575277,0.0714299464323527,0.0714299464323527,0.0545213728963117,0.386967653528542,0.0865818037575277,0.0613432731147329,0.0714299464323527,0.0714299464323527,0.0865818037575277,0.0714299464323527,0.1098923880062569,0.0714299464323527,0.32866873393231,0.0613432731147329,0.147105639620399,0.0613432731147329,0.0714299464323527,0.0498579928542293,0.0714299464323527,0.0545213728963117,0.0613432731147329,0.147105639620399,0.0613432731147329,0.21027009483971,0.0545213728963117,0.0865818037575277,0.0613432731147329,0.0714299464323527,0.0865818037575277,0.0714299464323527,0.0714299464323527,0.1734727270499989,0.0714299464323527,0.0714299464323527,0.0613432731147329,0.0865818037575277,0.0545213728963117,0.0865818037575277,0.0545213728963117,0.147105639620399,0.0,0.0,0.0613432731147329,0.147105639620399,0.0714299464323527,0.0865818037575277,0.1098923880062569,0.0613432731147329,0.0613432731147329,0.0865818037575277,0.0714299464323527,0.491151693334087,0.0714299464323527,0.0,0.0865818037575277,0.0714299464323527,0.0613432731147329,0.0,0.0865818037575277,0.0613432731147329,0.1734727270499989,0.81153766419781,0.0865818037575277,0.0714299464323527,0.0865818037575277,0.1098923880062569,0.0613432731147329,0.0865818037575277,0.0613432731147329,0.0613432731147329,0.0613432731147329,0.1098923880062569,0.147105639620399,0.0613432731147329,0.0714299464323527,0.21027009483971,0.0613432731147329,0.0714299464323527,0.0613432731147329,0.0865818037575277,0.0545213728963117,0.0714299464323527,0.0613432731147329,0.0714299464323527,0.0865818037575277,0.0,0.0545213728963117,0.0613432731147329,0.0865818037575277,0.0714299464323527,0.0545213728963117,0.0714299464323527,0.0714299464323527,0.0498579928542293,0.0714299464323527,0.0466468368249435,0.0613432731147329,0.0613432731147329,0.0613432731147329,0.0865818037575277,0.0466468368249435,0.0498579928542293,0.1098923880062569,0.0613432731147329,0.0865818037575277,0.0865818037575277,0.0865818037575277,0.0865818037575277,0.0,0.0865818037575277,0.0,0.0613432731147329,0.0545213728963117,0.0714299464323527,0.0613432731147329,0.0,0.0714299464323527,0.0545213728963117,0.0714299464323527,0.0,0.0714299464323527,0.0714299464323527,0.0714299464323527,0.0714299464323527,0.0865818037575277,0.0865818037575277,0.0613432731147329
Laryngeal carcinoma,0.0476199206365212,0.0476199206365212,0.0476199206365212,0.0384622300306098,0.0613432731147329,0.0476199206365212,0.0322586368373393,0.0476199206365212,0.0384622300306098,0.0613432731147329,0.0613432731147329,1.0,0.0613432731147329,0.115768709113422,0.0384622300306098,0.238224860376036,0.0613432731147329,0.0476199206365212,0.0613432731147329,0.115768709113422,0.0384622300306098,0.0384622300306098,0.0476199206365212,0.0322586368373393,0.0384622300306098,0.0280132767810044,0.351665478053376,0.0307553435412837,0.0823790970344355,0.0384622300306098,0.0322586368373393,0.0613432731147329,0.0280132767810044,0.0476199206365212,0.0384622300306098,0.0613432731147329,0.0823790970344355,0.0476199206365212,0.0280132767810044,0.0384622300306098,0.0384622300306098,0.0280132767810044,0.0476199206365212,0.0613432731147329,0.0476199206365212,0.0823790970344355,0.0476199206365212,0.351665478053376,0.0613432731147329,0.0613432731147329,0.0322586368373393,0.0384622300306098,0.284037401363075,0.0476199206365212,0.0322586368373393,0.0613432731147329,0.0476199206365212,0.0280132767810044,0.0384622300306098,0.0476199206365212,0.0476199206365212,0.0476199206365212,0.0476199206365212,0.0476199206365212,0.0280132767810044,0.0613432731147329,0.0384622300306098,0.0613432731147329,0.206873557102869,0.0384622300306098,0.0322586368373393,0.0613432731147329,0.0613432731147329,0.0476199206365212,0.0613432731147329,0.0322586368373393,0.453010235567401,0.0476199206365212,0.0823790970344355,0.170310041403733,0.0613432731147329,0.0823790970344355,0.0384622300306098,0.0823790970344355,0.0322586368373393,0.0384622300306098,0.0476199206365212,0.0384622300306098,0.0476199206365212,0.078342403747824,0.0613432731147329,0.0476199206365212,0.0476199206365212,0.238224860376036,0.0613432731147329,0.0613432731147329,0.093408272931481,0.0476199206365212,0.0476199206365212,0.0613432731147329,0.0476199206365212,0.0823790970344355,0.0476199206365212,0.275363104390711,0.0384622300306098,0.115768709113422,0.0384622300306098,0.0476199206365212,0.0280132767810044,0.351665478053376,0.0322586368373393,0.0384622300306098,0.115768709113422,0.0384622300306098,0.0613432731147329,0.0322586368373393,0.0613432731147329,0.0384622300306098,0.0476199206365212,0.0613432731147329,0.0476199206365212,0.0476199206365212,0.0476199206365212,0.0476199206365212,0.0476199206365212,0.0384622300306098,0.0613432731147329,0.0322586368373393,0.0613432731147329,0.0322586368373393,0.115768709113422,0.0,0.0,0.0384622300306098,0.115768709113422,0.0476199206365212,0.0613432731147329,0.0823790970344355,0.0384622300306098,0.0384622300306098,0.0613432731147329,0.0476199206365212,0.0823790970344355,0.0476199206365212,0.0,0.0613432731147329,0.0476199206365212,0.0384622300306098,0.0,0.0613432731147329,0.0384622300306098,0.0476199206365212,0.0823790970344355,0.0613432731147329,0.0476199206365212,0.0613432731147329,0.0823790970344355,0.0384622300306098,0.0613432731147329,0.0384622300306098,0.0384622300306098,0.0384622300306098,0.0823790970344355,0.115768709113422,0.0384622300306098,0.0476199206365212,0.0613432731147329,0.0384622300306098,0.0476199206365212,0.0384622300306098,0.0613432731147329,0.0322586368373393,0.0476199206365212,0.0384622300306098,0.0476199206365212,0.0613432731147329,0.0,0.238224860376036,0.0384622300306098,0.0613432731147329,0.0476199206365212,0.0322586368373393,0.0476199206365212,0.0476199206365212,0.0280132767810044,0.0476199206365212,0.0250877674831517,0.284037401363075,0.0384622300306098,0.0384622300306098,0.0613432731147329,0.1852691400432169,0.206873557102869,0.0823790970344355,0.0384622300306098,0.0613432731147329,0.0613432731147329,0.0613432731147329,0.0613432731147329,0.0,0.0613432731147329,0.0,0.0384622300306098,0.0322586368373393,0.351665478053376,0.093408272931481,0.0,0.0476199206365212,0.0322586368373393,0.549999174998487,0.0,0.0476199206365212,0.351665478053376,0.0476199206365212,0.0476199206365212,0.0613432731147329,0.0613432731147329,0.0384622300306098
Psoriasis,0.0714299464323527,0.1734727270499989,0.1734727270499989,0.148976520421494,0.21027009483971,0.1734727270499989,0.0545213728963117,0.0714299464323527,0.148976520421494,0.21027009483971,0.0865818037575277,0.0613432731147329,1.0,0.147105639620399,0.148976520421494,0.0545213728963117,0.21027009483971,0.0714299464323527,0.0865818037575277,0.147105639620399,0.148976520421494,0.148976520421494,0.1734727270499989,0.1324090484624709,0.148976520421494,0.0498579928542293,0.0714299464323527,0.117967217290509,0.266881513729481,0.148976520421494,0.402631596345066,0.21027009483971,0.1210836969317,0.1734727270499989,0.148976520421494,0.0865818037575277,0.1098923880062569,0.1734727270499989,0.1210836969317,0.148976520421494,0.148976520421494,0.1210836969317,0.1734727270499989,0.21027009483971,0.1734727270499989,0.1098923880062569,0.1734727270499989,0.0714299464323527,0.0865818037575277,0.21027009483971,0.402631596345066,0.148976520421494,0.0613432731147329,0.1734727270499989,0.1324090484624709,0.21027009483971,0.527498700621427,0.1210836969317,0.148976520421494,0.527498700621427,0.1734727270499989,0.1734727270499989,0.1734727270499989,0.1734727270499989,0.1210836969317,0.21027009483971,0.148976520421494,0.0865818037575277,0.0498579928542293,0.0613432731147329,0.1324090484624709,0.21027009483971,0.21027009483971,0.1734727270499989,0.21027009483971,0.1324090484624709,0.0865818037575277,0.1734727270499989,0.266881513729481,0.0444245555713213,0.0865818037575277,0.266881513729481,0.148976520421494,0.1098923880062569,0.1324090484624709,0.148976520421494,0.1734727270499989,0.148976520421494,0.1734727270499989,0.0545213728963117,0.21027009483971,0.1734727270499989,0.1734727270499989,0.0545213728963117,0.0865818037575277,0.21027009483971,0.0613432731147329,0.1734727270499989,0.527498700621427,0.21027009483971,0.1734727270499989,0.266881513729481,0.1734727270499989,0.32866873393231,0.148976520421494,0.147105639620399,0.148976520421494,0.1734727270499989,0.1210836969317,0.0714299464323527,0.1324090484624709,0.148976520421494,0.357256553363825,0.148976520421494,0.0865818037575277,0.1324090484624709,0.0865818037575277,0.148976520421494,0.1734727270499989,0.21027009483971,0.1734727270499989,0.1734727270499989,0.0714299464323527,0.1734727270499989,0.0714299464323527,0.148976520421494,0.21027009483971,0.0545213728963117,0.21027009483971,0.0545213728963117,0.147105639620399,0.0,0.0,0.148976520421494,0.147105639620399,0.1734727270499989,0.0865818037575277,0.266881513729481,0.148976520421494,0.148976520421494,0.21027009483971,0.1734727270499989,0.1098923880062569,0.1734727270499989,0.0,0.0865818037575277,0.1734727270499989,0.148976520421494,0.0,0.21027009483971,0.148976520421494,0.0714299464323527,0.1098923880062569,0.21027009483971,0.1734727270499989,0.21027009483971,0.1098923880062569,0.148976520421494,0.0865818037575277,0.148976520421494,0.148976520421494,0.148976520421494,0.266881513729481,0.147105639620399,0.148976520421494,0.0714299464323527,0.0865818037575277,0.148976520421494,0.1734727270499989,0.148976520421494,0.0865818037575277,0.1324090484624709,0.1734727270499989,0.148976520421494,0.1734727270499989,0.0865818037575277,0.0,0.0545213728963117,0.148976520421494,0.21027009483971,0.1734727270499989,0.1324090484624709,0.1734727270499989,0.1734727270499989,0.1210836969317,0.1734727270499989,0.113285175146291,0.0613432731147329,0.148976520421494,0.148976520421494,0.0865818037575277,0.0466468368249435,0.0498579928542293,0.266881513729481,0.148976520421494,0.21027009483971,0.21027009483971,0.21027009483971,0.21027009483971,0.0,0.21027009483971,0.0,0.148976520421494,0.0545213728963117,0.0714299464323527,0.0613432731147329,0.0,0.1734727270499989,0.1324090484624709,0.0714299464323527,0.0,0.1734727270499989,0.0714299464323527,0.1734727270499989,0.1734727270499989,0.0865818037575277,0.639392737369731,0.148976520421494
Cystic Fibrosis,0.128249502550101,0.128249502550101,0.128249502550101,0.115768709113422,0.147105639620399,0.128249502550101,0.107359912685637,0.128249502550101,0.115768709113422,0.147105639620399,0.147105639620399,0.115768709113422,0.147105639620399,1.0,0.115768709113422,0.107359912685637,0.147105639620399,0.128249502550101,0.147105639620399,0.54337899543379,0.115768709113422,0.115768709113422,0.128249502550101,0.107359912685637,0.115768709113422,0.1016266783579799,0.128249502550101,0.0895997076890433,0.1763709506669489,0.115768709113422,0.107359912685637,0.147105639620399,0.1016266783579799,0.128249502550101,0.115768709113422,0.147105639620399,0.1763709506669489,0.128249502550101,0.1016266783579799,0.115768709113422,0.115768709113422,0.1016266783579799,0.128249502550101,0.147105639620399,0.128249502550101,0.1763709506669489,0.128249502550101,0.128249502550101,0.147105639620399,0.147105639620399,0.107359912685637,0.115768709113422,0.115768709113422,0.128249502550101,0.107359912685637,0.147105639620399,0.128249502550101,0.1016266783579799,0.115768709113422,0.128249502550101,0.128249502550101,0.128249502550101,0.128249502550101,0.128249502550101,0.1016266783579799,0.147105639620399,0.115768709113422,0.147105639620399,0.1016266783579799,0.115768709113422,0.107359912685637,0.147105639620399,0.147105639620399,0.128249502550101,0.147105639620399,0.107359912685637,0.147105639620399,0.128249502550101,0.1763709506669489,0.0949619587666687,0.147105639620399,0.1763709506669489,0.115768709113422,0.1763709506669489,0.107359912685637,0.115768709113422,0.128249502550101,0.115768709113422,0.128249502550101,0.107359912685637,0.147105639620399,0.128249502550101,0.128249502550101,0.107359912685637,0.147105639620399,0.147105639620399,0.115768709113422,0.128249502550101,0.128249502550101,0.147105639620399,0.128249502550101,0.1763709506669489,0.128249502550101,0.4670846394984329,0.115768709113422,1.0,0.115768709113422,0.128249502550101,0.1016266783579799,0.128249502550101,0.107359912685637,0.115768709113422,0.223744292237443,0.115768709113422,0.147105639620399,0.107359912685637,0.147105639620399,0.115768709113422,0.128249502550101,0.147105639620399,0.128249502550101,0.128249502550101,0.128249502550101,0.128249502550101,0.128249502550101,0.115768709113422,0.147105639620399,0.107359912685637,0.147105639620399,0.107359912685637,0.54337899543379,0.0,0.0,0.115768709113422,1.0,0.128249502550101,0.147105639620399,0.1763709506669489,0.115768709113422,0.115768709113422,0.147105639620399,0.128249502550101,0.1763709506669489,0.128249502550101,0.0,0.147105639620399,0.128249502550101,0.115768709113422,0.0,0.147105639620399,0.115768709113422,0.128249502550101,0.1763709506669489,0.147105639620399,0.128249502550101,0.147105639620399,0.1763709506669489,0.115768709113422,0.147105639620399,0.115768709113422,0.115768709113422,0.115768709113422,0.1763709506669489,0.54337899543379,0.115768709113422,0.128249502550101,0.147105639620399,0.115768709113422,0.128249502550101,0.115768709113422,0.147105639620399,0.107359912685637,0.128249502550101,0.115768709113422,0.128249502550101,0.147105639620399,0.0,0.107359912685637,0.115768709113422,0.147105639620399,0.128249502550101,0.107359912685637,0.128249502550101,0.128249502550101,0.1016266783579799,0.128249502550101,0.0976858574475728,0.115768709113422,0.115768709113422,0.115768709113422,0.147105639620399,0.0976858574475728,0.1016266783579799,0.1763709506669489,0.115768709113422,0.147105639620399,0.147105639620399,0.147105639620399,0.147105639620399,0.0,0.147105639620399,0.0,0.115768709113422,0.107359912685637,0.128249502550101,0.115768709113422,0.0,0.128249502550101,0.107359912685637,0.128249502550101,0.0,0.128249502550101,0.128249502550101,0.128249502550101,0.128249502550101,0.147105639620399,0.147105639620399,0.115768709113422
Chronic Obstructive Pulmonary Disease,0.0476199206365212,0.115648378688694,0.115648378688694,0.093408272931481,0.148976520421494,0.115648378688694,0.0322586368373393,0.0476199206365212,0.093408272931481,0.148976520421494,0.0613432731147329,0.0384622300306098,0.148976520421494,0.115768709113422,1.0,0.0322586368373393,0.148976520421494,0.0476199206365212,0.0613432731147329,0.115768709113422,0.093408272931481,0.093408272931481,0.115648378688694,0.078342403747824,0.093408272931481,0.0280132767810044,0.0476199206365212,0.0746915486002605,0.200063521369343,0.093408272931481,0.078342403747824,0.148976520421494,0.0680322436110106,0.115648378688694,0.093408272931481,0.0613432731147329,0.0823790970344355,0.115648378688694,0.0680322436110106,0.093408272931481,0.093408272931481,0.0680322436110106,0.115648378688694,0.148976520421494,0.115648378688694,0.0823790970344355,0.115648378688694,0.0476199206365212,0.0613432731147329,0.274166873716867,0.078342403747824,0.093408272931481,0.0384622300306098,0.351665478053376,0.078342403747824,0.148976520421494,0.115648378688694,0.1252021962253049,0.093408272931481,0.115648378688694,0.115648378688694,0.115648378688694,0.115648378688694,0.115648378688694,0.0680322436110106,0.148976520421494,0.093408272931481,0.0613432731147329,0.0280132767810044,0.0384622300306098,0.078342403747824,0.148976520421494,0.148976520421494,0.549999174998487,0.148976520421494,0.3725798659459621,0.0613432731147329,0.115648378688694,0.200063521369343,0.023062117726601,0.0613432731147329,0.200063521369343,0.444229946263574,0.0823790970344355,0.078342403747824,0.093408272931481,0.115648378688694,0.093408272931481,0.115648378688694,0.0322586368373393,0.148976520421494,0.115648378688694,0.115648378688694,0.0322586368373393,0.0613432731147329,0.148976520421494,0.0384622300306098,0.115648378688694,0.115648378688694,0.148976520421494,0.115648378688694,0.200063521369343,0.115648378688694,0.275363104390711,0.284037401363075,0.115768709113422,0.093408272931481,0.115648378688694,0.0680322436110106,0.0476199206365212,0.078342403747824,1.0,0.2811525792754519,0.093408272931481,0.0613432731147329,0.3725798659459621,0.0613432731147329,0.093408272931481,0.115648378688694,0.148976520421494,0.115648378688694,0.115648378688694,0.0476199206365212,0.115648378688694,0.0476199206365212,0.093408272931481,0.274166873716867,0.0322586368373393,0.148976520421494,0.0322586368373393,0.115768709113422,0.0,0.0,0.093408272931481,0.115768709113422,0.115648378688694,0.0613432731147329,0.200063521369343,0.093408272931481,0.093408272931481,0.148976520421494,0.115648378688694,0.0823790970344355,0.115648378688694,0.0,0.0613432731147329,0.115648378688694,0.093408272931481,0.0,0.148976520421494,0.093408272931481,0.0476199206365212,0.0823790970344355,0.148976520421494,0.115648378688694,0.148976520421494,0.0823790970344355,0.093408272931481,0.0613432731147329,0.093408272931481,0.093408272931481,0.093408272931481,0.200063521369343,0.115768709113422,0.093408272931481,0.0476199206365212,0.0613432731147329,0.093408272931481,0.115648378688694,0.093408272931481,0.0613432731147329,0.078342403747824,0.115648378688694,0.093408272931481,0.115648378688694,0.0613432731147329,0.0,0.0322586368373393,1.0,0.148976520421494,0.351665478053376,0.078342403747824,0.115648378688694,0.115648378688694,0.206873557102869,0.115648378688694,0.1852691400432169,0.0384622300306098,0.093408272931481,0.093408272931481,0.0613432731147329,0.0250877674831517,0.0280132767810044,0.608356422123105,0.093408272931481,0.148976520421494,0.148976520421494,0.148976520421494,0.148976520421494,0.0,0.148976520421494,0.0,0.093408272931481,0.0322586368373393,0.0476199206365212,0.0384622300306098,0.0,0.115648378688694,0.078342403747824,0.0476199206365212,0.0,0.115648378688694,0.0476199206365212,0.351665478053376,0.115648378688694,0.0613432731147329,0.148976520421494,0.093408272931481
Colorectal cancer,0.041172338956928,0.041172338956928,0.041172338956928,0.0322586368373393,0.0545213728963117,0.041172338956928,0.0262176875118606,0.041172338956928,0.0322586368373393,0.0545213728963117,0.0545213728963117,0.238224860376036,0.0545213728963117,0.107359912685637,0.0322586368373393,1.0,0.0545213728963117,0.041172338956928,0.0545213728963117,0.107359912685637,0.0322586368373393,0.0322586368373393,0.041172338956928,0.0262176875118606,0.0322586368373393,0.0220824020542819,0.47553108355459,0.0258636362537177,0.0749632197522059,0.0322586368373393,0.0262176875118606,0.0545213728963117,0.0220824020542819,0.041172338956928,0.0322586368373393,0.0545213728963117,0.0749632197522059,0.041172338956928,0.0220824020542819,0.0322586368373393,0.0322586368373393,0.0220824020542819,0.041172338956928,0.0545213728963117,0.041172338956928,0.0749632197522059,0.041172338956928,0.304051121218363,0.0545213728963117,0.0545213728963117,0.0262176875118606,0.0322586368373393,0.238224860376036,0.041172338956928,0.0262176875118606,0.0545213728963117,0.041172338956928,0.0220824020542819,0.0322586368373393,0.041172338956928,0.041172338956928,0.041172338956928,0.041172338956928,0.041172338956928,0.0220824020542819,0.0545213728963117,0.0322586368373393,0.0545213728963117,0.8422711592810009,0.0322586368373393,0.0262176875118606,0.0545213728963117,0.0545213728963117,0.041172338956928,0.0545213728963117,0.0262176875118606,0.402631596345066,0.041172338956928,0.0749632197522059,0.658271470350115,0.0545213728963117,0.0749632197522059,0.0322586368373393,0.0749632197522059,0.0262176875118606,0.0322586368373393,0.041172338956928,0.0322586368373393,0.041172338956928,0.0636715268145186,0.0545213728963117,0.041172338956928,0.041172338956928,0.19361341827272,0.0545213728963117,0.0545213728963117,0.078342403747824,0.041172338956928,0.041172338956928,0.0545213728963117,0.041172338956928,0.0749632197522059,0.041172338956928,0.261364164595575,0.0322586368373393,0.107359912685637,0.0322586368373393,0.041172338956928,0.0220824020542819,0.47553108355459,0.0262176875118606,0.0322586368373393,0.107359912685637,0.0322586368373393,0.0545213728963117,0.0262176875118606,0.0545213728963117,0.0322586368373393,0.041172338956928,0.0545213728963117,0.041172338956928,0.041172338956928,0.041172338956928,0.041172338956928,0.041172338956928,0.0322586368373393,0.0545213728963117,0.0262176875118606,0.0545213728963117,0.0262176875118606,0.107359912685637,0.0,0.0,0.0322586368373393,0.107359912685637,0.041172338956928,0.0545213728963117,0.0749632197522059,0.0322586368373393,0.0322586368373393,0.0545213728963117,0.041172338956928,0.0749632197522059,0.041172338956928,0.0,0.0545213728963117,0.041172338956928,0.0322586368373393,0.0,0.0545213728963117,0.0322586368373393,0.041172338956928,0.0749632197522059,0.0545213728963117,0.041172338956928,0.0545213728963117,0.0749632197522059,0.0322586368373393,0.0545213728963117,0.0322586368373393,0.0322586368373393,0.0322586368373393,0.0749632197522059,0.107359912685637,0.0322586368373393,0.041172338956928,0.0545213728963117,0.0322586368373393,0.041172338956928,0.0322586368373393,0.0545213728963117,0.0262176875118606,0.041172338956928,0.0322586368373393,0.041172338956928,0.0545213728963117,0.0,0.302808285044318,0.0322586368373393,0.0545213728963117,0.041172338956928,0.0262176875118606,0.041172338956928,0.041172338956928,0.0220824020542819,0.041172338956928,0.0192321645820291,0.238224860376036,0.0322586368373393,0.0322586368373393,0.0545213728963117,0.222127095387026,0.163074998260921,0.0749632197522059,0.0322586368373393,0.0545213728963117,0.0545213728963117,0.0545213728963117,0.0545213728963117,0.0,0.0545213728963117,0.0,0.0322586368373393,0.0262176875118606,0.47553108355459,0.078342403747824,0.0,0.041172338956928,0.0262176875118606,0.304051121218363,0.0,0.041172338956928,0.304051121218363,0.041172338956928,0.041172338956928,0.0545213728963117,0.0545213728963117,0.0322586368373393
Inflammatory Bowel Disease,0.0714299464323527,0.1734727270499989,0.8249995187486758,0.7085007524967339,0.639392737369731,0.3192481279323519,0.0545213728963117,0.0714299464323527,0.148976520421494,0.639392737369731,0.0865818037575277,0.0613432731147329,0.21027009483971,0.147105639620399,0.148976520421494,0.0545213728963117,1.0,0.0714299464323527,0.0865818037575277,0.147105639620399,0.148976520421494,0.148976520421494,0.8249995187486758,0.1324090484624709,0.274166873716867,0.0498579928542293,0.0714299464323527,0.117967217290509,0.491151693334087,0.274166873716867,0.1324090484624709,0.639392737369731,0.1210836969317,0.1734727270499989,0.148976520421494,0.0865818037575277,0.1098923880062569,0.1734727270499989,0.222834702756658,0.148976520421494,0.148976520421494,0.1210836969317,0.1734727270499989,0.21027009483971,0.1734727270499989,0.1098923880062569,0.3192481279323519,0.0714299464323527,0.0865818037575277,0.21027009483971,0.1324090484624709,0.148976520421494,0.0613432731147329,0.1734727270499989,0.1324090484624709,0.386967653528542,0.1734727270499989,0.1210836969317,0.148976520421494,0.1734727270499989,0.1734727270499989,0.1734727270499989,0.1734727270499989,0.1734727270499989,0.1210836969317,0.21027009483971,0.148976520421494,0.0865818037575277,0.0498579928542293,0.0613432731147329,0.1324090484624709,0.386967653528542,0.386967653528542,0.1734727270499989,0.386967653528542,0.1324090484624709,0.0865818037575277,0.1734727270499989,0.491151693334087,0.0444245555713213,0.0865818037575277,0.491151693334087,0.148976520421494,0.1098923880062569,0.1324090484624709,0.148976520421494,0.1734727270499989,0.148976520421494,0.3192481279323519,0.0545213728963117,0.386967653528542,0.3192481279323519,0.8249995187486758,0.0545213728963117,0.0865818037575277,0.21027009483971,0.0613432731147329,0.1734727270499989,0.1734727270499989,0.21027009483971,0.527498700621427,0.491151693334087,0.527498700621427,0.32866873393231,0.148976520421494,0.147105639620399,0.148976520421494,0.3192481279323519,0.222834702756658,0.0714299464323527,0.1324090484624709,0.148976520421494,0.357256553363825,0.7085007524967339,0.0865818037575277,0.1324090484624709,0.0865818037575277,0.274166873716867,0.1734727270499989,0.21027009483971,0.3192481279323519,0.1734727270499989,0.0714299464323527,0.3192481279323519,0.0714299464323527,0.148976520421494,0.21027009483971,0.0545213728963117,0.21027009483971,0.0545213728963117,0.147105639620399,0.0,0.0,0.274166873716867,0.147105639620399,0.1734727270499989,0.0865818037575277,0.491151693334087,0.274166873716867,0.148976520421494,0.21027009483971,0.3192481279323519,0.1098923880062569,0.527498700621427,0.0,0.0865818037575277,0.3192481279323519,0.148976520421494,0.0,0.21027009483971,0.148976520421494,0.0714299464323527,0.1098923880062569,0.21027009483971,0.1734727270499989,0.21027009483971,0.1098923880062569,0.148976520421494,0.0865818037575277,0.148976520421494,0.148976520421494,0.148976520421494,0.491151693334087,0.147105639620399,0.148976520421494,0.0714299464323527,0.0865818037575277,0.148976520421494,0.1734727270499989,0.274166873716867,0.0865818037575277,0.1324090484624709,0.527498700621427,0.148976520421494,0.1734727270499989,0.0865818037575277,0.0,0.0545213728963117,0.148976520421494,0.21027009483971,0.1734727270499989,0.1324090484624709,0.1734727270499989,0.1734727270499989,0.1210836969317,0.1734727270499989,0.113285175146291,0.0613432731147329,0.148976520421494,0.148976520421494,0.0865818037575277,0.0466468368249435,0.0498579928542293,0.266881513729481,0.453010235567401,0.386967653528542,0.21027009483971,0.21027009483971,0.21027009483971,0.0,0.21027009483971,0.0,0.148976520421494,0.0545213728963117,0.0714299464323527,0.0613432731147329,0.0,0.1734727270499989,0.1324090484624709,0.0714299464323527,0.0,0.1734727270499989,0.0714299464323527,0.1734727270499989,0.1734727270499989,0.0865818037575277,0.21027009483971,0.7085007524967339
Major depressive disorder,0.138778105311832,0.0571439257166366,0.0571439257166366,0.0476199206365212,0.0714299464323527,0.0571439257166366,0.041172338956928,0.0571439257166366,0.0476199206365212,0.0714299464323527,0.0714299464323527,0.0476199206365212,0.0714299464323527,0.128249502550101,0.0476199206365212,0.041172338956928,0.0714299464323527,1.0,0.527498700621427,0.128249502550101,0.0476199206365212,0.0476199206365212,0.0571439257166366,0.041172338956928,0.0476199206365212,0.0367619429090039,0.0571439257166366,0.0379290345439241,0.0933602719681705,0.0476199206365212,0.041172338956928,0.0714299464323527,0.0367619429090039,0.0571439257166366,0.0476199206365212,0.0714299464323527,0.0933602719681705,0.0571439257166366,0.0367619429090039,0.0476199206365212,0.0476199206365212,0.0367619429090039,0.0571439257166366,0.0714299464323527,0.0571439257166366,0.0933602719681705,0.0571439257166366,0.0571439257166366,0.0714299464323527,0.0714299464323527,0.041172338956928,0.0476199206365212,0.0476199206365212,0.0571439257166366,0.041172338956928,0.0714299464323527,0.0571439257166366,0.0367619429090039,0.0476199206365212,0.0571439257166366,0.0571439257166366,0.0571439257166366,0.0571439257166366,0.0571439257166366,0.0367619429090039,0.0714299464323527,0.0476199206365212,0.0714299464323527,0.0367619429090039,0.0476199206365212,0.041172338956928,0.0714299464323527,0.0714299464323527,0.0571439257166366,0.0714299464323527,0.041172338956928,0.0714299464323527,0.0571439257166366,0.0933602719681705,0.0316202950567523,0.0714299464323527,0.0933602719681705,0.0476199206365212,0.226732089065557,0.041172338956928,0.0476199206365212,0.0571439257166366,0.0476199206365212,0.0571439257166366,0.041172338956928,0.0714299464323527,0.0571439257166366,0.0571439257166366,0.041172338956928,0.0714299464323527,0.0714299464323527,0.0476199206365212,0.0571439257166366,0.0571439257166366,0.0714299464323527,0.0571439257166366,0.0933602719681705,0.0571439257166366,0.296376456737466,0.0476199206365212,0.128249502550101,0.0476199206365212,0.0571439257166366,0.0367619429090039,0.0571439257166366,0.041172338956928,0.0476199206365212,0.128249502550101,0.0476199206365212,0.0714299464323527,0.041172338956928,0.1734727270499989,0.0476199206365212,0.0571439257166366,0.0714299464323527,0.0571439257166366,0.0571439257166366,0.0571439257166366,0.0571439257166366,0.138778105311832,0.0476199206365212,0.0714299464323527,0.041172338956928,0.0714299464323527,0.041172338956928,0.128249502550101,0.0,0.0,0.0476199206365212,0.128249502550101,0.0571439257166366,0.1734727270499989,0.0933602719681705,0.0476199206365212,0.0476199206365212,0.0714299464323527,0.0571439257166366,0.0933602719681705,0.0571439257166366,0.0,0.3192481279323519,0.0571439257166366,0.0476199206365212,0.0,0.0714299464323527,0.0476199206365212,0.0571439257166366,0.0933602719681705,0.0714299464323527,0.0571439257166366,0.0714299464323527,0.226732089065557,0.0476199206365212,0.0714299464323527,0.0476199206365212,0.0476199206365212,0.0476199206365212,0.0933602719681705,0.128249502550101,0.0476199206365212,0.0571439257166366,0.0714299464323527,0.0476199206365212,0.0571439257166366,0.0476199206365212,0.1734727270499989,0.041172338956928,0.0571439257166366,0.0476199206365212,0.0571439257166366,0.0714299464323527,0.0,0.041172338956928,0.0476199206365212,0.0714299464323527,0.0571439257166366,0.041172338956928,0.0571439257166366,0.0571439257166366,0.0367619429090039,0.0571439257166366,0.0337236205744276,0.0476199206365212,0.0476199206365212,0.0476199206365212,0.1734727270499989,0.0337236205744276,0.0367619429090039,0.0933602719681705,0.0476199206365212,0.0714299464323527,0.0714299464323527,0.0714299464323527,0.0714299464323527,0.0,0.0714299464323527,0.0,0.0476199206365212,0.041172338956928,0.0571439257166366,0.0476199206365212,0.0,0.0571439257166366,0.041172338956928,0.0571439257166366,0.0,0.0571439257166366,0.0571439257166366,0.0571439257166366,0.0571439257166366,0.0714299464323527,0.0714299464323527,0.0476199206365212
Bipolar disorder,0.1734727270499989,0.0714299464323527,0.0714299464323527,0.0613432731147329,0.0865818037575277,0.0714299464323527,0.0545213728963117,0.0714299464323527,0.0613432731147329,0.0865818037575277,0.0865818037575277,0.0613432731147329,0.0865818037575277,0.147105639620399,0.0613432731147329,0.0545213728963117,0.0865818037575277,0.527498700621427,1.0,0.147105639620399,0.0613432731147329,0.0613432731147329,0.0714299464323527,0.0545213728963117,0.0613432731147329,0.0498579928542293,0.0714299464323527,0.0485747365313862,0.1098923880062569,0.0613432731147329,0.0545213728963117,0.0865818037575277,0.0498579928542293,0.0714299464323527,0.0613432731147329,0.0865818037575277,0.1098923880062569,0.0714299464323527,0.0498579928542293,0.0613432731147329,0.0613432731147329,0.0498579928542293,0.0714299464323527,0.0865818037575277,0.0714299464323527,0.1098923880062569,0.0714299464323527,0.0714299464323527,0.0865818037575277,0.0865818037575277,0.0545213728963117,0.0613432731147329,0.0613432731147329,0.0714299464323527,0.0545213728963117,0.0865818037575277,0.0714299464323527,0.0498579928542293,0.0613432731147329,0.0714299464323527,0.0714299464323527,0.0714299464323527,0.0714299464323527,0.0714299464323527,0.0498579928542293,0.0865818037575277,0.0613432731147329,0.0865818037575277,0.0498579928542293,0.0613432731147329,0.0545213728963117,0.0865818037575277,0.0865818037575277,0.0714299464323527,0.0865818037575277,0.0545213728963117,0.0865818037575277,0.0714299464323527,0.1098923880062569,0.0444245555713213,0.0865818037575277,0.1098923880062569,0.0613432731147329,0.266881513729481,0.0545213728963117,0.0613432731147329,0.0714299464323527,0.0613432731147329,0.0714299464323527,0.0545213728963117,0.0865818037575277,0.0714299464323527,0.0714299464323527,0.0545213728963117,0.0865818037575277,0.0865818037575277,0.0613432731147329,0.0714299464323527,0.0714299464323527,0.0865818037575277,0.0714299464323527,0.1098923880062569,0.0714299464323527,0.32866873393231,0.0613432731147329,0.147105639620399,0.0613432731147329,0.0714299464323527,0.0498579928542293,0.0714299464323527,0.0545213728963117,0.0613432731147329,0.147105639620399,0.0613432731147329,0.0865818037575277,0.0545213728963117,0.21027009483971,0.0613432731147329,0.0714299464323527,0.0865818037575277,0.0714299464323527,0.0714299464323527,0.0714299464323527,0.0714299464323527,0.1734727270499989,0.0613432731147329,0.0865818037575277,0.0545213728963117,0.0865818037575277,0.0545213728963117,0.147105639620399,0.0,0.0,0.0613432731147329,0.147105639620399,0.0714299464323527,0.21027009483971,0.1098923880062569,0.0613432731147329,0.0613432731147329,0.0865818037575277,0.0714299464323527,0.1098923880062569,0.0714299464323527,0.0,0.386967653528542,0.0714299464323527,0.0613432731147329,0.0,0.0865818037575277,0.0613432731147329,0.0714299464323527,0.1098923880062569,0.0865818037575277,0.0714299464323527,0.0865818037575277,0.266881513729481,0.0613432731147329,0.0865818037575277,0.0613432731147329,0.0613432731147329,0.0613432731147329,0.1098923880062569,0.147105639620399,0.0613432731147329,0.0714299464323527,0.0865818037575277,0.0613432731147329,0.0714299464323527,0.0613432731147329,0.21027009483971,0.0545213728963117,0.0714299464323527,0.0613432731147329,0.0714299464323527,0.0865818037575277,0.0,0.0545213728963117,0.0613432731147329,0.0865818037575277,0.0714299464323527,0.0545213728963117,0.0714299464323527,0.0714299464323527,0.0498579928542293,0.0714299464323527,0.0466468368249435,0.0613432731147329,0.0613432731147329,0.0613432731147329,0.21027009483971,0.0466468368249435,0.0498579928542293,0.1098923880062569,0.0613432731147329,0.0865818037575277,0.0865818037575277,0.0865818037575277,0.0865818037575277,0.0,0.0865818037575277,0.0,0.0613432731147329,0.0545213728963117,0.0714299464323527,0.0613432731147329,0.0,0.0714299464323527,0.0545213728963117,0.0714299464323527,0.0,0.0714299464323527,0.0714299464323527,0.0714299464323527,0.0714299464323527,0.0865818037575277,0.0865818037575277,0.0613432731147329
Chronic fatigue syndrome,0.128249502550101,0.128249502550101,0.128249502550101,0.115768709113422,0.147105639620399,0.128249502550101,0.107359912685637,0.128249502550101,0.115768709113422,0.147105639620399,0.147105639620399,0.115768709113422,0.147105639620399,0.54337899543379,0.115768709113422,0.107359912685637,0.147105639620399,0.128249502550101,0.147105639620399,1.0,0.115768709113422,0.115768709113422,0.128249502550101,0.107359912685637,0.115768709113422,0.1016266783579799,0.128249502550101,0.0895997076890433,0.1763709506669489,0.115768709113422,0.107359912685637,0.147105639620399,0.1016266783579799,0.128249502550101,0.115768709113422,0.147105639620399,0.1763709506669489,0.128249502550101,0.1016266783579799,0.115768709113422,0.115768709113422,0.1016266783579799,0.128249502550101,0.147105639620399,0.128249502550101,0.1763709506669489,0.128249502550101,0.128249502550101,0.147105639620399,0.147105639620399,0.107359912685637,0.115768709113422,0.115768709113422,0.128249502550101,0.107359912685637,0.147105639620399,0.128249502550101,0.1016266783579799,0.115768709113422,0.128249502550101,0.128249502550101,0.128249502550101,0.128249502550101,0.128249502550101,0.1016266783579799,0.147105639620399,0.115768709113422,0.147105639620399,0.1016266783579799,0.115768709113422,0.107359912685637,0.147105639620399,0.147105639620399,0.128249502550101,0.147105639620399,0.107359912685637,0.147105639620399,0.128249502550101,0.1763709506669489,0.0949619587666687,0.147105639620399,0.1763709506669489,0.115768709113422,0.1763709506669489,0.107359912685637,0.115768709113422,0.128249502550101,0.115768709113422,0.128249502550101,0.107359912685637,0.147105639620399,0.128249502550101,0.128249502550101,0.107359912685637,0.147105639620399,0.147105639620399,0.115768709113422,0.128249502550101,0.128249502550101,0.147105639620399,0.128249502550101,0.1763709506669489,0.128249502550101,0.4670846394984329,0.115768709113422,0.54337899543379,0.115768709113422,0.128249502550101,0.1016266783579799,0.128249502550101,0.107359912685637,0.115768709113422,0.223744292237443,0.115768709113422,0.147105639620399,0.107359912685637,0.147105639620399,0.115768709113422,0.128249502550101,0.147105639620399,0.128249502550101,0.128249502550101,0.128249502550101,0.128249502550101,0.128249502550101,0.115768709113422,0.147105639620399,0.107359912685637,0.147105639620399,0.107359912685637,0.54337899543379,0.0,0.0,0.115768709113422,0.54337899543379,0.128249502550101,0.147105639620399,0.1763709506669489,0.115768709113422,0.115768709113422,0.147105639620399,0.128249502550101,0.1763709506669489,0.128249502550101,0.0,0.147105639620399,0.128249502550101,0.115768709113422,0.0,0.147105639620399,0.115768709113422,0.128249502550101,0.1763709506669489,0.147105639620399,0.128249502550101,0.147105639620399,0.1763709506669489,0.115768709113422,0.147105639620399,0.115768709113422,0.115768709113422,0.115768709113422,0.1763709506669489,0.54337899543379,0.115768709113422,0.128249502550101,0.147105639620399,0.115768709113422,0.128249502550101,0.115768709113422,0.147105639620399,0.107359912685637,0.128249502550101,0.115768709113422,0.128249502550101,0.147105639620399,0.0,0.107359912685637,0.115768709113422,0.147105639620399,0.128249502550101,0.107359912685637,0.128249502550101,0.128249502550101,0.1016266783579799,0.128249502550101,0.0976858574475728,0.115768709113422,0.115768709113422,0.115768709113422,0.147105639620399,0.0976858574475728,0.1016266783579799,0.1763709506669489,0.115768709113422,0.147105639620399,0.147105639620399,0.147105639620399,0.147105639620399,0.0,0.147105639620399,0.0,0.115768709113422,0.107359912685637,0.128249502550101,0.115768709113422,0.0,0.128249502550101,0.107359912685637,0.128249502550101,0.0,0.128249502550101,0.128249502550101,0.128249502550101,0.128249502550101,0.147105639620399,0.147105639620399,0.115768709113422
Parkinson's Disease,0.0476199206365212,0.351665478053376,0.115648378688694,0.093408272931481,0.148976520421494,0.115648378688694,0.0322586368373393,0.0476199206365212,0.093408272931481,0.148976520421494,0.0613432731147329,0.0384622300306098,0.148976520421494,0.115768709113422,0.093408272931481,0.0322586368373393,0.148976520421494,0.0476199206365212,0.0613432731147329,0.115768709113422,1.0,0.444229946263574,0.115648378688694,0.078342403747824,0.093408272931481,0.0280132767810044,0.0476199206365212,0.13745755582737,0.200063521369343,0.093408272931481,0.078342403747824,0.148976520421494,0.0680322436110106,0.115648378688694,0.093408272931481,0.0613432731147329,0.0823790970344355,0.115648378688694,0.0680322436110106,0.093408272931481,0.093408272931481,0.0680322436110106,0.115648378688694,0.148976520421494,0.115648378688694,0.0823790970344355,0.115648378688694,0.0476199206365212,0.0613432731147329,0.148976520421494,0.078342403747824,0.093408272931481,0.0384622300306098,0.115648378688694,0.078342403747824,0.148976520421494,0.115648378688694,0.0680322436110106,0.171902619932726,0.115648378688694,0.115648378688694,0.115648378688694,0.115648378688694,0.115648378688694,0.0680322436110106,0.148976520421494,0.093408272931481,0.0613432731147329,0.0280132767810044,0.0384622300306098,0.144176356477088,0.148976520421494,0.148976520421494,0.115648378688694,0.148976520421494,0.078342403747824,0.0613432731147329,0.115648378688694,0.200063521369343,0.023062117726601,0.0613432731147329,0.200063521369343,0.093408272931481,0.0823790970344355,0.144176356477088,0.093408272931481,0.115648378688694,0.093408272931481,0.115648378688694,0.0322586368373393,0.148976520421494,0.115648378688694,0.115648378688694,0.0322586368373393,0.0613432731147329,0.148976520421494,0.0384622300306098,0.115648378688694,0.115648378688694,0.148976520421494,0.115648378688694,0.200063521369343,0.115648378688694,0.275363104390711,0.093408272931481,0.115768709113422,0.093408272931481,0.115648378688694,0.0680322436110106,0.0476199206365212,0.078342403747824,0.093408272931481,0.2811525792754519,0.093408272931481,0.0613432731147329,0.078342403747824,0.0613432731147329,0.093408272931481,0.115648378688694,0.148976520421494,0.115648378688694,0.115648378688694,0.0476199206365212,0.115648378688694,0.0476199206365212,0.093408272931481,0.148976520421494,0.0322586368373393,0.148976520421494,0.0322586368373393,0.115768709113422,0.0,0.0,0.093408272931481,0.115768709113422,0.351665478053376,0.0613432731147329,0.200063521369343,0.093408272931481,0.444229946263574,0.148976520421494,0.115648378688694,0.0823790970344355,0.115648378688694,0.0,0.0613432731147329,0.115648378688694,0.093408272931481,0.0,0.148976520421494,0.093408272931481,0.0476199206365212,0.0823790970344355,0.148976520421494,0.115648378688694,0.148976520421494,0.0823790970344355,0.093408272931481,0.0613432731147329,0.093408272931481,0.093408272931481,0.171902619932726,0.200063521369343,0.115768709113422,0.093408272931481,0.0476199206365212,0.0613432731147329,0.093408272931481,0.115648378688694,0.093408272931481,0.0613432731147329,0.078342403747824,0.115648378688694,0.093408272931481,0.115648378688694,0.0613432731147329,0.0,0.0322586368373393,0.093408272931481,0.148976520421494,0.115648378688694,0.078342403747824,0.115648378688694,0.115648378688694,0.0680322436110106,0.115648378688694,0.0609274353162256,0.0384622300306098,0.6730764389785729,0.093408272931481,0.0613432731147329,0.0250877674831517,0.0280132767810044,0.200063521369343,0.093408272931481,0.148976520421494,0.148976520421494,0.148976520421494,0.148976520421494,0.0,0.148976520421494,0.0,0.093408272931481,0.0322586368373393,0.0476199206365212,0.0384622300306098,0.0,0.115648378688694,0.078342403747824,0.0476199206365212,0.0,0.115648378688694,0.0476199206365212,0.115648378688694,0.115648378688694,0.0613432731147329,0.148976520421494,0.093408272931481
Alzheimer's Disease,0.0476199206365212,0.351665478053376,0.115648378688694,0.093408272931481,0.148976520421494,0.115648378688694,0.0322586368373393,0.0476199206365212,0.093408272931481,0.148976520421494,0.0613432731147329,0.0384622300306098,0.148976520421494,0.115768709113422,0.093408272931481,0.0322586368373393,0.148976520421494,0.0476199206365212,0.0613432731147329,0.115768709113422,0.444229946263574,1.0,0.115648378688694,0.078342403747824,0.093408272931481,0.0280132767810044,0.0476199206365212,0.13745755582737,0.200063521369343,0.093408272931481,0.078342403747824,0.148976520421494,0.0680322436110106,0.115648378688694,0.093408272931481,0.0613432731147329,0.0823790970344355,0.115648378688694,0.0680322436110106,0.093408272931481,0.093408272931481,0.0680322436110106,0.115648378688694,0.148976520421494,0.115648378688694,0.0823790970344355,0.115648378688694,0.0476199206365212,0.0613432731147329,0.148976520421494,0.078342403747824,0.093408272931481,0.0384622300306098,0.115648378688694,0.078342403747824,0.148976520421494,0.115648378688694,0.0680322436110106,0.171902619932726,0.115648378688694,0.115648378688694,0.115648378688694,0.115648378688694,0.115648378688694,0.0680322436110106,0.148976520421494,0.093408272931481,0.0613432731147329,0.0280132767810044,0.0384622300306098,0.144176356477088,0.148976520421494,0.148976520421494,0.115648378688694,0.148976520421494,0.078342403747824,0.0613432731147329,0.115648378688694,0.200063521369343,0.023062117726601,0.0613432731147329,0.200063521369343,0.093408272931481,0.0823790970344355,0.144176356477088,0.093408272931481,0.115648378688694,0.093408272931481,0.115648378688694,0.0322586368373393,0.148976520421494,0.115648378688694,0.115648378688694,0.0322586368373393,0.0613432731147329,0.148976520421494,0.0384622300306098,0.115648378688694,0.115648378688694,0.148976520421494,0.115648378688694,0.200063521369343,0.115648378688694,0.275363104390711,0.093408272931481,0.115768709113422,0.093408272931481,0.115648378688694,0.0680322436110106,0.0476199206365212,0.078342403747824,0.093408272931481,0.2811525792754519,0.093408272931481,0.0613432731147329,0.078342403747824,0.0613432731147329,0.093408272931481,0.115648378688694,0.148976520421494,0.115648378688694,0.115648378688694,0.0476199206365212,0.115648378688694,0.0476199206365212,0.093408272931481,0.148976520421494,0.0322586368373393,0.148976520421494,0.0322586368373393,0.115768709113422,0.0,0.0,0.093408272931481,0.115768709113422,0.351665478053376,0.0613432731147329,0.200063521369343,0.093408272931481,0.444229946263574,0.148976520421494,0.115648378688694,0.0823790970344355,0.115648378688694,0.0,0.0613432731147329,0.115648378688694,0.093408272931481,0.0,0.148976520421494,0.093408272931481,0.0476199206365212,0.0823790970344355,0.148976520421494,0.115648378688694,0.148976520421494,0.0823790970344355,0.093408272931481,0.0613432731147329,0.093408272931481,0.093408272931481,0.171902619932726,0.200063521369343,0.115768709113422,0.093408272931481,0.0476199206365212,0.0613432731147329,0.093408272931481,0.115648378688694,0.093408272931481,0.0613432731147329,0.078342403747824,0.115648378688694,0.093408272931481,0.115648378688694,0.0613432731147329,0.0,0.0322586368373393,0.093408272931481,0.148976520421494,0.115648378688694,0.078342403747824,0.115648378688694,0.115648378688694,0.0680322436110106,0.115648378688694,0.0609274353162256,0.0384622300306098,0.444229946263574,0.093408272931481,0.0613432731147329,0.0250877674831517,0.0280132767810044,0.200063521369343,0.093408272931481,0.148976520421494,0.148976520421494,0.148976520421494,0.148976520421494,0.0,0.148976520421494,0.0,0.093408272931481,0.0322586368373393,0.0476199206365212,0.0384622300306098,0.0,0.115648378688694,0.078342403747824,0.0476199206365212,0.0,0.115648378688694,0.0476199206365212,0.115648378688694,0.115648378688694,0.0613432731147329,0.148976520421494,0.093408272931481
Infective colitis,0.0571439257166366,0.138778105311832,0.659999251998354,0.8333330277772181,0.527498700621427,0.255398361876396,0.041172338956928,0.0571439257166366,0.115648378688694,0.527498700621427,0.0714299464323527,0.0476199206365212,0.1734727270499989,0.128249502550101,0.115648378688694,0.041172338956928,0.8249995187486758,0.0571439257166366,0.0714299464323527,0.128249502550101,0.115648378688694,0.115648378688694,1.0,0.0999899660382537,0.212831890191799,0.0367619429090039,0.0571439257166366,0.0921133696066727,0.4172632563475379,0.212831890191799,0.0999899660382537,0.527498700621427,0.0892790042075809,0.138778105311832,0.115648378688694,0.0714299464323527,0.0933602719681705,0.138778105311832,0.164303377491262,0.115648378688694,0.115648378688694,0.0892790042075809,0.138778105311832,0.1734727270499989,0.138778105311832,0.0933602719681705,0.255398361876396,0.0571439257166366,0.0714299464323527,0.1734727270499989,0.0999899660382537,0.115648378688694,0.0476199206365212,0.138778105311832,0.0999899660382537,0.3192481279323519,0.138778105311832,0.0892790042075809,0.115648378688694,0.138778105311832,0.138778105311832,0.138778105311832,0.138778105311832,0.138778105311832,0.0892790042075809,0.1734727270499989,0.115648378688694,0.0714299464323527,0.0367619429090039,0.0476199206365212,0.0999899660382537,0.3192481279323519,0.3192481279323519,0.138778105311832,0.3192481279323519,0.0999899660382537,0.0714299464323527,0.138778105311832,0.4172632563475379,0.0316202950567523,0.0714299464323527,0.4172632563475379,0.115648378688694,0.0933602719681705,0.0999899660382537,0.115648378688694,0.138778105311832,0.115648378688694,0.255398361876396,0.041172338956928,0.3192481279323519,0.255398361876396,0.659999251998354,0.041172338956928,0.0714299464323527,0.1734727270499989,0.0476199206365212,0.138778105311832,0.138778105311832,0.1734727270499989,0.421998728397202,0.4172632563475379,0.421998728397202,0.296376456737466,0.115648378688694,0.128249502550101,0.115648378688694,0.255398361876396,0.164303377491262,0.0571439257166366,0.0999899660382537,0.115648378688694,0.311463077621673,0.8333330277772181,0.0714299464323527,0.0999899660382537,0.0714299464323527,0.212831890191799,0.138778105311832,0.1734727270499989,0.255398361876396,0.138778105311832,0.0571439257166366,0.255398361876396,0.0571439257166366,0.115648378688694,0.1734727270499989,0.041172338956928,0.1734727270499989,0.041172338956928,0.128249502550101,0.0,0.0,0.212831890191799,0.128249502550101,0.138778105311832,0.0714299464323527,0.4172632563475379,0.212831890191799,0.115648378688694,0.1734727270499989,0.255398361876396,0.0933602719681705,0.421998728397202,0.0,0.0714299464323527,0.255398361876396,0.115648378688694,0.0,0.1734727270499989,0.115648378688694,0.0571439257166366,0.0933602719681705,0.1734727270499989,0.138778105311832,0.1734727270499989,0.0933602719681705,0.115648378688694,0.0714299464323527,0.115648378688694,0.115648378688694,0.115648378688694,0.4172632563475379,0.128249502550101,0.115648378688694,0.0571439257166366,0.0714299464323527,0.115648378688694,0.138778105311832,0.212831890191799,0.0714299464323527,0.0999899660382537,0.421998728397202,0.115648378688694,0.138778105311832,0.0714299464323527,0.0,0.041172338956928,0.115648378688694,0.1734727270499989,0.138778105311832,0.0999899660382537,0.138778105311832,0.138778105311832,0.0892790042075809,0.138778105311832,0.0819002213950383,0.0476199206365212,0.115648378688694,0.115648378688694,0.0714299464323527,0.0337236205744276,0.0367619429090039,0.226732089065557,0.351665478053376,0.3192481279323519,0.1734727270499989,0.1734727270499989,0.1734727270499989,0.0,0.1734727270499989,0.0,0.115648378688694,0.041172338956928,0.0571439257166366,0.0476199206365212,0.0,0.138778105311832,0.0999899660382537,0.0571439257166366,0.0,0.138778105311832,0.0571439257166366,0.138778105311832,0.138778105311832,0.0714299464323527,0.1734727270499989,0.8333330277772181
Atherosclerosis,0.041172338956928,0.0999899660382537,0.0999899660382537,0.078342403747824,0.1324090484624709,0.0999899660382537,0.0262176875118606,0.041172338956928,0.078342403747824,0.1324090484624709,0.0545213728963117,0.0322586368373393,0.1324090484624709,0.107359912685637,0.078342403747824,0.0262176875118606,0.1324090484624709,0.041172338956928,0.0545213728963117,0.107359912685637,0.078342403747824,0.078342403747824,0.0999899660382537,1.0,0.078342403747824,0.0220824020542819,0.041172338956928,0.0628116880447429,0.182053533683929,0.078342403747824,0.0636715268145186,0.1324090484624709,0.053628690703256,0.0999899660382537,0.078342403747824,0.0545213728963117,0.0749632197522059,0.0999899660382537,0.053628690703256,0.3725798659459621,0.078342403747824,0.053628690703256,0.304051121218363,0.1324090484624709,0.0999899660382537,0.0749632197522059,0.0999899660382537,0.041172338956928,0.0545213728963117,0.1324090484624709,0.0636715268145186,0.078342403747824,0.0322586368373393,0.0999899660382537,0.0636715268145186,0.1324090484624709,0.0999899660382537,0.053628690703256,0.078342403747824,0.0999899660382537,0.184015147583005,0.0999899660382537,0.0999899660382537,0.47553108355459,0.053628690703256,0.1324090484624709,0.078342403747824,0.0545213728963117,0.0220824020542819,0.0322586368373393,0.0636715268145186,0.1324090484624709,0.1324090484624709,0.0999899660382537,0.1324090484624709,0.0636715268145186,0.0545213728963117,0.47553108355459,0.182053533683929,0.0172583557076123,0.0545213728963117,0.182053533683929,0.078342403747824,0.0749632197522059,0.0636715268145186,0.078342403747824,0.0999899660382537,0.238224860376036,0.0999899660382537,0.0262176875118606,0.1324090484624709,0.0999899660382537,0.0999899660382537,0.0262176875118606,0.0545213728963117,0.1324090484624709,0.0322586368373393,0.47553108355459,0.0999899660382537,0.1324090484624709,0.0999899660382537,0.182053533683929,0.0999899660382537,0.261364164595575,0.078342403747824,0.107359912685637,0.078342403747824,0.0999899660382537,0.053628690703256,0.041172338956928,0.0636715268145186,0.078342403747824,0.479833079146011,0.078342403747824,0.0545213728963117,0.0636715268145186,0.0545213728963117,0.078342403747824,0.0999899660382537,0.1324090484624709,0.0999899660382537,0.0999899660382537,0.041172338956928,0.0999899660382537,0.041172338956928,0.078342403747824,0.1324090484624709,0.0262176875118606,0.1324090484624709,0.0262176875118606,0.107359912685637,0.0,0.0,0.078342403747824,0.107359912685637,0.0999899660382537,0.0545213728963117,0.182053533683929,0.078342403747824,0.078342403747824,0.1324090484624709,0.0999899660382537,0.0749632197522059,0.0999899660382537,0.0,0.0545213728963117,0.0999899660382537,0.078342403747824,0.0,0.1324090484624709,0.078342403747824,0.041172338956928,0.0749632197522059,0.1324090484624709,0.0999899660382537,0.1324090484624709,0.0749632197522059,0.3725798659459621,0.0545213728963117,0.3725798659459621,0.078342403747824,0.078342403747824,0.182053533683929,0.107359912685637,0.078342403747824,0.041172338956928,0.0545213728963117,0.078342403747824,0.0999899660382537,0.078342403747824,0.0545213728963117,0.0636715268145186,0.0999899660382537,0.078342403747824,0.0999899660382537,0.0545213728963117,0.0,0.0262176875118606,0.078342403747824,0.1324090484624709,0.0999899660382537,0.0636715268145186,0.0999899660382537,0.0999899660382537,0.053628690703256,0.304051121218363,0.0467066854134993,0.0322586368373393,0.078342403747824,0.078342403747824,0.0545213728963117,0.0192321645820291,0.0220824020542819,0.182053533683929,0.078342403747824,0.1324090484624709,0.1324090484624709,0.1324090484624709,0.1324090484624709,0.0,0.1324090484624709,0.0,0.078342403747824,0.0262176875118606,0.041172338956928,0.0322586368373393,0.0,0.0999899660382537,0.0636715268145186,0.041172338956928,0.0,0.0999899660382537,0.041172338956928,0.0999899660382537,0.0999899660382537,0.0545213728963117,0.1324090484624709,0.078342403747824
Aggressive periodontitis,0.0476199206365212,0.115648378688694,0.212831890191799,0.171902619932726,0.274166873716867,0.212831890191799,0.0322586368373393,0.0476199206365212,0.093408272931481,0.274166873716867,0.0613432731147329,0.0384622300306098,0.148976520421494,0.115768709113422,0.093408272931481,0.0322586368373393,0.274166873716867,0.0476199206365212,0.0613432731147329,0.115768709113422,0.093408272931481,0.093408272931481,0.212831890191799,0.078342403747824,1.0,0.0280132767810044,0.0476199206365212,0.0746915486002605,0.368184127562069,0.284037401363075,0.078342403747824,0.274166873716867,0.0680322436110106,0.115648378688694,0.093408272931481,0.0613432731147329,0.0823790970344355,0.115648378688694,0.1252021962253049,0.093408272931481,0.093408272931481,0.0680322436110106,0.115648378688694,0.148976520421494,0.115648378688694,0.0823790970344355,0.351665478053376,0.0476199206365212,0.0613432731147329,0.148976520421494,0.078342403747824,0.093408272931481,0.0384622300306098,0.115648378688694,0.078342403747824,0.7085007524967339,0.115648378688694,0.0680322436110106,0.093408272931481,0.115648378688694,0.115648378688694,0.115648378688694,0.115648378688694,0.115648378688694,0.0680322436110106,0.148976520421494,0.093408272931481,0.0613432731147329,0.0280132767810044,0.0384622300306098,0.078342403747824,0.274166873716867,0.274166873716867,0.115648378688694,0.453010235567401,0.078342403747824,0.0613432731147329,0.115648378688694,0.608356422123105,0.023062117726601,0.0613432731147329,0.368184127562069,0.093408272931481,0.0823790970344355,0.078342403747824,0.093408272931481,0.115648378688694,0.093408272931481,0.351665478053376,0.0322586368373393,0.274166873716867,0.212831890191799,0.212831890191799,0.0322586368373393,0.0613432731147329,0.148976520421494,0.0384622300306098,0.115648378688694,0.115648378688694,0.148976520421494,0.212831890191799,0.368184127562069,0.212831890191799,0.275363104390711,0.093408272931481,0.115768709113422,0.093408272931481,0.351665478053376,0.1252021962253049,0.0476199206365212,0.078342403747824,0.093408272931481,0.2811525792754519,0.171902619932726,0.0613432731147329,0.078342403747824,0.0613432731147329,0.444229946263574,0.115648378688694,0.148976520421494,0.212831890191799,0.115648378688694,0.0476199206365212,0.8333330277772181,0.0476199206365212,0.093408272931481,0.148976520421494,0.0322586368373393,0.148976520421494,0.0322586368373393,0.115768709113422,0.0,0.0,0.171902619932726,0.115768709113422,0.115648378688694,0.0613432731147329,0.368184127562069,0.171902619932726,0.093408272931481,0.148976520421494,0.212831890191799,0.0823790970344355,0.212831890191799,0.0,0.0613432731147329,0.212831890191799,0.093408272931481,0.0,0.148976520421494,0.093408272931481,0.0476199206365212,0.0823790970344355,0.148976520421494,0.115648378688694,0.148976520421494,0.0823790970344355,0.093408272931481,0.0613432731147329,0.093408272931481,0.093408272931481,0.093408272931481,0.368184127562069,0.115768709113422,0.093408272931481,0.0476199206365212,0.0613432731147329,0.093408272931481,0.115648378688694,0.171902619932726,0.0613432731147329,0.078342403747824,0.212831890191799,0.093408272931481,0.115648378688694,0.0613432731147329,0.0,0.0322586368373393,0.093408272931481,0.148976520421494,0.115648378688694,0.078342403747824,0.115648378688694,0.115648378688694,0.0680322436110106,0.115648378688694,0.0609274353162256,0.0384622300306098,0.093408272931481,0.093408272931481,0.0613432731147329,0.0250877674831517,0.0280132767810044,0.200063521369343,0.171902619932726,0.453010235567401,0.148976520421494,0.148976520421494,0.148976520421494,0.0,0.148976520421494,0.0,0.093408272931481,0.0322586368373393,0.0476199206365212,0.0384622300306098,0.0,0.115648378688694,0.078342403747824,0.0476199206365212,0.0,0.115648378688694,0.0476199206365212,0.115648378688694,0.115648378688694,0.0613432731147329,0.148976520421494,0.171902619932726
Type 1 Diabetes,0.0367619429090039,0.0367619429090039,0.0367619429090039,0.0280132767810044,0.0498579928542293,0.0367619429090039,0.5741321300587039,0.0892790042075809,0.0280132767810044,0.0498579928542293,0.0498579928542293,0.0280132767810044,0.0498579928542293,0.1016266783579799,0.0280132767810044,0.0220824020542819,0.0498579928542293,0.0367619429090039,0.0498579928542293,0.1016266783579799,0.0280132767810044,0.0280132767810044,0.0367619429090039,0.0220824020542819,0.0280132767810044,1.0,0.0367619429090039,0.0225009759178575,0.0698989009481177,0.0280132767810044,0.0220824020542819,0.0498579928542293,0.0180216412275933,0.0367619429090039,0.0280132767810044,0.0498579928542293,0.0698989009481177,0.0367619429090039,0.0180216412275933,0.0280132767810044,0.0280132767810044,0.0180216412275933,0.0367619429090039,0.0498579928542293,0.0367619429090039,0.0698989009481177,0.0367619429090039,0.0367619429090039,0.0498579928542293,0.0498579928542293,0.0220824020542819,0.0280132767810044,0.0280132767810044,0.0367619429090039,0.0220824020542819,0.0498579928542293,0.0367619429090039,0.0180216412275933,0.0280132767810044,0.0367619429090039,0.0367619429090039,0.0367619429090039,0.0367619429090039,0.0367619429090039,0.0180216412275933,0.0498579928542293,0.0280132767810044,0.0498579928542293,0.0180216412275933,0.490223176474009,0.0220824020542819,0.0498579928542293,0.0498579928542293,0.0367619429090039,0.0498579928542293,0.0220824020542819,0.0498579928542293,0.0367619429090039,0.0698989009481177,0.013283683417403,0.0498579928542293,0.0698989009481177,0.0280132767810044,0.0698989009481177,0.0220824020542819,0.0280132767810044,0.0367619429090039,0.0280132767810044,0.0367619429090039,0.0220824020542819,0.0498579928542293,0.0367619429090039,0.0367619429090039,0.0220824020542819,0.0498579928542293,0.0498579928542293,0.0280132767810044,0.0367619429090039,0.0367619429090039,0.0498579928542293,0.0367619429090039,0.0698989009481177,0.0367619429090039,0.251891645753317,0.0280132767810044,0.1016266783579799,0.0280132767810044,0.0367619429090039,0.0180216412275933,0.0367619429090039,0.0220824020542819,0.0280132767810044,0.1016266783579799,0.0280132767810044,0.0498579928542293,0.0220824020542819,0.0498579928542293,0.0280132767810044,0.0367619429090039,0.0498579928542293,0.0367619429090039,0.0367619429090039,0.0367619429090039,0.0367619429090039,0.0367619429090039,0.0280132767810044,0.0498579928542293,0.0986948173446475,0.0498579928542293,0.0986948173446475,0.1016266783579799,0.0,0.0,0.0280132767810044,0.1016266783579799,0.0367619429090039,0.0498579928542293,0.0698989009481177,0.0280132767810044,0.0280132767810044,0.0498579928542293,0.0367619429090039,0.0698989009481177,0.0367619429090039,0.0,0.0498579928542293,0.0367619429090039,0.0280132767810044,0.0,0.0498579928542293,0.0280132767810044,0.0367619429090039,0.0698989009481177,0.0498579928542293,0.0367619429090039,0.0498579928542293,0.0698989009481177,0.0280132767810044,0.222834702756658,0.0280132767810044,0.0280132767810044,0.0280132767810044,0.0698989009481177,0.1016266783579799,0.0280132767810044,0.424592019495871,0.0498579928542293,0.0280132767810044,0.0367619429090039,0.0280132767810044,0.0498579928542293,0.0220824020542819,0.0367619429090039,0.0280132767810044,0.0367619429090039,0.222834702756658,0.0,0.0220824020542819,0.0280132767810044,0.0498579928542293,0.0367619429090039,0.0220824020542819,0.0367619429090039,0.0367619429090039,0.0180216412275933,0.0367619429090039,0.0152223787564515,0.0280132767810044,0.0280132767810044,0.0280132767810044,0.0498579928542293,0.0152223787564515,0.0180216412275933,0.0698989009481177,0.0280132767810044,0.0498579928542293,0.0498579928542293,0.0498579928542293,0.0498579928542293,0.0,0.0498579928542293,0.0,0.0280132767810044,0.3864348096030949,0.0367619429090039,0.0280132767810044,0.0,0.0367619429090039,0.0220824020542819,0.0367619429090039,0.0,0.0367619429090039,0.0367619429090039,0.0367619429090039,0.0367619429090039,0.222834702756658,0.0498579928542293,0.0280132767810044
Esophageal cancer,0.0571439257166366,0.0571439257166366,0.0571439257166366,0.0476199206365212,0.0714299464323527,0.0571439257166366,0.041172338956928,0.0571439257166366,0.0476199206365212,0.0714299464323527,0.0714299464323527,0.351665478053376,0.0714299464323527,0.128249502550101,0.0476199206365212,0.47553108355459,0.0714299464323527,0.0571439257166366,0.0714299464323527,0.128249502550101,0.0476199206365212,0.0476199206365212,0.0571439257166366,0.041172338956928,0.0476199206365212,0.0367619429090039,1.0,0.0379290345439241,0.0933602719681705,0.0476199206365212,0.041172338956928,0.0714299464323527,0.0367619429090039,0.0571439257166366,0.0476199206365212,0.0714299464323527,0.0933602719681705,0.0571439257166366,0.0367619429090039,0.0476199206365212,0.0476199206365212,0.0367619429090039,0.0571439257166366,0.0714299464323527,0.0571439257166366,0.0933602719681705,0.0571439257166366,0.421998728397202,0.0714299464323527,0.0714299464323527,0.041172338956928,0.0476199206365212,0.351665478053376,0.0571439257166366,0.041172338956928,0.0714299464323527,0.0571439257166366,0.0367619429090039,0.0476199206365212,0.0571439257166366,0.0571439257166366,0.0571439257166366,0.0571439257166366,0.0571439257166366,0.0367619429090039,0.0714299464323527,0.0476199206365212,0.0714299464323527,0.424592019495871,0.0476199206365212,0.041172338956928,0.0714299464323527,0.0714299464323527,0.0571439257166366,0.0714299464323527,0.041172338956928,0.527498700621427,0.0571439257166366,0.0933602719681705,0.3652071646059129,0.0714299464323527,0.0933602719681705,0.0476199206365212,0.0933602719681705,0.041172338956928,0.0476199206365212,0.0571439257166366,0.0476199206365212,0.0571439257166366,0.0999899660382537,0.0714299464323527,0.0571439257166366,0.0571439257166366,0.304051121218363,0.0714299464323527,0.0714299464323527,0.115648378688694,0.0571439257166366,0.0571439257166366,0.0714299464323527,0.0571439257166366,0.0933602719681705,0.0571439257166366,0.296376456737466,0.0476199206365212,0.128249502550101,0.0476199206365212,0.0571439257166366,0.0367619429090039,0.659999251998354,0.041172338956928,0.0476199206365212,0.128249502550101,0.0476199206365212,0.0714299464323527,0.041172338956928,0.0714299464323527,0.0476199206365212,0.0571439257166366,0.0714299464323527,0.0571439257166366,0.0571439257166366,0.0571439257166366,0.0571439257166366,0.0571439257166366,0.0476199206365212,0.0714299464323527,0.041172338956928,0.0714299464323527,0.041172338956928,0.128249502550101,0.0,0.0,0.0476199206365212,0.128249502550101,0.0571439257166366,0.0714299464323527,0.0933602719681705,0.0476199206365212,0.0476199206365212,0.0714299464323527,0.0571439257166366,0.0933602719681705,0.0571439257166366,0.0,0.0714299464323527,0.0571439257166366,0.0476199206365212,0.0,0.0714299464323527,0.0476199206365212,0.0571439257166366,0.0933602719681705,0.0714299464323527,0.0571439257166366,0.0714299464323527,0.0933602719681705,0.0476199206365212,0.0714299464323527,0.0476199206365212,0.0476199206365212,0.0476199206365212,0.0933602719681705,0.128249502550101,0.0476199206365212,0.0571439257166366,0.0714299464323527,0.0476199206365212,0.0571439257166366,0.0476199206365212,0.0714299464323527,0.041172338956928,0.0571439257166366,0.0476199206365212,0.0571439257166366,0.0714299464323527,0.0,0.47553108355459,0.0476199206365212,0.0714299464323527,0.0571439257166366,0.041172338956928,0.0571439257166366,0.0571439257166366,0.0367619429090039,0.0571439257166366,0.0337236205744276,0.351665478053376,0.0476199206365212,0.0476199206365212,0.0714299464323527,0.38950009252372,0.271481053610807,0.0933602719681705,0.0476199206365212,0.0714299464323527,0.0714299464323527,0.0714299464323527,0.0714299464323527,0.0,0.0714299464323527,0.0,0.0476199206365212,0.041172338956928,0.659999251998354,0.115648378688694,0.0,0.0571439257166366,0.041172338956928,0.421998728397202,0.0,0.0571439257166366,0.421998728397202,0.0571439257166366,0.0571439257166366,0.0714299464323527,0.0714299464323527,0.0476199206365212
Acute skin abscess,0.0379290345439241,0.169519562553456,0.0921133696066727,0.0746915486002605,0.117967217290509,0.0921133696066727,0.0258636362537177,0.0379290345439241,0.0746915486002605,0.117967217290509,0.0485747365313862,0.0307553435412837,0.117967217290509,0.0895997076890433,0.0746915486002605,0.0258636362537177,0.117967217290509,0.0379290345439241,0.0485747365313862,0.0895997076890433,0.13745755582737,0.13745755582737,0.0921133696066727,0.0628116880447429,0.0746915486002605,0.0225009759178575,0.0379290345439241,1.0,0.157017181769811,0.0746915486002605,0.0628116880447429,0.117967217290509,0.0546452272290825,0.0921133696066727,0.0746915486002605,0.0485747365313862,0.064654133669922,0.0921133696066727,0.0546452272290825,0.0746915486002605,0.0746915486002605,0.0546452272290825,0.0921133696066727,0.117967217290509,0.0921133696066727,0.064654133669922,0.0921133696066727,0.0379290345439241,0.0485747365313862,0.117967217290509,0.0628116880447429,0.0746915486002605,0.0307553435412837,0.0921133696066727,0.0628116880447429,0.117967217290509,0.0921133696066727,0.0546452272290825,0.355217172737751,0.0921133696066727,0.0921133696066727,0.0921133696066727,0.0921133696066727,0.0921133696066727,0.0546452272290825,0.117967217290509,0.0746915486002605,0.0485747365313862,0.0225009759178575,0.0307553435412837,0.298719074115721,0.117967217290509,0.117967217290509,0.0921133696066727,0.117967217290509,0.0628116880447429,0.0485747365313862,0.0921133696066727,0.157017181769811,0.0185636903992008,0.0485747365313862,0.157017181769811,0.0746915486002605,0.064654133669922,0.298719074115721,0.0746915486002605,0.0921133696066727,0.0746915486002605,0.0921133696066727,0.0258636362537177,0.117967217290509,0.0921133696066727,0.0921133696066727,0.0258636362537177,0.0485747365313862,0.117967217290509,0.0307553435412837,0.0921133696066727,0.0921133696066727,0.117967217290509,0.0921133696066727,0.157017181769811,0.0921133696066727,0.199872170397504,0.0746915486002605,0.0895997076890433,0.0746915486002605,0.0921133696066727,0.0546452272290825,0.0379290345439241,0.0628116880447429,0.0746915486002605,0.217599290101962,0.0746915486002605,0.0485747365313862,0.0628116880447429,0.0485747365313862,0.0746915486002605,0.0921133696066727,0.117967217290509,0.0921133696066727,0.0921133696066727,0.0379290345439241,0.0921133696066727,0.0379290345439241,0.0746915486002605,0.117967217290509,0.0258636362537177,0.117967217290509,0.0258636362537177,0.0895997076890433,0.0,0.0,0.0746915486002605,0.0895997076890433,0.169519562553456,0.0485747365313862,0.157017181769811,0.0746915486002605,0.13745755582737,0.117967217290509,0.0921133696066727,0.064654133669922,0.0921133696066727,0.0,0.0485747365313862,0.0921133696066727,0.0746915486002605,0.0,0.117967217290509,0.0746915486002605,0.0379290345439241,0.064654133669922,0.117967217290509,0.0921133696066727,0.117967217290509,0.064654133669922,0.0746915486002605,0.0485747365313862,0.0746915486002605,0.0746915486002605,0.2271232804375269,0.157017181769811,0.0895997076890433,0.0746915486002605,0.0379290345439241,0.0485747365313862,0.0746915486002605,0.0921133696066727,0.0746915486002605,0.0485747365313862,0.0628116880447429,0.0921133696066727,0.0746915486002605,0.0921133696066727,0.0485747365313862,0.0,0.0258636362537177,0.0746915486002605,0.117967217290509,0.0921133696066727,0.0628116880447429,0.0921133696066727,0.0921133696066727,0.0546452272290825,0.0921133696066727,0.0490002445496728,0.0307553435412837,0.13745755582737,0.0746915486002605,0.0485747365313862,0.0201765712851594,0.0225009759178575,0.157017181769811,0.0746915486002605,0.117967217290509,0.117967217290509,0.117967217290509,0.117967217290509,0.0,0.117967217290509,0.0,0.0746915486002605,0.0258636362537177,0.0379290345439241,0.0307553435412837,0.0,0.0921133696066727,0.0628116880447429,0.0379290345439241,0.0,0.0921133696066727,0.0379290345439241,0.0921133696066727,0.0921133696066727,0.0485747365313862,0.117967217290509,0.0746915486002605
Necrotizing enterocolitis,0.0933602719681705,0.226732089065557,0.4172632563475379,0.368184127562069,0.491151693334087,0.4172632563475379,0.0749632197522059,0.0933602719681705,0.200063521369343,0.491151693334087,0.1098923880062569,0.0823790970344355,0.266881513729481,0.1763709506669489,0.200063521369343,0.0749632197522059,0.491151693334087,0.0933602719681705,0.1098923880062569,0.1763709506669489,0.200063521369343,0.200063521369343,0.4172632563475379,0.182053533683929,0.368184127562069,0.0698989009481177,0.0933602719681705,0.157017181769811,1.0,0.368184127562069,0.182053533683929,0.491151693334087,0.169754473731143,0.226732089065557,0.200063521369343,0.1098923880062569,0.135412554283458,0.226732089065557,0.312405291992608,0.200063521369343,0.200063521369343,0.169754473731143,0.226732089065557,0.266881513729481,0.226732089065557,0.135412554283458,0.4172632563475379,0.0933602719681705,0.1098923880062569,0.266881513729481,0.182053533683929,0.200063521369343,0.0823790970344355,0.226732089065557,0.182053533683929,0.491151693334087,0.226732089065557,0.169754473731143,0.200063521369343,0.226732089065557,0.226732089065557,0.226732089065557,0.226732089065557,0.226732089065557,0.169754473731143,0.266881513729481,0.200063521369343,0.1098923880062569,0.0698989009481177,0.0823790970344355,0.182053533683929,0.491151693334087,0.491151693334087,0.226732089065557,0.491151693334087,0.182053533683929,0.1098923880062569,0.226732089065557,0.6052112120015789,0.0640035322631421,0.1098923880062569,0.6052112120015789,0.200063521369343,0.135412554283458,0.182053533683929,0.200063521369343,0.226732089065557,0.200063521369343,0.4172632563475379,0.0749632197522059,0.491151693334087,0.4172632563475379,0.4172632563475379,0.0749632197522059,0.1098923880062569,0.266881513729481,0.0823790970344355,0.226732089065557,0.226732089065557,0.266881513729481,0.4172632563475379,0.6052112120015789,0.4172632563475379,0.380130200962355,0.200063521369343,0.1763709506669489,0.200063521369343,0.4172632563475379,0.312405291992608,0.0933602719681705,0.182053533683929,0.200063521369343,0.4283294516197329,0.368184127562069,0.1098923880062569,0.182053533683929,0.1098923880062569,0.368184127562069,0.226732089065557,0.266881513729481,0.4172632563475379,0.226732089065557,0.0933602719681705,0.4172632563475379,0.0933602719681705,0.200063521369343,0.266881513729481,0.0749632197522059,0.266881513729481,0.0749632197522059,0.1763709506669489,0.0,0.0,0.368184127562069,0.1763709506669489,0.226732089065557,0.1098923880062569,0.6052112120015789,0.368184127562069,0.200063521369343,0.266881513729481,0.4172632563475379,0.135412554283458,0.4172632563475379,0.0,0.1098923880062569,0.4172632563475379,0.200063521369343,0.0,0.266881513729481,0.200063521369343,0.0933602719681705,0.135412554283458,0.266881513729481,0.226732089065557,0.266881513729481,0.135412554283458,0.200063521369343,0.1098923880062569,0.200063521369343,0.200063521369343,0.200063521369343,1.0,0.1763709506669489,0.200063521369343,0.0933602719681705,0.1098923880062569,0.200063521369343,0.226732089065557,0.368184127562069,0.1098923880062569,0.182053533683929,0.4172632563475379,0.200063521369343,0.226732089065557,0.1098923880062569,0.0,0.0749632197522059,0.200063521369343,0.266881513729481,0.226732089065557,0.182053533683929,0.226732089065557,0.226732089065557,0.169754473731143,0.226732089065557,0.161291303605171,0.0823790970344355,0.200063521369343,0.200063521369343,0.1098923880062569,0.0664140661903645,0.0698989009481177,0.328859060402685,0.368184127562069,0.491151693334087,0.266881513729481,0.266881513729481,0.266881513729481,0.0,0.266881513729481,0.0,0.200063521369343,0.0749632197522059,0.0933602719681705,0.0823790970344355,0.0,0.226732089065557,0.182053533683929,0.0933602719681705,0.0,0.226732089065557,0.0933602719681705,0.226732089065557,0.226732089065557,0.1098923880062569,0.266881513729481,0.368184127562069
Caries,0.0476199206365212,0.115648378688694,0.212831890191799,0.171902619932726,0.274166873716867,0.212831890191799,0.0322586368373393,0.0476199206365212,0.093408272931481,0.274166873716867,0.0613432731147329,0.0384622300306098,0.148976520421494,0.115768709113422,0.093408272931481,0.0322586368373393,0.274166873716867,0.0476199206365212,0.0613432731147329,0.115768709113422,0.093408272931481,0.093408272931481,0.212831890191799,0.078342403747824,0.284037401363075,0.0280132767810044,0.0476199206365212,0.0746915486002605,0.368184127562069,1.0,0.078342403747824,0.274166873716867,0.0680322436110106,0.115648378688694,0.093408272931481,0.0613432731147329,0.0823790970344355,0.115648378688694,0.1252021962253049,0.093408272931481,0.093408272931481,0.0680322436110106,0.115648378688694,0.148976520421494,0.115648378688694,0.0823790970344355,0.351665478053376,0.0476199206365212,0.0613432731147329,0.148976520421494,0.078342403747824,0.093408272931481,0.0384622300306098,0.115648378688694,0.078342403747824,0.453010235567401,0.115648378688694,0.0680322436110106,0.093408272931481,0.115648378688694,0.115648378688694,0.115648378688694,0.115648378688694,0.115648378688694,0.0680322436110106,0.148976520421494,0.093408272931481,0.0613432731147329,0.0280132767810044,0.0384622300306098,0.078342403747824,0.274166873716867,0.274166873716867,0.115648378688694,0.453010235567401,0.078342403747824,0.0613432731147329,0.115648378688694,0.608356422123105,0.023062117726601,0.0613432731147329,0.368184127562069,0.093408272931481,0.0823790970344355,0.078342403747824,0.093408272931481,0.115648378688694,0.093408272931481,0.351665478053376,0.0322586368373393,0.274166873716867,0.212831890191799,0.212831890191799,0.0322586368373393,0.0613432731147329,0.148976520421494,0.0384622300306098,0.115648378688694,0.115648378688694,0.148976520421494,0.212831890191799,0.368184127562069,0.212831890191799,0.275363104390711,0.093408272931481,0.115768709113422,0.093408272931481,0.351665478053376,0.1252021962253049,0.0476199206365212,0.078342403747824,0.093408272931481,0.2811525792754519,0.171902619932726,0.0613432731147329,0.078342403747824,0.0613432731147329,0.284037401363075,0.115648378688694,0.148976520421494,0.212831890191799,0.115648378688694,0.0476199206365212,0.351665478053376,0.0476199206365212,0.093408272931481,0.148976520421494,0.0322586368373393,0.148976520421494,0.0322586368373393,0.115768709113422,0.0,0.0,0.171902619932726,0.115768709113422,0.115648378688694,0.0613432731147329,0.368184127562069,0.171902619932726,0.093408272931481,0.148976520421494,0.212831890191799,0.0823790970344355,0.212831890191799,0.0,0.0613432731147329,0.212831890191799,0.093408272931481,0.0,0.148976520421494,0.093408272931481,0.0476199206365212,0.0823790970344355,0.148976520421494,0.115648378688694,0.148976520421494,0.0823790970344355,0.093408272931481,0.0613432731147329,0.093408272931481,0.093408272931481,0.093408272931481,0.368184127562069,0.115768709113422,0.093408272931481,0.0476199206365212,0.0613432731147329,0.093408272931481,0.115648378688694,0.171902619932726,0.0613432731147329,0.078342403747824,0.212831890191799,0.093408272931481,0.115648378688694,0.0613432731147329,0.0,0.0322586368373393,0.093408272931481,0.148976520421494,0.115648378688694,0.078342403747824,0.115648378688694,0.115648378688694,0.0680322436110106,0.115648378688694,0.0609274353162256,0.0384622300306098,0.093408272931481,0.093408272931481,0.0613432731147329,0.0250877674831517,0.0280132767810044,0.200063521369343,0.171902619932726,0.453010235567401,0.148976520421494,0.148976520421494,0.148976520421494,0.0,0.148976520421494,0.0,0.093408272931481,0.0322586368373393,0.0476199206365212,0.0384622300306098,0.0,0.115648378688694,0.078342403747824,0.0476199206365212,0.0,0.115648378688694,0.0476199206365212,0.115648378688694,0.115648378688694,0.0613432731147329,0.148976520421494,0.171902619932726
Atopy,0.041172338956928,0.0999899660382537,0.0999899660382537,0.078342403747824,0.1324090484624709,0.0999899660382537,0.0262176875118606,0.041172338956928,0.078342403747824,0.1324090484624709,0.0545213728963117,0.0322586368373393,0.402631596345066,0.107359912685637,0.078342403747824,0.0262176875118606,0.1324090484624709,0.041172338956928,0.0545213728963117,0.107359912685637,0.078342403747824,0.078342403747824,0.0999899660382537,0.0636715268145186,0.078342403747824,0.0220824020542819,0.041172338956928,0.0628116880447429,0.182053533683929,0.078342403747824,1.0,0.1324090484624709,0.053628690703256,0.0999899660382537,0.078342403747824,0.0545213728963117,0.0749632197522059,0.0999899660382537,0.053628690703256,0.078342403747824,0.078342403747824,0.053628690703256,0.0999899660382537,0.1324090484624709,0.0999899660382537,0.0749632197522059,0.0999899660382537,0.041172338956928,0.0545213728963117,0.1324090484624709,1.0,0.078342403747824,0.0322586368373393,0.0999899660382537,0.0636715268145186,0.1324090484624709,0.304051121218363,0.053628690703256,0.078342403747824,0.304051121218363,0.0999899660382537,0.0999899660382537,0.0999899660382537,0.0999899660382537,0.053628690703256,0.1324090484624709,0.078342403747824,0.0545213728963117,0.0220824020542819,0.0322586368373393,0.0636715268145186,0.1324090484624709,0.1324090484624709,0.0999899660382537,0.1324090484624709,0.0636715268145186,0.0545213728963117,0.0999899660382537,0.182053533683929,0.0172583557076123,0.0545213728963117,0.182053533683929,0.078342403747824,0.0749632197522059,0.0636715268145186,0.078342403747824,0.0999899660382537,0.078342403747824,0.0999899660382537,0.0262176875118606,0.1324090484624709,0.0999899660382537,0.0999899660382537,0.0262176875118606,0.0545213728963117,0.1324090484624709,0.0322586368373393,0.0999899660382537,0.304051121218363,0.1324090484624709,0.0999899660382537,0.182053533683929,0.0999899660382537,0.261364164595575,0.078342403747824,0.107359912685637,0.078342403747824,0.0999899660382537,0.053628690703256,0.041172338956928,0.0636715268145186,0.078342403747824,0.260731216522262,0.078342403747824,0.0545213728963117,0.0636715268145186,0.0545213728963117,0.078342403747824,0.0999899660382537,0.1324090484624709,0.0999899660382537,0.0999899660382537,0.041172338956928,0.0999899660382537,0.041172338956928,0.078342403747824,0.1324090484624709,0.0262176875118606,0.1324090484624709,0.0262176875118606,0.107359912685637,0.0,0.0,0.078342403747824,0.107359912685637,0.0999899660382537,0.0545213728963117,0.182053533683929,0.078342403747824,0.078342403747824,0.1324090484624709,0.0999899660382537,0.0749632197522059,0.0999899660382537,0.0,0.0545213728963117,0.0999899660382537,0.078342403747824,0.0,0.1324090484624709,0.078342403747824,0.041172338956928,0.0749632197522059,0.1324090484624709,0.0999899660382537,0.1324090484624709,0.0749632197522059,0.078342403747824,0.0545213728963117,0.078342403747824,0.078342403747824,0.078342403747824,0.182053533683929,0.107359912685637,0.078342403747824,0.041172338956928,0.0545213728963117,0.078342403747824,0.0999899660382537,0.078342403747824,0.0545213728963117,0.0636715268145186,0.0999899660382537,0.078342403747824,0.0999899660382537,0.0545213728963117,0.0,0.0262176875118606,0.078342403747824,0.1324090484624709,0.0999899660382537,0.0636715268145186,0.0999899660382537,0.0999899660382537,0.053628690703256,0.0999899660382537,0.0467066854134993,0.0322586368373393,0.078342403747824,0.078342403747824,0.0545213728963117,0.0192321645820291,0.0220824020542819,0.182053533683929,0.078342403747824,0.1324090484624709,0.1324090484624709,0.1324090484624709,0.1324090484624709,0.0,0.1324090484624709,0.0,0.078342403747824,0.0262176875118606,0.041172338956928,0.0322586368373393,0.0,0.0999899660382537,0.0636715268145186,0.041172338956928,0.0,0.0999899660382537,0.041172338956928,0.0999899660382537,0.0999899660382537,0.0545213728963117,0.402631596345066,0.078342403747824
Familial adenomatous polyposis,0.0714299464323527,0.1734727270499989,0.527498700621427,0.453010235567401,0.639392737369731,0.3192481279323519,0.0545213728963117,0.0714299464323527,0.148976520421494,0.639392737369731,0.0865818037575277,0.0613432731147329,0.21027009483971,0.147105639620399,0.148976520421494,0.0545213728963117,0.639392737369731,0.0714299464323527,0.0865818037575277,0.147105639620399,0.148976520421494,0.148976520421494,0.527498700621427,0.1324090484624709,0.274166873716867,0.0498579928542293,0.0714299464323527,0.117967217290509,0.491151693334087,0.274166873716867,0.1324090484624709,1.0,0.1210836969317,0.1734727270499989,0.148976520421494,0.0865818037575277,0.1098923880062569,0.1734727270499989,0.222834702756658,0.148976520421494,0.148976520421494,0.1210836969317,0.1734727270499989,0.21027009483971,0.1734727270499989,0.1098923880062569,0.3192481279323519,0.0714299464323527,0.0865818037575277,0.21027009483971,0.1324090484624709,0.148976520421494,0.0613432731147329,0.1734727270499989,0.1324090484624709,0.386967653528542,0.1734727270499989,0.1210836969317,0.148976520421494,0.1734727270499989,0.1734727270499989,0.1734727270499989,0.1734727270499989,0.1734727270499989,0.1210836969317,0.21027009483971,0.148976520421494,0.0865818037575277,0.0498579928542293,0.0613432731147329,0.1324090484624709,0.386967653528542,0.386967653528542,0.1734727270499989,0.386967653528542,0.1324090484624709,0.0865818037575277,0.1734727270499989,0.491151693334087,0.0444245555713213,0.0865818037575277,0.491151693334087,0.148976520421494,0.1098923880062569,0.1324090484624709,0.148976520421494,0.1734727270499989,0.148976520421494,0.3192481279323519,0.0545213728963117,0.386967653528542,0.3192481279323519,0.527498700621427,0.0545213728963117,0.0865818037575277,0.21027009483971,0.0613432731147329,0.1734727270499989,0.1734727270499989,0.21027009483971,0.527498700621427,0.491151693334087,0.527498700621427,0.32866873393231,0.148976520421494,0.147105639620399,0.148976520421494,0.3192481279323519,0.222834702756658,0.0714299464323527,0.1324090484624709,0.148976520421494,0.357256553363825,0.453010235567401,0.0865818037575277,0.1324090484624709,0.0865818037575277,0.274166873716867,0.1734727270499989,0.21027009483971,0.3192481279323519,0.1734727270499989,0.0714299464323527,0.3192481279323519,0.0714299464323527,0.148976520421494,0.21027009483971,0.0545213728963117,0.21027009483971,0.0545213728963117,0.147105639620399,0.0,0.0,0.274166873716867,0.147105639620399,0.1734727270499989,0.0865818037575277,0.491151693334087,0.274166873716867,0.148976520421494,0.21027009483971,0.3192481279323519,0.1098923880062569,0.527498700621427,0.0,0.0865818037575277,0.3192481279323519,0.148976520421494,0.0,0.21027009483971,0.148976520421494,0.0714299464323527,0.1098923880062569,0.21027009483971,0.1734727270499989,0.21027009483971,0.1098923880062569,0.148976520421494,0.0865818037575277,0.148976520421494,0.148976520421494,0.148976520421494,0.491151693334087,0.147105639620399,0.148976520421494,0.0714299464323527,0.0865818037575277,0.148976520421494,0.1734727270499989,0.274166873716867,0.0865818037575277,0.1324090484624709,0.527498700621427,0.148976520421494,0.1734727270499989,0.0865818037575277,0.0,0.0545213728963117,0.148976520421494,0.21027009483971,0.1734727270499989,0.1324090484624709,0.1734727270499989,0.1734727270499989,0.1210836969317,0.1734727270499989,0.113285175146291,0.0613432731147329,0.148976520421494,0.148976520421494,0.0865818037575277,0.0466468368249435,0.0498579928542293,0.266881513729481,0.453010235567401,0.386967653528542,0.21027009483971,0.21027009483971,0.21027009483971,0.0,0.21027009483971,0.0,0.148976520421494,0.0545213728963117,0.0714299464323527,0.0613432731147329,0.0,0.1734727270499989,0.1324090484624709,0.0714299464323527,0.0,0.1734727270499989,0.0714299464323527,0.1734727270499989,0.1734727270499989,0.0865818037575277,0.21027009483971,0.453010235567401
Allergy,0.0367619429090039,0.0892790042075809,0.0892790042075809,0.0680322436110106,0.1210836969317,0.0892790042075809,0.0220824020542819,0.0367619429090039,0.0680322436110106,0.1210836969317,0.0498579928542293,0.0280132767810044,0.1210836969317,0.1016266783579799,0.0680322436110106,0.0220824020542819,0.1210836969317,0.0367619429090039,0.0498579928542293,0.1016266783579799,0.0680322436110106,0.0680322436110106,0.0892790042075809,0.053628690703256,0.0680322436110106,0.0180216412275933,0.0367619429090039,0.0546452272290825,0.169754473731143,0.0680322436110106,0.053628690703256,0.1210836969317,1.0,0.164303377491262,0.0680322436110106,0.0498579928542293,0.0698989009481177,0.0892790042075809,0.0437668429812979,0.0680322436110106,0.1252021962253049,0.0437668429812979,0.0892790042075809,0.222834702756658,0.164303377491262,0.0698989009481177,0.0892790042075809,0.0367619429090039,0.0498579928542293,0.1210836969317,0.053628690703256,0.0680322436110106,0.0280132767810044,0.0892790042075809,0.053628690703256,0.1210836969317,0.0892790042075809,0.0437668429812979,0.0680322436110106,0.0892790042075809,0.0892790042075809,0.164303377491262,0.0892790042075809,0.0892790042075809,0.0437668429812979,0.1210836969317,0.0680322436110106,0.0498579928542293,0.0180216412275933,0.0280132767810044,0.053628690703256,0.1210836969317,0.1210836969317,0.0892790042075809,0.1210836969317,0.053628690703256,0.0498579928542293,0.0892790042075809,0.169754473731143,0.013283683417403,0.0498579928542293,0.169754473731143,0.0680322436110106,0.0698989009481177,0.053628690703256,0.0680322436110106,0.164303377491262,0.0680322436110106,0.0892790042075809,0.0220824020542819,0.1210836969317,0.0892790042075809,0.0892790042075809,0.0220824020542819,0.0498579928542293,0.1210836969317,0.0280132767810044,0.0892790042075809,0.0892790042075809,0.222834702756658,0.0892790042075809,0.169754473731143,0.0892790042075809,0.251891645753317,0.0680322436110106,0.1016266783579799,0.0680322436110106,0.0892790042075809,0.0437668429812979,0.0367619429090039,0.053628690703256,0.0680322436110106,0.2468076474408089,0.0680322436110106,0.0498579928542293,0.053628690703256,0.0498579928542293,0.0680322436110106,0.0892790042075809,0.1210836969317,0.0892790042075809,0.0892790042075809,0.0367619429090039,0.0892790042075809,0.0367619429090039,0.1252021962253049,0.1210836969317,0.0220824020542819,0.1210836969317,0.0220824020542819,0.1016266783579799,0.0,0.0,0.0680322436110106,0.1016266783579799,0.0892790042075809,0.0498579928542293,0.169754473731143,0.0680322436110106,0.0680322436110106,0.1210836969317,0.0892790042075809,0.0698989009481177,0.0892790042075809,0.0,0.0498579928542293,0.0892790042075809,0.0680322436110106,0.0,0.1210836969317,0.0680322436110106,0.0367619429090039,0.0698989009481177,0.1210836969317,0.0892790042075809,0.1210836969317,0.0698989009481177,0.0680322436110106,0.0498579928542293,0.0680322436110106,0.1252021962253049,0.0680322436110106,0.169754473731143,0.1016266783579799,0.1252021962253049,0.0367619429090039,0.0498579928542293,0.0680322436110106,0.0892790042075809,0.0680322436110106,0.0498579928542293,0.053628690703256,0.0892790042075809,0.1252021962253049,0.0892790042075809,0.0498579928542293,0.0,0.0220824020542819,0.0680322436110106,0.1210836969317,0.0892790042075809,0.053628690703256,0.0892790042075809,0.0892790042075809,0.0437668429812979,0.0892790042075809,0.0369686341228109,0.0280132767810044,0.0680322436110106,0.1252021962253049,0.0498579928542293,0.0152223787564515,0.0180216412275933,0.169754473731143,0.0680322436110106,0.1210836969317,0.1210836969317,0.1210836969317,0.1210836969317,0.0,0.222834702756658,0.0,0.0680322436110106,0.0220824020542819,0.0367619429090039,0.0280132767810044,0.0,0.164303377491262,0.053628690703256,0.0367619429090039,0.0,0.0892790042075809,0.0367619429090039,0.0892790042075809,0.164303377491262,0.0498579928542293,0.1210836969317,0.0680322436110106
"Celiac Disease, Coaliac disease",0.0571439257166366,0.138778105311832,0.138778105311832,0.115648378688694,0.1734727270499989,0.138778105311832,0.041172338956928,0.0571439257166366,0.115648378688694,0.1734727270499989,0.0714299464323527,0.0476199206365212,0.1734727270499989,0.128249502550101,0.115648378688694,0.041172338956928,0.1734727270499989,0.0571439257166366,0.0714299464323527,0.128249502550101,0.115648378688694,0.115648378688694,0.138778105311832,0.0999899660382537,0.115648378688694,0.0367619429090039,0.0571439257166366,0.0921133696066727,0.226732089065557,0.115648378688694,0.0999899660382537,0.1734727270499989,0.164303377491262,1.0,0.115648378688694,0.0714299464323527,0.0933602719681705,0.138778105311832,0.0892790042075809,0.115648378688694,0.212831890191799,0.0892790042075809,0.138778105311832,0.527498700621427,0.659999251998354,0.0933602719681705,0.138778105311832,0.0571439257166366,0.0714299464323527,0.1734727270499989,0.0999899660382537,0.115648378688694,0.0476199206365212,0.138778105311832,0.0999899660382537,0.1734727270499989,0.138778105311832,0.0892790042075809,0.115648378688694,0.138778105311832,0.138778105311832,1.0,0.138778105311832,0.138778105311832,0.0892790042075809,0.1734727270499989,0.115648378688694,0.0714299464323527,0.0367619429090039,0.0476199206365212,0.0999899660382537,0.1734727270499989,0.1734727270499989,0.138778105311832,0.1734727270499989,0.0999899660382537,0.0714299464323527,0.138778105311832,0.226732089065557,0.0316202950567523,0.0714299464323527,0.226732089065557,0.115648378688694,0.0933602719681705,0.0999899660382537,0.115648378688694,0.421998728397202,0.115648378688694,0.138778105311832,0.041172338956928,0.1734727270499989,0.138778105311832,0.138778105311832,0.041172338956928,0.0714299464323527,0.1734727270499989,0.0476199206365212,0.138778105311832,0.138778105311832,0.527498700621427,0.138778105311832,0.226732089065557,0.138778105311832,0.296376456737466,0.115648378688694,0.128249502550101,0.115648378688694,0.138778105311832,0.0892790042075809,0.0571439257166366,0.0999899660382537,0.115648378688694,0.311463077621673,0.115648378688694,0.0714299464323527,0.0999899660382537,0.0714299464323527,0.115648378688694,0.138778105311832,0.1734727270499989,0.138778105311832,0.138778105311832,0.0571439257166366,0.138778105311832,0.0571439257166366,0.212831890191799,0.1734727270499989,0.041172338956928,0.1734727270499989,0.041172338956928,0.128249502550101,0.0,0.0,0.115648378688694,0.128249502550101,0.138778105311832,0.0714299464323527,0.226732089065557,0.115648378688694,0.115648378688694,0.1734727270499989,0.138778105311832,0.0933602719681705,0.138778105311832,0.0,0.0714299464323527,0.138778105311832,0.115648378688694,0.0,0.1734727270499989,0.115648378688694,0.0571439257166366,0.0933602719681705,0.1734727270499989,0.138778105311832,0.1734727270499989,0.0933602719681705,0.115648378688694,0.0714299464323527,0.115648378688694,0.351665478053376,0.115648378688694,0.226732089065557,0.128249502550101,0.212831890191799,0.0571439257166366,0.0714299464323527,0.115648378688694,0.138778105311832,0.115648378688694,0.0714299464323527,0.0999899660382537,0.138778105311832,0.351665478053376,0.138778105311832,0.0714299464323527,0.0,0.041172338956928,0.115648378688694,0.1734727270499989,0.138778105311832,0.0999899660382537,0.138778105311832,0.138778105311832,0.0892790042075809,0.138778105311832,0.0819002213950383,0.0476199206365212,0.115648378688694,0.351665478053376,0.0714299464323527,0.0337236205744276,0.0367619429090039,0.226732089065557,0.115648378688694,0.1734727270499989,0.1734727270499989,0.1734727270499989,0.1734727270499989,0.0,0.527498700621427,0.0,0.115648378688694,0.041172338956928,0.0571439257166366,0.0476199206365212,0.0,0.421998728397202,0.0999899660382537,0.0571439257166366,0.0,0.138778105311832,0.0571439257166366,0.138778105311832,0.421998728397202,0.0714299464323527,0.1734727270499989,0.115648378688694
Ankylosing spondylitis,0.0476199206365212,0.115648378688694,0.115648378688694,0.093408272931481,0.148976520421494,0.115648378688694,0.0322586368373393,0.0476199206365212,0.444229946263574,0.148976520421494,0.0613432731147329,0.0384622300306098,0.148976520421494,0.115768709113422,0.093408272931481,0.0322586368373393,0.148976520421494,0.0476199206365212,0.0613432731147329,0.115768709113422,0.093408272931481,0.093408272931481,0.115648378688694,0.078342403747824,0.093408272931481,0.0280132767810044,0.0476199206365212,0.0746915486002605,0.200063521369343,0.093408272931481,0.078342403747824,0.148976520421494,0.0680322436110106,0.115648378688694,1.0,0.0613432731147329,0.0823790970344355,0.212831890191799,0.0680322436110106,0.093408272931481,0.093408272931481,0.490223176474009,0.115648378688694,0.148976520421494,0.115648378688694,0.0823790970344355,0.115648378688694,0.0476199206365212,0.0613432731147329,0.148976520421494,0.078342403747824,0.093408272931481,0.0384622300306098,0.115648378688694,0.5645155881887141,0.148976520421494,0.115648378688694,0.0680322436110106,0.093408272931481,0.115648378688694,0.115648378688694,0.115648378688694,0.115648378688694,0.115648378688694,0.490223176474009,0.148976520421494,0.093408272931481,0.0613432731147329,0.0280132767810044,0.0384622300306098,0.078342403747824,0.148976520421494,0.148976520421494,0.115648378688694,0.148976520421494,0.078342403747824,0.0613432731147329,0.115648378688694,0.200063521369343,0.023062117726601,0.0613432731147329,0.200063521369343,0.093408272931481,0.0823790970344355,0.078342403747824,0.6730764389785729,0.115648378688694,0.093408272931481,0.115648378688694,0.0322586368373393,0.148976520421494,0.115648378688694,0.115648378688694,0.0322586368373393,0.0613432731147329,0.148976520421494,0.0384622300306098,0.115648378688694,0.115648378688694,0.148976520421494,0.115648378688694,0.200063521369343,0.115648378688694,0.275363104390711,0.093408272931481,0.115768709113422,0.093408272931481,0.115648378688694,0.0680322436110106,0.0476199206365212,0.5645155881887141,0.093408272931481,0.2811525792754519,0.093408272931481,0.0613432731147329,0.078342403747824,0.0613432731147329,0.093408272931481,0.115648378688694,0.148976520421494,0.115648378688694,0.115648378688694,0.0476199206365212,0.115648378688694,0.0476199206365212,0.093408272931481,0.148976520421494,0.0322586368373393,0.148976520421494,0.0322586368373393,0.115768709113422,0.0,0.0,0.093408272931481,0.115768709113422,0.115648378688694,0.0613432731147329,0.200063521369343,0.093408272931481,0.093408272931481,0.148976520421494,0.115648378688694,0.0823790970344355,0.115648378688694,0.0,0.0613432731147329,0.115648378688694,0.093408272931481,0.0,0.148976520421494,0.093408272931481,0.0476199206365212,0.0823790970344355,0.148976520421494,0.115648378688694,0.148976520421494,0.0823790970344355,0.093408272931481,0.0613432731147329,0.093408272931481,0.093408272931481,0.093408272931481,0.200063521369343,0.115768709113422,0.093408272931481,0.0476199206365212,0.0613432731147329,0.6730764389785729,0.115648378688694,0.093408272931481,0.0613432731147329,0.078342403747824,0.115648378688694,0.093408272931481,0.115648378688694,0.0613432731147329,0.0,0.0322586368373393,0.093408272931481,0.148976520421494,0.115648378688694,0.5645155881887141,0.115648378688694,0.115648378688694,0.0680322436110106,0.115648378688694,0.0609274353162256,0.0384622300306098,0.093408272931481,0.093408272931481,0.0613432731147329,0.0250877674831517,0.0280132767810044,0.200063521369343,0.093408272931481,0.148976520421494,0.148976520421494,0.148976520421494,0.148976520421494,0.0,0.148976520421494,0.0,0.093408272931481,0.0322586368373393,0.0476199206365212,0.0384622300306098,0.0,0.115648378688694,0.5645155881887141,0.0476199206365212,0.0,0.115648378688694,0.0476199206365212,0.115648378688694,0.115648378688694,0.0613432731147329,0.148976520421494,0.093408272931481
Atopic eczema,0.0714299464323527,0.0714299464323527,0.0714299464323527,0.0613432731147329,0.0865818037575277,0.0714299464323527,0.0545213728963117,0.0714299464323527,0.0613432731147329,0.0865818037575277,0.386967653528542,0.0613432731147329,0.0865818037575277,0.147105639620399,0.0613432731147329,0.0545213728963117,0.0865818037575277,0.0714299464323527,0.0865818037575277,0.147105639620399,0.0613432731147329,0.0613432731147329,0.0714299464323527,0.0545213728963117,0.0613432731147329,0.0498579928542293,0.0714299464323527,0.0485747365313862,0.1098923880062569,0.0613432731147329,0.0545213728963117,0.0865818037575277,0.0498579928542293,0.0714299464323527,0.0613432731147329,1.0,0.491151693334087,0.0714299464323527,0.0498579928542293,0.0613432731147329,0.0613432731147329,0.0498579928542293,0.0714299464323527,0.0865818037575277,0.0714299464323527,0.491151693334087,0.0714299464323527,0.0714299464323527,0.21027009483971,0.0865818037575277,0.0545213728963117,0.0613432731147329,0.0613432731147329,0.0714299464323527,0.0545213728963117,0.0865818037575277,0.0714299464323527,0.0498579928542293,0.0613432731147329,0.0714299464323527,0.0714299464323527,0.0714299464323527,0.0714299464323527,0.0714299464323527,0.0498579928542293,0.0865818037575277,0.0613432731147329,0.21027009483971,0.0498579928542293,0.0613432731147329,0.0545213728963117,0.0865818037575277,0.0865818037575277,0.0714299464323527,0.0865818037575277,0.0545213728963117,0.0865818037575277,0.0714299464323527,0.1098923880062569,0.0444245555713213,0.21027009483971,0.1098923880062569,0.0613432731147329,0.1098923880062569,0.0545213728963117,0.0613432731147329,0.0714299464323527,0.0613432731147329,0.0714299464323527,0.0545213728963117,0.0865818037575277,0.0714299464323527,0.0714299464323527,0.0545213728963117,1.0,0.0865818037575277,0.0613432731147329,0.0714299464323527,0.0714299464323527,0.0865818037575277,0.0714299464323527,0.1098923880062569,0.0714299464323527,0.32866873393231,0.0613432731147329,0.147105639620399,0.0613432731147329,0.0714299464323527,0.0498579928542293,0.0714299464323527,0.0545213728963117,0.0613432731147329,0.147105639620399,0.0613432731147329,0.21027009483971,0.0545213728963117,0.0865818037575277,0.0613432731147329,0.0714299464323527,0.0865818037575277,0.0714299464323527,0.0714299464323527,0.1734727270499989,0.0714299464323527,0.0714299464323527,0.0613432731147329,0.0865818037575277,0.0545213728963117,0.0865818037575277,0.0545213728963117,0.147105639620399,0.0,0.0,0.0613432731147329,0.147105639620399,0.0714299464323527,0.0865818037575277,0.1098923880062569,0.0613432731147329,0.0613432731147329,0.0865818037575277,0.0714299464323527,0.491151693334087,0.0714299464323527,0.0,0.0865818037575277,0.0714299464323527,0.0613432731147329,0.0,0.0865818037575277,0.0613432731147329,0.1734727270499989,0.491151693334087,0.0865818037575277,0.0714299464323527,0.0865818037575277,0.1098923880062569,0.0613432731147329,0.0865818037575277,0.0613432731147329,0.0613432731147329,0.0613432731147329,0.1098923880062569,0.147105639620399,0.0613432731147329,0.0714299464323527,0.21027009483971,0.0613432731147329,0.0714299464323527,0.0613432731147329,0.0865818037575277,0.0545213728963117,0.0714299464323527,0.0613432731147329,0.0714299464323527,0.0865818037575277,0.0,0.0545213728963117,0.0613432731147329,0.0865818037575277,0.0714299464323527,0.0545213728963117,0.0714299464323527,0.0714299464323527,0.0498579928542293,0.0714299464323527,0.0466468368249435,0.0613432731147329,0.0613432731147329,0.0613432731147329,0.0865818037575277,0.0466468368249435,0.0498579928542293,0.1098923880062569,0.0613432731147329,0.0865818037575277,0.0865818037575277,0.0865818037575277,0.0865818037575277,0.0,0.0865818037575277,0.0,0.0613432731147329,0.0545213728963117,0.0714299464323527,0.0613432731147329,0.0,0.0714299464323527,0.0545213728963117,0.0714299464323527,0.0,0.0714299464323527,0.0714299464323527,0.0714299464323527,0.0714299464323527,0.0865818037575277,0.0865818037575277,0.0613432731147329
HIV infection,0.0933602719681705,0.0933602719681705,0.0933602719681705,0.0823790970344355,0.1098923880062569,0.0933602719681705,0.0749632197522059,0.0933602719681705,0.0823790970344355,0.1098923880062569,0.81153766419781,0.0823790970344355,0.1098923880062569,0.1763709506669489,0.0823790970344355,0.0749632197522059,0.1098923880062569,0.0933602719681705,0.1098923880062569,0.1763709506669489,0.0823790970344355,0.0823790970344355,0.0933602719681705,0.0749632197522059,0.0823790970344355,0.0698989009481177,0.0933602719681705,0.064654133669922,0.135412554283458,0.0823790970344355,0.0749632197522059,0.1098923880062569,0.0698989009481177,0.0933602719681705,0.0823790970344355,0.491151693334087,1.0,0.0933602719681705,0.0698989009481177,0.0823790970344355,0.0823790970344355,0.0698989009481177,0.0933602719681705,0.1098923880062569,0.0933602719681705,0.6052112120015789,0.0933602719681705,0.0933602719681705,0.266881513729481,0.1098923880062569,0.0749632197522059,0.0823790970344355,0.0823790970344355,0.0933602719681705,0.0749632197522059,0.1098923880062569,0.0933602719681705,0.0698989009481177,0.0823790970344355,0.0933602719681705,0.0933602719681705,0.0933602719681705,0.0933602719681705,0.0933602719681705,0.0698989009481177,0.1098923880062569,0.0823790970344355,0.266881513729481,0.0698989009481177,0.0823790970344355,0.0749632197522059,0.1098923880062569,0.1098923880062569,0.0933602719681705,0.1098923880062569,0.0749632197522059,0.1098923880062569,0.0933602719681705,0.135412554283458,0.0640035322631421,0.266881513729481,0.135412554283458,0.0823790970344355,0.135412554283458,0.0749632197522059,0.0823790970344355,0.0933602719681705,0.0823790970344355,0.0933602719681705,0.0749632197522059,0.1098923880062569,0.0933602719681705,0.0933602719681705,0.0749632197522059,0.491151693334087,0.1098923880062569,0.0823790970344355,0.0933602719681705,0.0933602719681705,0.1098923880062569,0.0933602719681705,0.135412554283458,0.0933602719681705,0.380130200962355,0.0823790970344355,0.1763709506669489,0.0823790970344355,0.0933602719681705,0.0698989009481177,0.0933602719681705,0.0749632197522059,0.0823790970344355,0.1763709506669489,0.0823790970344355,0.266881513729481,0.0749632197522059,0.1098923880062569,0.0823790970344355,0.0933602719681705,0.1098923880062569,0.0933602719681705,0.0933602719681705,0.226732089065557,0.0933602719681705,0.0933602719681705,0.0823790970344355,0.1098923880062569,0.0749632197522059,0.1098923880062569,0.0749632197522059,0.1763709506669489,0.0,0.0,0.0823790970344355,0.1763709506669489,0.0933602719681705,0.1098923880062569,0.135412554283458,0.0823790970344355,0.0823790970344355,0.1098923880062569,0.0933602719681705,0.6052112120015789,0.0933602719681705,0.0,0.1098923880062569,0.0933602719681705,0.0823790970344355,0.0,0.1098923880062569,0.0823790970344355,0.226732089065557,1.0,0.1098923880062569,0.0933602719681705,0.1098923880062569,0.135412554283458,0.0823790970344355,0.1098923880062569,0.0823790970344355,0.0823790970344355,0.0823790970344355,0.135412554283458,0.1763709506669489,0.0823790970344355,0.0933602719681705,0.266881513729481,0.0823790970344355,0.0933602719681705,0.0823790970344355,0.1098923880062569,0.0749632197522059,0.0933602719681705,0.0823790970344355,0.0933602719681705,0.1098923880062569,0.0,0.0749632197522059,0.0823790970344355,0.1098923880062569,0.0933602719681705,0.0749632197522059,0.0933602719681705,0.0933602719681705,0.0698989009481177,0.0933602719681705,0.0664140661903645,0.0823790970344355,0.0823790970344355,0.0823790970344355,0.1098923880062569,0.0664140661903645,0.0698989009481177,0.135412554283458,0.0823790970344355,0.1098923880062569,0.1098923880062569,0.1098923880062569,0.1098923880062569,0.0,0.1098923880062569,0.0,0.0823790970344355,0.0749632197522059,0.0933602719681705,0.0823790970344355,0.0,0.0933602719681705,0.0749632197522059,0.0933602719681705,0.0,0.0933602719681705,0.0933602719681705,0.0933602719681705,0.0933602719681705,0.1098923880062569,0.1098923880062569,0.0823790970344355
Systemic sclerosis,0.0571439257166366,0.138778105311832,0.138778105311832,0.115648378688694,0.1734727270499989,0.138778105311832,0.041172338956928,0.0571439257166366,0.212831890191799,0.1734727270499989,0.0714299464323527,0.0476199206365212,0.1734727270499989,0.128249502550101,0.115648378688694,0.041172338956928,0.1734727270499989,0.0571439257166366,0.0714299464323527,0.128249502550101,0.115648378688694,0.115648378688694,0.138778105311832,0.0999899660382537,0.115648378688694,0.0367619429090039,0.0571439257166366,0.0921133696066727,0.226732089065557,0.115648378688694,0.0999899660382537,0.1734727270499989,0.0892790042075809,0.138778105311832,0.212831890191799,0.0714299464323527,0.0933602719681705,1.0,0.0892790042075809,0.115648378688694,0.115648378688694,0.164303377491262,0.138778105311832,0.1734727270499989,0.138778105311832,0.0933602719681705,0.138778105311832,0.0571439257166366,0.0714299464323527,0.1734727270499989,0.0999899660382537,0.115648378688694,0.0476199206365212,0.138778105311832,0.184015147583005,0.1734727270499989,0.138778105311832,0.0892790042075809,0.115648378688694,0.138778105311832,0.138778105311832,0.138778105311832,0.138778105311832,0.138778105311832,0.164303377491262,0.1734727270499989,0.115648378688694,0.0714299464323527,0.0367619429090039,0.0476199206365212,0.0999899660382537,0.1734727270499989,0.1734727270499989,0.138778105311832,0.1734727270499989,0.0999899660382537,0.0714299464323527,0.138778105311832,0.226732089065557,0.0316202950567523,0.0714299464323527,0.226732089065557,0.115648378688694,0.0933602719681705,0.0999899660382537,0.212831890191799,0.138778105311832,0.115648378688694,0.138778105311832,0.041172338956928,0.1734727270499989,0.138778105311832,0.138778105311832,0.041172338956928,0.0714299464323527,0.1734727270499989,0.0476199206365212,0.138778105311832,0.138778105311832,0.1734727270499989,0.138778105311832,0.226732089065557,0.138778105311832,0.296376456737466,0.115648378688694,0.128249502550101,0.115648378688694,0.138778105311832,0.0892790042075809,0.0571439257166366,0.184015147583005,0.115648378688694,0.311463077621673,0.115648378688694,0.0714299464323527,0.0999899660382537,0.0714299464323527,0.115648378688694,0.138778105311832,0.1734727270499989,0.138778105311832,0.138778105311832,0.0571439257166366,0.138778105311832,0.0571439257166366,0.115648378688694,0.1734727270499989,0.041172338956928,0.1734727270499989,0.041172338956928,0.128249502550101,0.0,0.0,0.115648378688694,0.128249502550101,0.138778105311832,0.0714299464323527,0.226732089065557,0.115648378688694,0.115648378688694,0.1734727270499989,0.138778105311832,0.0933602719681705,0.138778105311832,0.0,0.0714299464323527,0.138778105311832,0.115648378688694,0.0,0.1734727270499989,0.115648378688694,0.0571439257166366,0.0933602719681705,0.1734727270499989,0.138778105311832,0.1734727270499989,0.0933602719681705,0.115648378688694,0.0714299464323527,0.115648378688694,0.115648378688694,0.115648378688694,0.226732089065557,0.128249502550101,0.115648378688694,0.0571439257166366,0.0714299464323527,0.212831890191799,0.138778105311832,0.115648378688694,0.0714299464323527,0.0999899660382537,0.138778105311832,0.115648378688694,0.138778105311832,0.0714299464323527,0.0,0.041172338956928,0.115648378688694,0.1734727270499989,0.138778105311832,0.184015147583005,0.138778105311832,0.138778105311832,0.0892790042075809,0.138778105311832,0.0819002213950383,0.0476199206365212,0.115648378688694,0.115648378688694,0.0714299464323527,0.0337236205744276,0.0367619429090039,0.226732089065557,0.115648378688694,0.1734727270499989,0.1734727270499989,0.1734727270499989,0.1734727270499989,0.0,0.1734727270499989,0.0,0.115648378688694,0.041172338956928,0.0571439257166366,0.0476199206365212,0.0,0.138778105311832,0.184015147583005,0.0571439257166366,0.0,0.138778105311832,0.0571439257166366,0.138778105311832,0.138778105311832,0.0714299464323527,0.1734727270499989,0.115648378688694
Primary sclerosing cholangitis,0.0367619429090039,0.0892790042075809,0.164303377491262,0.1252021962253049,0.222834702756658,0.271481053610807,0.0220824020542819,0.0367619429090039,0.0680322436110106,0.222834702756658,0.0498579928542293,0.0280132767810044,0.1210836969317,0.1016266783579799,0.0680322436110106,0.0220824020542819,0.222834702756658,0.0367619429090039,0.0498579928542293,0.1016266783579799,0.0680322436110106,0.0680322436110106,0.164303377491262,0.053628690703256,0.1252021962253049,0.0180216412275933,0.0367619429090039,0.0546452272290825,0.312405291992608,0.1252021962253049,0.053628690703256,0.222834702756658,0.0437668429812979,0.0892790042075809,0.0680322436110106,0.0498579928542293,0.0698989009481177,0.0892790042075809,1.0,0.0680322436110106,0.0680322436110106,0.0437668429812979,0.0892790042075809,0.1210836969317,0.0892790042075809,0.0698989009481177,0.164303377491262,0.0367619429090039,0.0498579928542293,0.1210836969317,0.053628690703256,0.0680322436110106,0.0280132767810044,0.0892790042075809,0.053628690703256,0.222834702756658,0.0892790042075809,0.0437668429812979,0.0680322436110106,0.0892790042075809,0.0892790042075809,0.0892790042075809,0.0892790042075809,0.0892790042075809,0.0437668429812979,0.1210836969317,0.0680322436110106,0.0498579928542293,0.0180216412275933,0.0280132767810044,0.053628690703256,0.222834702756658,0.222834702756658,0.0892790042075809,0.222834702756658,0.053628690703256,0.0498579928542293,0.0892790042075809,0.312405291992608,0.013283683417403,0.0498579928542293,0.312405291992608,0.0680322436110106,0.0698989009481177,0.053628690703256,0.0680322436110106,0.0892790042075809,0.0680322436110106,0.164303377491262,0.0220824020542819,0.222834702756658,0.164303377491262,0.164303377491262,0.0220824020542819,0.0498579928542293,0.1210836969317,0.0280132767810044,0.0892790042075809,0.0892790042075809,0.1210836969317,0.164303377491262,0.312405291992608,0.164303377491262,0.251891645753317,0.0680322436110106,0.1016266783579799,0.0680322436110106,0.164303377491262,1.0,0.0367619429090039,0.053628690703256,0.0680322436110106,0.2468076474408089,0.1252021962253049,0.0498579928542293,0.053628690703256,0.0498579928542293,0.1252021962253049,0.0892790042075809,0.1210836969317,0.164303377491262,0.0892790042075809,0.0367619429090039,0.164303377491262,0.0367619429090039,0.0680322436110106,0.1210836969317,0.0220824020542819,0.1210836969317,0.0220824020542819,0.1016266783579799,0.0,0.0,0.206873557102869,0.1016266783579799,0.0892790042075809,0.0498579928542293,0.312405291992608,0.206873557102869,0.0680322436110106,0.1210836969317,0.271481053610807,0.0698989009481177,0.164303377491262,0.0,0.0498579928542293,0.164303377491262,0.0680322436110106,0.0,0.1210836969317,0.0680322436110106,0.0367619429090039,0.0698989009481177,0.1210836969317,0.0892790042075809,0.1210836969317,0.0698989009481177,0.0680322436110106,0.0498579928542293,0.0680322436110106,0.0680322436110106,0.0680322436110106,0.312405291992608,0.1016266783579799,0.0680322436110106,0.0367619429090039,0.0498579928542293,0.0680322436110106,0.0892790042075809,0.206873557102869,0.0498579928542293,0.053628690703256,0.164303377491262,0.0680322436110106,0.0892790042075809,0.0498579928542293,0.0,0.0220824020542819,0.0680322436110106,0.1210836969317,0.0892790042075809,0.053628690703256,0.0892790042075809,0.0892790042075809,0.0437668429812979,0.0892790042075809,0.0369686341228109,0.0280132767810044,0.0680322436110106,0.0680322436110106,0.0498579928542293,0.0152223787564515,0.0180216412275933,0.169754473731143,0.1252021962253049,0.222834702756658,0.1210836969317,0.1210836969317,0.1210836969317,0.0,0.1210836969317,0.0,0.0680322436110106,0.0220824020542819,0.0367619429090039,0.0280132767810044,0.0,0.0892790042075809,0.053628690703256,0.0367619429090039,0.0,0.0892790042075809,0.0367619429090039,0.0892790042075809,0.0892790042075809,0.0498579928542293,0.1210836969317,0.1252021962253049
Preeclamsia,0.0476199206365212,0.115648378688694,0.115648378688694,0.093408272931481,0.148976520421494,0.115648378688694,0.0322586368373393,0.0476199206365212,0.093408272931481,0.148976520421494,0.0613432731147329,0.0384622300306098,0.148976520421494,0.115768709113422,0.093408272931481,0.0322586368373393,0.148976520421494,0.0476199206365212,0.0613432731147329,0.115768709113422,0.093408272931481,0.093408272931481,0.115648378688694,0.3725798659459621,0.093408272931481,0.0280132767810044,0.0476199206365212,0.0746915486002605,0.200063521369343,0.093408272931481,0.078342403747824,0.148976520421494,0.0680322436110106,0.115648378688694,0.093408272931481,0.0613432731147329,0.0823790970344355,0.115648378688694,0.0680322436110106,1.0,0.093408272931481,0.0680322436110106,0.351665478053376,0.148976520421494,0.115648378688694,0.0823790970344355,0.115648378688694,0.0476199206365212,0.0613432731147329,0.148976520421494,0.078342403747824,0.093408272931481,0.0384622300306098,0.115648378688694,0.078342403747824,0.148976520421494,0.115648378688694,0.0680322436110106,0.093408272931481,0.115648378688694,0.212831890191799,0.115648378688694,0.115648378688694,0.549999174998487,0.0680322436110106,0.148976520421494,0.093408272931481,0.0613432731147329,0.0280132767810044,0.0384622300306098,0.078342403747824,0.148976520421494,0.148976520421494,0.115648378688694,0.148976520421494,0.078342403747824,0.0613432731147329,0.8333330277772181,0.200063521369343,0.023062117726601,0.0613432731147329,0.200063521369343,0.093408272931481,0.0823790970344355,0.078342403747824,0.093408272931481,0.115648378688694,0.284037401363075,0.115648378688694,0.0322586368373393,0.148976520421494,0.115648378688694,0.115648378688694,0.0322586368373393,0.0613432731147329,0.148976520421494,0.0384622300306098,0.549999174998487,0.115648378688694,0.148976520421494,0.115648378688694,0.200063521369343,0.115648378688694,0.275363104390711,0.093408272931481,0.115768709113422,0.093408272931481,0.115648378688694,0.0680322436110106,0.0476199206365212,0.078342403747824,0.093408272931481,0.517415250935496,0.093408272931481,0.0613432731147329,0.078342403747824,0.0613432731147329,0.093408272931481,0.115648378688694,0.148976520421494,0.115648378688694,0.115648378688694,0.0476199206365212,0.115648378688694,0.0476199206365212,0.093408272931481,0.148976520421494,0.0322586368373393,0.148976520421494,0.0322586368373393,0.115768709113422,0.0,0.0,0.093408272931481,0.115768709113422,0.115648378688694,0.0613432731147329,0.200063521369343,0.093408272931481,0.093408272931481,0.148976520421494,0.115648378688694,0.0823790970344355,0.115648378688694,0.0,0.0613432731147329,0.115648378688694,0.093408272931481,0.0,0.148976520421494,0.093408272931481,0.0476199206365212,0.0823790970344355,0.148976520421494,0.115648378688694,0.148976520421494,0.0823790970344355,0.6730764389785729,0.0613432731147329,0.6730764389785729,0.093408272931481,0.093408272931481,0.200063521369343,0.115768709113422,0.093408272931481,0.0476199206365212,0.0613432731147329,0.093408272931481,0.115648378688694,0.093408272931481,0.0613432731147329,0.078342403747824,0.115648378688694,0.093408272931481,0.115648378688694,0.0613432731147329,0.0,0.0322586368373393,0.093408272931481,0.148976520421494,0.115648378688694,0.078342403747824,0.115648378688694,0.115648378688694,0.0680322436110106,0.351665478053376,0.0609274353162256,0.0384622300306098,0.093408272931481,0.093408272931481,0.0613432731147329,0.0250877674831517,0.0280132767810044,0.200063521369343,0.093408272931481,0.148976520421494,0.148976520421494,0.148976520421494,0.148976520421494,0.0,0.148976520421494,0.0,0.093408272931481,0.0322586368373393,0.0476199206365212,0.0384622300306098,0.0,0.115648378688694,0.078342403747824,0.0476199206365212,0.0,0.115648378688694,0.0476199206365212,0.115648378688694,0.115648378688694,0.0613432731147329,0.148976520421494,0.093408272931481
Pulmonary tubercolosis,0.0476199206365212,0.115648378688694,0.115648378688694,0.093408272931481,0.148976520421494,0.115648378688694,0.0322586368373393,0.0476199206365212,0.093408272931481,0.148976520421494,0.0613432731147329,0.0384622300306098,0.148976520421494,0.115768709113422,0.093408272931481,0.0322586368373393,0.148976520421494,0.0476199206365212,0.0613432731147329,0.115768709113422,0.093408272931481,0.093408272931481,0.115648378688694,0.078342403747824,0.093408272931481,0.0280132767810044,0.0476199206365212,0.0746915486002605,0.200063521369343,0.093408272931481,0.078342403747824,0.148976520421494,0.1252021962253049,0.212831890191799,0.093408272931481,0.0613432731147329,0.0823790970344355,0.115648378688694,0.0680322436110106,0.093408272931481,1.0,0.0680322436110106,0.115648378688694,0.274166873716867,0.212831890191799,0.0823790970344355,0.115648378688694,0.0476199206365212,0.0613432731147329,0.148976520421494,0.078342403747824,0.093408272931481,0.0384622300306098,0.115648378688694,0.078342403747824,0.148976520421494,0.115648378688694,0.0680322436110106,0.093408272931481,0.115648378688694,0.115648378688694,0.212831890191799,0.115648378688694,0.115648378688694,0.0680322436110106,0.148976520421494,0.093408272931481,0.0613432731147329,0.0280132767810044,0.0384622300306098,0.078342403747824,0.148976520421494,0.148976520421494,0.115648378688694,0.148976520421494,0.078342403747824,0.0613432731147329,0.115648378688694,0.200063521369343,0.023062117726601,0.0613432731147329,0.200063521369343,0.093408272931481,0.0823790970344355,0.078342403747824,0.093408272931481,0.212831890191799,0.093408272931481,0.115648378688694,0.0322586368373393,0.148976520421494,0.115648378688694,0.115648378688694,0.0322586368373393,0.0613432731147329,0.148976520421494,0.0384622300306098,0.115648378688694,0.115648378688694,0.274166873716867,0.115648378688694,0.200063521369343,0.115648378688694,0.275363104390711,0.093408272931481,0.115768709113422,0.093408272931481,0.115648378688694,0.0680322436110106,0.0476199206365212,0.078342403747824,0.093408272931481,0.2811525792754519,0.093408272931481,0.0613432731147329,0.078342403747824,0.0613432731147329,0.093408272931481,0.115648378688694,0.148976520421494,0.115648378688694,0.115648378688694,0.0476199206365212,0.115648378688694,0.0476199206365212,0.171902619932726,0.148976520421494,0.0322586368373393,0.148976520421494,0.0322586368373393,0.115768709113422,0.0,0.0,0.093408272931481,0.115768709113422,0.115648378688694,0.0613432731147329,0.200063521369343,0.093408272931481,0.093408272931481,0.148976520421494,0.115648378688694,0.0823790970344355,0.115648378688694,0.0,0.0613432731147329,0.115648378688694,0.093408272931481,0.0,0.148976520421494,0.093408272931481,0.0476199206365212,0.0823790970344355,0.148976520421494,0.115648378688694,0.148976520421494,0.0823790970344355,0.093408272931481,0.0613432731147329,0.093408272931481,0.171902619932726,0.093408272931481,0.200063521369343,0.115768709113422,0.284037401363075,0.0476199206365212,0.0613432731147329,0.093408272931481,0.115648378688694,0.093408272931481,0.0613432731147329,0.078342403747824,0.115648378688694,0.171902619932726,0.115648378688694,0.0613432731147329,0.0,0.0322586368373393,0.093408272931481,0.148976520421494,0.115648378688694,0.078342403747824,0.115648378688694,0.115648378688694,0.0680322436110106,0.115648378688694,0.0609274353162256,0.0384622300306098,0.093408272931481,0.171902619932726,0.0613432731147329,0.0250877674831517,0.0280132767810044,0.200063521369343,0.093408272931481,0.148976520421494,0.148976520421494,0.148976520421494,0.148976520421494,0.0,0.274166873716867,0.0,0.093408272931481,0.0322586368373393,0.0476199206365212,0.0384622300306098,0.0,0.212831890191799,0.078342403747824,0.0476199206365212,0.0,0.115648378688694,0.0476199206365212,0.115648378688694,0.212831890191799,0.0613432731147329,0.148976520421494,0.093408272931481
Juvenile idiopathic arthritis,0.0367619429090039,0.0892790042075809,0.0892790042075809,0.0680322436110106,0.1210836969317,0.0892790042075809,0.0220824020542819,0.0367619429090039,0.323546929785103,0.1210836969317,0.0498579928542293,0.0280132767810044,0.1210836969317,0.1016266783579799,0.0680322436110106,0.0220824020542819,0.1210836969317,0.0367619429090039,0.0498579928542293,0.1016266783579799,0.0680322436110106,0.0680322436110106,0.0892790042075809,0.053628690703256,0.0680322436110106,0.0180216412275933,0.0367619429090039,0.0546452272290825,0.169754473731143,0.0680322436110106,0.053628690703256,0.1210836969317,0.0437668429812979,0.0892790042075809,0.490223176474009,0.0498579928542293,0.0698989009481177,0.164303377491262,0.0437668429812979,0.0680322436110106,0.0680322436110106,1.0,0.0892790042075809,0.1210836969317,0.0892790042075809,0.0698989009481177,0.0892790042075809,0.0367619429090039,0.0498579928542293,0.1210836969317,0.053628690703256,0.0680322436110106,0.0280132767810044,0.0892790042075809,0.8422711592810009,0.1210836969317,0.0892790042075809,0.0437668429812979,0.0680322436110106,0.0892790042075809,0.0892790042075809,0.0892790042075809,0.0892790042075809,0.0892790042075809,1.0,0.1210836969317,0.0680322436110106,0.0498579928542293,0.0180216412275933,0.0280132767810044,0.053628690703256,0.1210836969317,0.1210836969317,0.0892790042075809,0.1210836969317,0.053628690703256,0.0498579928542293,0.0892790042075809,0.169754473731143,0.013283683417403,0.0498579928542293,0.169754473731143,0.0680322436110106,0.0698989009481177,0.053628690703256,0.728332100315302,0.0892790042075809,0.0680322436110106,0.0892790042075809,0.0220824020542819,0.1210836969317,0.0892790042075809,0.0892790042075809,0.0220824020542819,0.0498579928542293,0.1210836969317,0.0280132767810044,0.0892790042075809,0.0892790042075809,0.1210836969317,0.0892790042075809,0.169754473731143,0.0892790042075809,0.251891645753317,0.0680322436110106,0.1016266783579799,0.0680322436110106,0.0892790042075809,0.0437668429812979,0.0367619429090039,0.5741321300587039,0.0680322436110106,0.2468076474408089,0.0680322436110106,0.0498579928542293,0.053628690703256,0.0498579928542293,0.0680322436110106,0.0892790042075809,0.1210836969317,0.0892790042075809,0.0892790042075809,0.0367619429090039,0.0892790042075809,0.0367619429090039,0.0680322436110106,0.1210836969317,0.0220824020542819,0.1210836969317,0.0220824020542819,0.1016266783579799,0.0,0.0,0.0680322436110106,0.1016266783579799,0.0892790042075809,0.0498579928542293,0.169754473731143,0.0680322436110106,0.0680322436110106,0.1210836969317,0.0892790042075809,0.0698989009481177,0.0892790042075809,0.0,0.0498579928542293,0.0892790042075809,0.0680322436110106,0.0,0.1210836969317,0.0680322436110106,0.0367619429090039,0.0698989009481177,0.1210836969317,0.0892790042075809,0.1210836969317,0.0698989009481177,0.0680322436110106,0.0498579928542293,0.0680322436110106,0.0680322436110106,0.0680322436110106,0.169754473731143,0.1016266783579799,0.0680322436110106,0.0367619429090039,0.0498579928542293,0.728332100315302,0.0892790042075809,0.0680322436110106,0.0498579928542293,0.053628690703256,0.0892790042075809,0.0680322436110106,0.0892790042075809,0.0498579928542293,0.0,0.0220824020542819,0.0680322436110106,0.1210836969317,0.0892790042075809,0.5741321300587039,0.0892790042075809,0.0892790042075809,0.0437668429812979,0.0892790042075809,0.0369686341228109,0.0280132767810044,0.0680322436110106,0.0680322436110106,0.0498579928542293,0.0152223787564515,0.0180216412275933,0.169754473731143,0.0680322436110106,0.1210836969317,0.1210836969317,0.1210836969317,0.1210836969317,0.0,0.1210836969317,0.0,0.0680322436110106,0.0220824020542819,0.0367619429090039,0.0280132767810044,0.0,0.0892790042075809,0.5741321300587039,0.0367619429090039,0.0,0.0892790042075809,0.0367619429090039,0.0892790042075809,0.0892790042075809,0.0498579928542293,0.1210836969317,0.0680322436110106
Behcet's Disease,0.0571439257166366,0.138778105311832,0.138778105311832,0.115648378688694,0.1734727270499989,0.138778105311832,0.041172338956928,0.0571439257166366,0.115648378688694,0.1734727270499989,0.0714299464323527,0.0476199206365212,0.1734727270499989,0.128249502550101,0.115648378688694,0.041172338956928,0.1734727270499989,0.0571439257166366,0.0714299464323527,0.128249502550101,0.115648378688694,0.115648378688694,0.138778105311832,0.304051121218363,0.115648378688694,0.0367619429090039,0.0571439257166366,0.0921133696066727,0.226732089065557,0.115648378688694,0.0999899660382537,0.1734727270499989,0.0892790042075809,0.138778105311832,0.115648378688694,0.0714299464323527,0.0933602719681705,0.138778105311832,0.0892790042075809,0.351665478053376,0.115648378688694,0.0892790042075809,1.0,0.1734727270499989,0.138778105311832,0.0933602719681705,0.138778105311832,0.0571439257166366,0.0714299464323527,0.1734727270499989,0.0999899660382537,0.115648378688694,0.0476199206365212,0.138778105311832,0.0999899660382537,0.1734727270499989,0.138778105311832,0.0892790042075809,0.115648378688694,0.138778105311832,0.255398361876396,0.138778105311832,0.138778105311832,0.421998728397202,0.0892790042075809,0.1734727270499989,0.115648378688694,0.0714299464323527,0.0367619429090039,0.0476199206365212,0.0999899660382537,0.1734727270499989,0.1734727270499989,0.138778105311832,0.1734727270499989,0.0999899660382537,0.0714299464323527,0.421998728397202,0.226732089065557,0.0316202950567523,0.0714299464323527,0.226732089065557,0.115648378688694,0.0933602719681705,0.0999899660382537,0.115648378688694,0.138778105311832,0.351665478053376,0.138778105311832,0.041172338956928,0.1734727270499989,0.138778105311832,0.138778105311832,0.041172338956928,0.0714299464323527,0.1734727270499989,0.0476199206365212,0.421998728397202,0.138778105311832,0.1734727270499989,0.138778105311832,0.226732089065557,0.138778105311832,0.296376456737466,0.115648378688694,0.128249502550101,0.115648378688694,0.138778105311832,0.0892790042075809,0.0571439257166366,0.0999899660382537,0.115648378688694,0.573196756295348,0.115648378688694,0.0714299464323527,0.0999899660382537,0.0714299464323527,0.115648378688694,0.138778105311832,0.1734727270499989,0.138778105311832,0.138778105311832,0.0571439257166366,0.138778105311832,0.0571439257166366,0.115648378688694,0.1734727270499989,0.041172338956928,0.1734727270499989,0.041172338956928,0.128249502550101,0.0,0.0,0.115648378688694,0.128249502550101,0.138778105311832,0.0714299464323527,0.226732089065557,0.115648378688694,0.115648378688694,0.1734727270499989,0.138778105311832,0.0933602719681705,0.138778105311832,0.0,0.0714299464323527,0.138778105311832,0.115648378688694,0.0,0.1734727270499989,0.115648378688694,0.0571439257166366,0.0933602719681705,0.1734727270499989,0.138778105311832,0.1734727270499989,0.0933602719681705,0.351665478053376,0.0714299464323527,0.351665478053376,0.115648378688694,0.115648378688694,0.226732089065557,0.128249502550101,0.115648378688694,0.0571439257166366,0.0714299464323527,0.115648378688694,0.138778105311832,0.115648378688694,0.0714299464323527,0.0999899660382537,0.138778105311832,0.115648378688694,0.138778105311832,0.0714299464323527,0.0,0.041172338956928,0.115648378688694,0.1734727270499989,0.138778105311832,0.0999899660382537,0.138778105311832,0.138778105311832,0.0892790042075809,0.421998728397202,0.0819002213950383,0.0476199206365212,0.115648378688694,0.115648378688694,0.0714299464323527,0.0337236205744276,0.0367619429090039,0.226732089065557,0.115648378688694,0.1734727270499989,0.1734727270499989,0.1734727270499989,0.1734727270499989,0.0,0.1734727270499989,0.0,0.115648378688694,0.041172338956928,0.0571439257166366,0.0476199206365212,0.0,0.138778105311832,0.0999899660382537,0.0571439257166366,0.0,0.138778105311832,0.0571439257166366,0.138778105311832,0.138778105311832,0.0714299464323527,0.1734727270499989,0.115648378688694
Sjogren's syndrome,0.0714299464323527,0.1734727270499989,0.1734727270499989,0.148976520421494,0.21027009483971,0.1734727270499989,0.0545213728963117,0.0714299464323527,0.148976520421494,0.21027009483971,0.0865818037575277,0.0613432731147329,0.21027009483971,0.147105639620399,0.148976520421494,0.0545213728963117,0.21027009483971,0.0714299464323527,0.0865818037575277,0.147105639620399,0.148976520421494,0.148976520421494,0.1734727270499989,0.1324090484624709,0.148976520421494,0.0498579928542293,0.0714299464323527,0.117967217290509,0.266881513729481,0.148976520421494,0.1324090484624709,0.21027009483971,0.222834702756658,0.527498700621427,0.148976520421494,0.0865818037575277,0.1098923880062569,0.1734727270499989,0.1210836969317,0.148976520421494,0.274166873716867,0.1210836969317,0.1734727270499989,1.0,0.527498700621427,0.1098923880062569,0.1734727270499989,0.0714299464323527,0.0865818037575277,0.21027009483971,0.1324090484624709,0.148976520421494,0.0613432731147329,0.1734727270499989,0.1324090484624709,0.21027009483971,0.1734727270499989,0.1210836969317,0.148976520421494,0.1734727270499989,0.1734727270499989,0.527498700621427,0.1734727270499989,0.1734727270499989,0.1210836969317,0.21027009483971,0.148976520421494,0.0865818037575277,0.0498579928542293,0.0613432731147329,0.1324090484624709,0.21027009483971,0.21027009483971,0.1734727270499989,0.21027009483971,0.1324090484624709,0.0865818037575277,0.1734727270499989,0.266881513729481,0.0444245555713213,0.0865818037575277,0.266881513729481,0.148976520421494,0.1098923880062569,0.1324090484624709,0.148976520421494,0.527498700621427,0.148976520421494,0.1734727270499989,0.0545213728963117,0.21027009483971,0.1734727270499989,0.1734727270499989,0.0545213728963117,0.0865818037575277,0.21027009483971,0.0613432731147329,0.1734727270499989,0.1734727270499989,0.639392737369731,0.1734727270499989,0.266881513729481,0.1734727270499989,0.32866873393231,0.148976520421494,0.147105639620399,0.148976520421494,0.1734727270499989,0.1210836969317,0.0714299464323527,0.1324090484624709,0.148976520421494,0.357256553363825,0.148976520421494,0.0865818037575277,0.1324090484624709,0.0865818037575277,0.148976520421494,0.1734727270499989,0.21027009483971,0.1734727270499989,0.1734727270499989,0.0714299464323527,0.1734727270499989,0.0714299464323527,0.274166873716867,0.21027009483971,0.0545213728963117,0.21027009483971,0.0545213728963117,0.147105639620399,0.0,0.0,0.148976520421494,0.147105639620399,0.1734727270499989,0.0865818037575277,0.266881513729481,0.148976520421494,0.148976520421494,0.21027009483971,0.1734727270499989,0.1098923880062569,0.1734727270499989,0.0,0.0865818037575277,0.1734727270499989,0.148976520421494,0.0,0.21027009483971,0.148976520421494,0.0714299464323527,0.1098923880062569,0.21027009483971,0.1734727270499989,0.21027009483971,0.1098923880062569,0.148976520421494,0.0865818037575277,0.148976520421494,0.453010235567401,0.148976520421494,0.266881513729481,0.147105639620399,0.274166873716867,0.0714299464323527,0.0865818037575277,0.148976520421494,0.1734727270499989,0.148976520421494,0.0865818037575277,0.1324090484624709,0.1734727270499989,0.453010235567401,0.1734727270499989,0.0865818037575277,0.0,0.0545213728963117,0.148976520421494,0.21027009483971,0.1734727270499989,0.1324090484624709,0.1734727270499989,0.1734727270499989,0.1210836969317,0.1734727270499989,0.113285175146291,0.0613432731147329,0.148976520421494,0.453010235567401,0.0865818037575277,0.0466468368249435,0.0498579928542293,0.266881513729481,0.148976520421494,0.21027009483971,0.21027009483971,0.21027009483971,0.21027009483971,0.0,0.639392737369731,0.0,0.148976520421494,0.0545213728963117,0.0714299464323527,0.0613432731147329,0.0,0.527498700621427,0.1324090484624709,0.0714299464323527,0.0,0.1734727270499989,0.0714299464323527,0.1734727270499989,0.527498700621427,0.0865818037575277,0.21027009483971,0.148976520421494
Autoimmune hepatitis,0.0571439257166366,0.138778105311832,0.138778105311832,0.115648378688694,0.1734727270499989,0.138778105311832,0.041172338956928,0.0571439257166366,0.115648378688694,0.1734727270499989,0.0714299464323527,0.0476199206365212,0.1734727270499989,0.128249502550101,0.115648378688694,0.041172338956928,0.1734727270499989,0.0571439257166366,0.0714299464323527,0.128249502550101,0.115648378688694,0.115648378688694,0.138778105311832,0.0999899660382537,0.115648378688694,0.0367619429090039,0.0571439257166366,0.0921133696066727,0.226732089065557,0.115648378688694,0.0999899660382537,0.1734727270499989,0.164303377491262,0.659999251998354,0.115648378688694,0.0714299464323527,0.0933602719681705,0.138778105311832,0.0892790042075809,0.115648378688694,0.212831890191799,0.0892790042075809,0.138778105311832,0.527498700621427,1.0,0.0933602719681705,0.138778105311832,0.0571439257166366,0.0714299464323527,0.1734727270499989,0.0999899660382537,0.115648378688694,0.0476199206365212,0.138778105311832,0.0999899660382537,0.1734727270499989,0.138778105311832,0.0892790042075809,0.115648378688694,0.138778105311832,0.138778105311832,0.659999251998354,0.138778105311832,0.138778105311832,0.0892790042075809,0.1734727270499989,0.115648378688694,0.0714299464323527,0.0367619429090039,0.0476199206365212,0.0999899660382537,0.1734727270499989,0.1734727270499989,0.138778105311832,0.1734727270499989,0.0999899660382537,0.0714299464323527,0.138778105311832,0.226732089065557,0.0316202950567523,0.0714299464323527,0.226732089065557,0.115648378688694,0.0933602719681705,0.0999899660382537,0.115648378688694,0.421998728397202,0.115648378688694,0.138778105311832,0.041172338956928,0.1734727270499989,0.138778105311832,0.138778105311832,0.041172338956928,0.0714299464323527,0.1734727270499989,0.0476199206365212,0.138778105311832,0.138778105311832,0.527498700621427,0.138778105311832,0.226732089065557,0.138778105311832,0.296376456737466,0.115648378688694,0.128249502550101,0.115648378688694,0.138778105311832,0.0892790042075809,0.0571439257166366,0.0999899660382537,0.115648378688694,0.311463077621673,0.115648378688694,0.0714299464323527,0.0999899660382537,0.0714299464323527,0.115648378688694,0.138778105311832,0.1734727270499989,0.138778105311832,0.138778105311832,0.0571439257166366,0.138778105311832,0.0571439257166366,0.212831890191799,0.1734727270499989,0.041172338956928,0.1734727270499989,0.041172338956928,0.128249502550101,0.0,0.0,0.115648378688694,0.128249502550101,0.138778105311832,0.0714299464323527,0.226732089065557,0.115648378688694,0.115648378688694,0.1734727270499989,0.138778105311832,0.0933602719681705,0.138778105311832,0.0,0.0714299464323527,0.138778105311832,0.115648378688694,0.0,0.1734727270499989,0.115648378688694,0.0571439257166366,0.0933602719681705,0.1734727270499989,0.138778105311832,0.1734727270499989,0.0933602719681705,0.115648378688694,0.0714299464323527,0.115648378688694,0.351665478053376,0.115648378688694,0.226732089065557,0.128249502550101,0.212831890191799,0.0571439257166366,0.0714299464323527,0.115648378688694,0.138778105311832,0.115648378688694,0.0714299464323527,0.0999899660382537,0.138778105311832,0.351665478053376,0.138778105311832,0.0714299464323527,0.0,0.041172338956928,0.115648378688694,0.1734727270499989,0.138778105311832,0.0999899660382537,0.138778105311832,0.138778105311832,0.0892790042075809,0.138778105311832,0.0819002213950383,0.0476199206365212,0.115648378688694,0.351665478053376,0.0714299464323527,0.0337236205744276,0.0367619429090039,0.226732089065557,0.115648378688694,0.1734727270499989,0.1734727270499989,0.1734727270499989,0.1734727270499989,0.0,0.527498700621427,0.0,0.115648378688694,0.041172338956928,0.0571439257166366,0.0476199206365212,0.0,0.421998728397202,0.0999899660382537,0.0571439257166366,0.0,0.138778105311832,0.0571439257166366,0.138778105311832,0.421998728397202,0.0714299464323527,0.1734727270499989,0.115648378688694
Hepatitis B,0.0933602719681705,0.0933602719681705,0.0933602719681705,0.0823790970344355,0.1098923880062569,0.0933602719681705,0.0749632197522059,0.0933602719681705,0.0823790970344355,0.1098923880062569,0.491151693334087,0.0823790970344355,0.1098923880062569,0.1763709506669489,0.0823790970344355,0.0749632197522059,0.1098923880062569,0.0933602719681705,0.1098923880062569,0.1763709506669489,0.0823790970344355,0.0823790970344355,0.0933602719681705,0.0749632197522059,0.0823790970344355,0.0698989009481177,0.0933602719681705,0.064654133669922,0.135412554283458,0.0823790970344355,0.0749632197522059,0.1098923880062569,0.0698989009481177,0.0933602719681705,0.0823790970344355,0.491151693334087,0.6052112120015789,0.0933602719681705,0.0698989009481177,0.0823790970344355,0.0823790970344355,0.0698989009481177,0.0933602719681705,0.1098923880062569,0.0933602719681705,1.0,0.0933602719681705,0.0933602719681705,0.266881513729481,0.1098923880062569,0.0749632197522059,0.0823790970344355,0.0823790970344355,0.0933602719681705,0.0749632197522059,0.1098923880062569,0.0933602719681705,0.0698989009481177,0.0823790970344355,0.0933602719681705,0.0933602719681705,0.0933602719681705,0.0933602719681705,0.0933602719681705,0.0698989009481177,0.1098923880062569,0.0823790970344355,0.266881513729481,0.0698989009481177,0.0823790970344355,0.0749632197522059,0.1098923880062569,0.1098923880062569,0.0933602719681705,0.1098923880062569,0.0749632197522059,0.1098923880062569,0.0933602719681705,0.135412554283458,0.0640035322631421,0.266881513729481,0.135412554283458,0.0823790970344355,0.135412554283458,0.0749632197522059,0.0823790970344355,0.0933602719681705,0.0823790970344355,0.0933602719681705,0.0749632197522059,0.1098923880062569,0.0933602719681705,0.0933602719681705,0.0749632197522059,0.491151693334087,0.1098923880062569,0.0823790970344355,0.0933602719681705,0.0933602719681705,0.1098923880062569,0.0933602719681705,0.135412554283458,0.0933602719681705,0.380130200962355,0.0823790970344355,0.1763709506669489,0.0823790970344355,0.0933602719681705,0.0698989009481177,0.0933602719681705,0.0749632197522059,0.0823790970344355,0.1763709506669489,0.0823790970344355,0.266881513729481,0.0749632197522059,0.1098923880062569,0.0823790970344355,0.0933602719681705,0.1098923880062569,0.0933602719681705,0.0933602719681705,0.226732089065557,0.0933602719681705,0.0933602719681705,0.0823790970344355,0.1098923880062569,0.0749632197522059,0.1098923880062569,0.0749632197522059,0.1763709506669489,0.0,0.0,0.0823790970344355,0.1763709506669489,0.0933602719681705,0.1098923880062569,0.135412554283458,0.0823790970344355,0.0823790970344355,0.1098923880062569,0.0933602719681705,0.6052112120015789,0.0933602719681705,0.0,0.1098923880062569,0.0933602719681705,0.0823790970344355,0.0,0.1098923880062569,0.0823790970344355,0.226732089065557,0.6052112120015789,0.1098923880062569,0.0933602719681705,0.1098923880062569,0.135412554283458,0.0823790970344355,0.1098923880062569,0.0823790970344355,0.0823790970344355,0.0823790970344355,0.135412554283458,0.1763709506669489,0.0823790970344355,0.0933602719681705,0.266881513729481,0.0823790970344355,0.0933602719681705,0.0823790970344355,0.1098923880062569,0.0749632197522059,0.0933602719681705,0.0823790970344355,0.0933602719681705,0.1098923880062569,0.0,0.0749632197522059,0.0823790970344355,0.1098923880062569,0.0933602719681705,0.0749632197522059,0.0933602719681705,0.0933602719681705,0.0698989009481177,0.0933602719681705,0.0664140661903645,0.0823790970344355,0.0823790970344355,0.0823790970344355,0.1098923880062569,0.0664140661903645,0.0698989009481177,0.135412554283458,0.0823790970344355,0.1098923880062569,0.1098923880062569,0.1098923880062569,0.1098923880062569,0.0,0.1098923880062569,0.0,0.0823790970344355,0.0749632197522059,0.0933602719681705,0.0823790970344355,0.0,0.0933602719681705,0.0749632197522059,0.0933602719681705,0.0,0.0933602719681705,0.0933602719681705,0.0933602719681705,0.0933602719681705,0.1098923880062569,0.1098923880062569,0.0823790970344355
Aphthous ulcer,0.0571439257166366,0.138778105311832,0.255398361876396,0.212831890191799,0.3192481279323519,0.255398361876396,0.041172338956928,0.0571439257166366,0.115648378688694,0.3192481279323519,0.0714299464323527,0.0476199206365212,0.1734727270499989,0.128249502550101,0.115648378688694,0.041172338956928,0.3192481279323519,0.0571439257166366,0.0714299464323527,0.128249502550101,0.115648378688694,0.115648378688694,0.255398361876396,0.0999899660382537,0.351665478053376,0.0367619429090039,0.0571439257166366,0.0921133696066727,0.4172632563475379,0.351665478053376,0.0999899660382537,0.3192481279323519,0.0892790042075809,0.138778105311832,0.115648378688694,0.0714299464323527,0.0933602719681705,0.138778105311832,0.164303377491262,0.115648378688694,0.115648378688694,0.0892790042075809,0.138778105311832,0.1734727270499989,0.138778105311832,0.0933602719681705,1.0,0.0571439257166366,0.0714299464323527,0.1734727270499989,0.0999899660382537,0.115648378688694,0.0476199206365212,0.138778105311832,0.0999899660382537,0.527498700621427,0.138778105311832,0.0892790042075809,0.115648378688694,0.138778105311832,0.138778105311832,0.138778105311832,0.138778105311832,0.138778105311832,0.0892790042075809,0.1734727270499989,0.115648378688694,0.0714299464323527,0.0367619429090039,0.0476199206365212,0.0999899660382537,0.3192481279323519,0.3192481279323519,0.138778105311832,0.527498700621427,0.0999899660382537,0.0714299464323527,0.138778105311832,0.6894506381789389,0.0316202950567523,0.0714299464323527,0.4172632563475379,0.115648378688694,0.0933602719681705,0.0999899660382537,0.115648378688694,0.138778105311832,0.115648378688694,0.659999251998354,0.041172338956928,0.3192481279323519,0.255398361876396,0.255398361876396,0.041172338956928,0.0714299464323527,0.1734727270499989,0.0476199206365212,0.138778105311832,0.138778105311832,0.1734727270499989,0.255398361876396,0.4172632563475379,0.255398361876396,0.296376456737466,0.115648378688694,0.128249502550101,0.115648378688694,1.0,0.164303377491262,0.0571439257166366,0.0999899660382537,0.115648378688694,0.311463077621673,0.212831890191799,0.0714299464323527,0.0999899660382537,0.0714299464323527,0.351665478053376,0.138778105311832,0.1734727270499989,0.255398361876396,0.138778105311832,0.0571439257166366,0.421998728397202,0.0571439257166366,0.115648378688694,0.1734727270499989,0.041172338956928,0.1734727270499989,0.041172338956928,0.128249502550101,0.0,0.0,0.212831890191799,0.128249502550101,0.138778105311832,0.0714299464323527,0.4172632563475379,0.212831890191799,0.115648378688694,0.1734727270499989,0.255398361876396,0.0933602719681705,0.255398361876396,0.0,0.0714299464323527,0.255398361876396,0.115648378688694,0.0,0.1734727270499989,0.115648378688694,0.0571439257166366,0.0933602719681705,0.1734727270499989,0.138778105311832,0.1734727270499989,0.0933602719681705,0.115648378688694,0.0714299464323527,0.115648378688694,0.115648378688694,0.115648378688694,0.4172632563475379,0.128249502550101,0.115648378688694,0.0571439257166366,0.0714299464323527,0.115648378688694,0.138778105311832,0.212831890191799,0.0714299464323527,0.0999899660382537,0.255398361876396,0.115648378688694,0.138778105311832,0.0714299464323527,0.0,0.041172338956928,0.115648378688694,0.1734727270499989,0.138778105311832,0.0999899660382537,0.138778105311832,0.138778105311832,0.0892790042075809,0.138778105311832,0.0819002213950383,0.0476199206365212,0.115648378688694,0.115648378688694,0.0714299464323527,0.0337236205744276,0.0367619429090039,0.226732089065557,0.212831890191799,0.527498700621427,0.1734727270499989,0.1734727270499989,0.1734727270499989,0.0,0.1734727270499989,0.0,0.115648378688694,0.041172338956928,0.0571439257166366,0.0476199206365212,0.0,0.138778105311832,0.0999899660382537,0.0571439257166366,0.0,0.138778105311832,0.0571439257166366,0.138778105311832,0.138778105311832,0.0714299464323527,0.1734727270499989,0.212831890191799
Pancreatic cancer,0.0571439257166366,0.0571439257166366,0.0571439257166366,0.0476199206365212,0.0714299464323527,0.0571439257166366,0.041172338956928,0.0571439257166366,0.0476199206365212,0.0714299464323527,0.0714299464323527,0.351665478053376,0.0714299464323527,0.128249502550101,0.0476199206365212,0.304051121218363,0.0714299464323527,0.0571439257166366,0.0714299464323527,0.128249502550101,0.0476199206365212,0.0476199206365212,0.0571439257166366,0.041172338956928,0.0476199206365212,0.0367619429090039,0.421998728397202,0.0379290345439241,0.0933602719681705,0.0476199206365212,0.041172338956928,0.0714299464323527,0.0367619429090039,0.0571439257166366,0.0476199206365212,0.0714299464323527,0.0933602719681705,0.0571439257166366,0.0367619429090039,0.0476199206365212,0.0476199206365212,0.0367619429090039,0.0571439257166366,0.0714299464323527,0.0571439257166366,0.0933602719681705,0.0571439257166366,1.0,0.0714299464323527,0.0714299464323527,0.041172338956928,0.0476199206365212,0.351665478053376,0.0571439257166366,0.041172338956928,0.0714299464323527,0.0571439257166366,0.0367619429090039,0.0476199206365212,0.0571439257166366,0.0571439257166366,0.0571439257166366,0.0571439257166366,0.0571439257166366,0.0367619429090039,0.0714299464323527,0.0476199206365212,0.0714299464323527,0.271481053610807,0.0476199206365212,0.041172338956928,0.0714299464323527,0.0714299464323527,0.0571439257166366,0.0714299464323527,0.041172338956928,0.527498700621427,0.0571439257166366,0.0933602719681705,0.2335108086844119,0.0714299464323527,0.0933602719681705,0.0476199206365212,0.0933602719681705,0.041172338956928,0.0476199206365212,0.0571439257166366,0.0476199206365212,0.0571439257166366,0.0999899660382537,0.0714299464323527,0.0571439257166366,0.0571439257166366,0.304051121218363,0.0714299464323527,0.0714299464323527,0.115648378688694,0.0571439257166366,0.0571439257166366,0.0714299464323527,0.0571439257166366,0.0933602719681705,0.0571439257166366,0.296376456737466,0.0476199206365212,0.128249502550101,0.0476199206365212,0.0571439257166366,0.0367619429090039,0.421998728397202,0.041172338956928,0.0476199206365212,0.128249502550101,0.0476199206365212,0.0714299464323527,0.041172338956928,0.0714299464323527,0.0476199206365212,0.0571439257166366,0.0714299464323527,0.0571439257166366,0.0571439257166366,0.0571439257166366,0.0571439257166366,0.0571439257166366,0.0476199206365212,0.0714299464323527,0.041172338956928,0.0714299464323527,0.041172338956928,0.128249502550101,0.0,0.0,0.0476199206365212,0.128249502550101,0.0571439257166366,0.0714299464323527,0.0933602719681705,0.0476199206365212,0.0476199206365212,0.0714299464323527,0.0571439257166366,0.0933602719681705,0.0571439257166366,0.0,0.0714299464323527,0.0571439257166366,0.0476199206365212,0.0,0.0714299464323527,0.0476199206365212,0.0571439257166366,0.0933602719681705,0.0714299464323527,0.0571439257166366,0.0714299464323527,0.0933602719681705,0.0476199206365212,0.0714299464323527,0.0476199206365212,0.0476199206365212,0.0476199206365212,0.0933602719681705,0.128249502550101,0.0476199206365212,0.0571439257166366,0.0714299464323527,0.0476199206365212,0.0571439257166366,0.0476199206365212,0.0714299464323527,0.041172338956928,0.0571439257166366,0.0476199206365212,0.0571439257166366,0.0714299464323527,0.0,0.304051121218363,0.0476199206365212,0.0714299464323527,0.0571439257166366,0.041172338956928,0.0571439257166366,0.0571439257166366,0.0367619429090039,0.0571439257166366,0.0337236205744276,0.351665478053376,0.0476199206365212,0.0476199206365212,0.0714299464323527,0.249043530364504,0.271481053610807,0.0933602719681705,0.0476199206365212,0.0714299464323527,0.0714299464323527,0.0714299464323527,0.0714299464323527,0.0,0.0714299464323527,0.0,0.0476199206365212,0.041172338956928,0.421998728397202,0.115648378688694,0.0,0.0571439257166366,0.041172338956928,0.421998728397202,0.0,0.0571439257166366,0.421998728397202,0.0571439257166366,0.0571439257166366,0.0714299464323527,0.0714299464323527,0.0476199206365212
Tuberculosis,0.0714299464323527,0.0714299464323527,0.0714299464323527,0.0613432731147329,0.0865818037575277,0.0714299464323527,0.0545213728963117,0.0714299464323527,0.0613432731147329,0.0865818037575277,0.21027009483971,0.0613432731147329,0.0865818037575277,0.147105639620399,0.0613432731147329,0.0545213728963117,0.0865818037575277,0.0714299464323527,0.0865818037575277,0.147105639620399,0.0613432731147329,0.0613432731147329,0.0714299464323527,0.0545213728963117,0.0613432731147329,0.0498579928542293,0.0714299464323527,0.0485747365313862,0.1098923880062569,0.0613432731147329,0.0545213728963117,0.0865818037575277,0.0498579928542293,0.0714299464323527,0.0613432731147329,0.21027009483971,0.266881513729481,0.0714299464323527,0.0498579928542293,0.0613432731147329,0.0613432731147329,0.0498579928542293,0.0714299464323527,0.0865818037575277,0.0714299464323527,0.266881513729481,0.0714299464323527,0.0714299464323527,1.0,0.0865818037575277,0.0545213728963117,0.0613432731147329,0.0613432731147329,0.0714299464323527,0.0545213728963117,0.0865818037575277,0.0714299464323527,0.0498579928542293,0.0613432731147329,0.0714299464323527,0.0714299464323527,0.0714299464323527,0.0714299464323527,0.0714299464323527,0.0498579928542293,0.0865818037575277,0.0613432731147329,0.386967653528542,0.0498579928542293,0.0613432731147329,0.0545213728963117,0.0865818037575277,0.0865818037575277,0.0714299464323527,0.0865818037575277,0.0545213728963117,0.0865818037575277,0.0714299464323527,0.1098923880062569,0.0444245555713213,0.21027009483971,0.1098923880062569,0.0613432731147329,0.1098923880062569,0.0545213728963117,0.0613432731147329,0.0714299464323527,0.0613432731147329,0.0714299464323527,0.0545213728963117,0.0865818037575277,0.0714299464323527,0.0714299464323527,0.0545213728963117,0.21027009483971,0.0865818037575277,0.0613432731147329,0.0714299464323527,0.0714299464323527,0.0865818037575277,0.0714299464323527,0.1098923880062569,0.0714299464323527,0.32866873393231,0.0613432731147329,0.147105639620399,0.0613432731147329,0.0714299464323527,0.0498579928542293,0.0714299464323527,0.0545213728963117,0.0613432731147329,0.147105639620399,0.0613432731147329,0.639392737369731,0.0545213728963117,0.0865818037575277,0.0613432731147329,0.0714299464323527,0.0865818037575277,0.0714299464323527,0.0714299464323527,0.1734727270499989,0.0714299464323527,0.0714299464323527,0.0613432731147329,0.0865818037575277,0.0545213728963117,0.0865818037575277,0.0545213728963117,0.147105639620399,0.0,0.0,0.0613432731147329,0.147105639620399,0.0714299464323527,0.0865818037575277,0.1098923880062569,0.0613432731147329,0.0613432731147329,0.0865818037575277,0.0714299464323527,0.266881513729481,0.0714299464323527,0.0,0.0865818037575277,0.0714299464323527,0.0613432731147329,0.0,0.0865818037575277,0.0613432731147329,0.1734727270499989,0.266881513729481,0.0865818037575277,0.0714299464323527,0.0865818037575277,0.1098923880062569,0.0613432731147329,0.0865818037575277,0.0613432731147329,0.0613432731147329,0.0613432731147329,0.1098923880062569,0.147105639620399,0.0613432731147329,0.0714299464323527,0.386967653528542,0.0613432731147329,0.0714299464323527,0.0613432731147329,0.0865818037575277,0.0545213728963117,0.0714299464323527,0.0613432731147329,0.0714299464323527,0.0865818037575277,0.0,0.0545213728963117,0.0613432731147329,0.0865818037575277,0.0714299464323527,0.0545213728963117,0.0714299464323527,0.0714299464323527,0.0498579928542293,0.0714299464323527,0.0466468368249435,0.0613432731147329,0.0613432731147329,0.0613432731147329,0.0865818037575277,0.0466468368249435,0.0498579928542293,0.1098923880062569,0.0613432731147329,0.0865818037575277,0.0865818037575277,0.0865818037575277,0.0865818037575277,0.0,0.0865818037575277,0.0,0.0613432731147329,0.0545213728963117,0.0714299464323527,0.0613432731147329,0.0,0.0714299464323527,0.0545213728963117,0.0714299464323527,0.0,0.0714299464323527,0.0714299464323527,0.0714299464323527,0.0714299464323527,0.0865818037575277,0.0865818037575277,0.0613432731147329
Recurrent tonsillitis,0.0714299464323527,0.1734727270499989,0.1734727270499989,0.148976520421494,0.21027009483971,0.1734727270499989,0.0545213728963117,0.0714299464323527,0.148976520421494,0.21027009483971,0.0865818037575277,0.0613432731147329,0.21027009483971,0.147105639620399,0.274166873716867,0.0545213728963117,0.21027009483971,0.0714299464323527,0.0865818037575277,0.147105639620399,0.148976520421494,0.148976520421494,0.1734727270499989,0.1324090484624709,0.148976520421494,0.0498579928542293,0.0714299464323527,0.117967217290509,0.266881513729481,0.148976520421494,0.1324090484624709,0.21027009483971,0.1210836969317,0.1734727270499989,0.148976520421494,0.0865818037575277,0.1098923880062569,0.1734727270499989,0.1210836969317,0.148976520421494,0.148976520421494,0.1210836969317,0.1734727270499989,0.21027009483971,0.1734727270499989,0.1098923880062569,0.1734727270499989,0.0714299464323527,0.0865818037575277,1.0,0.1324090484624709,0.148976520421494,0.0613432731147329,0.3192481279323519,0.1324090484624709,0.21027009483971,0.1734727270499989,0.368193282506597,0.148976520421494,0.1734727270499989,0.1734727270499989,0.1734727270499989,0.1734727270499989,0.1734727270499989,0.1210836969317,0.21027009483971,0.148976520421494,0.0865818037575277,0.0498579928542293,0.0613432731147329,0.1324090484624709,0.21027009483971,0.21027009483971,0.3192481279323519,0.21027009483971,0.243677156414128,0.0865818037575277,0.1734727270499989,0.266881513729481,0.0444245555713213,0.0865818037575277,0.266881513729481,0.274166873716867,0.1098923880062569,0.1324090484624709,0.148976520421494,0.1734727270499989,0.148976520421494,0.1734727270499989,0.0545213728963117,0.21027009483971,0.1734727270499989,0.1734727270499989,0.0545213728963117,0.0865818037575277,0.21027009483971,0.0613432731147329,0.1734727270499989,0.1734727270499989,0.21027009483971,0.1734727270499989,0.266881513729481,0.1734727270499989,0.32866873393231,0.274166873716867,0.147105639620399,0.148976520421494,0.1734727270499989,0.1210836969317,0.0714299464323527,0.1324090484624709,0.274166873716867,0.357256553363825,0.148976520421494,0.0865818037575277,0.243677156414128,0.0865818037575277,0.148976520421494,0.1734727270499989,0.21027009483971,0.1734727270499989,0.1734727270499989,0.0714299464323527,0.1734727270499989,0.0714299464323527,0.148976520421494,0.639392737369731,0.0545213728963117,0.21027009483971,0.0545213728963117,0.147105639620399,0.0,0.0,0.148976520421494,0.147105639620399,0.1734727270499989,0.0865818037575277,0.266881513729481,0.148976520421494,0.148976520421494,0.21027009483971,0.1734727270499989,0.1098923880062569,0.1734727270499989,0.0,0.0865818037575277,0.1734727270499989,0.148976520421494,0.0,0.21027009483971,0.148976520421494,0.0714299464323527,0.1098923880062569,0.21027009483971,0.1734727270499989,0.21027009483971,0.1098923880062569,0.148976520421494,0.0865818037575277,0.148976520421494,0.148976520421494,0.148976520421494,0.266881513729481,0.147105639620399,0.148976520421494,0.0714299464323527,0.0865818037575277,0.148976520421494,0.1734727270499989,0.148976520421494,0.0865818037575277,0.1324090484624709,0.1734727270499989,0.148976520421494,0.1734727270499989,0.0865818037575277,0.0,0.0545213728963117,0.274166873716867,0.21027009483971,0.3192481279323519,0.1324090484624709,0.1734727270499989,0.1734727270499989,0.222834702756658,0.1734727270499989,0.208482801319646,0.0613432731147329,0.148976520421494,0.148976520421494,0.0865818037575277,0.0466468368249435,0.0498579928542293,0.491151693334087,0.148976520421494,0.21027009483971,0.21027009483971,0.21027009483971,0.21027009483971,0.0,0.21027009483971,0.0,0.148976520421494,0.0545213728963117,0.0714299464323527,0.0613432731147329,0.0,0.1734727270499989,0.1324090484624709,0.0714299464323527,0.0,0.1734727270499989,0.0714299464323527,0.3192481279323519,0.1734727270499989,0.0865818037575277,0.21027009483971,0.148976520421494
Atopic dermatitis,0.041172338956928,0.0999899660382537,0.0999899660382537,0.078342403747824,0.1324090484624709,0.0999899660382537,0.0262176875118606,0.041172338956928,0.078342403747824,0.1324090484624709,0.0545213728963117,0.0322586368373393,0.402631596345066,0.107359912685637,0.078342403747824,0.0262176875118606,0.1324090484624709,0.041172338956928,0.0545213728963117,0.107359912685637,0.078342403747824,0.078342403747824,0.0999899660382537,0.0636715268145186,0.078342403747824,0.0220824020542819,0.041172338956928,0.0628116880447429,0.182053533683929,0.078342403747824,1.0,0.1324090484624709,0.053628690703256,0.0999899660382537,0.078342403747824,0.0545213728963117,0.0749632197522059,0.0999899660382537,0.053628690703256,0.078342403747824,0.078342403747824,0.053628690703256,0.0999899660382537,0.1324090484624709,0.0999899660382537,0.0749632197522059,0.0999899660382537,0.041172338956928,0.0545213728963117,0.1324090484624709,1.0,0.078342403747824,0.0322586368373393,0.0999899660382537,0.0636715268145186,0.1324090484624709,0.304051121218363,0.053628690703256,0.078342403747824,0.304051121218363,0.0999899660382537,0.0999899660382537,0.0999899660382537,0.0999899660382537,0.053628690703256,0.1324090484624709,0.078342403747824,0.0545213728963117,0.0220824020542819,0.0322586368373393,0.0636715268145186,0.1324090484624709,0.1324090484624709,0.0999899660382537,0.1324090484624709,0.0636715268145186,0.0545213728963117,0.0999899660382537,0.182053533683929,0.0172583557076123,0.0545213728963117,0.182053533683929,0.078342403747824,0.0749632197522059,0.0636715268145186,0.078342403747824,0.0999899660382537,0.078342403747824,0.0999899660382537,0.0262176875118606,0.1324090484624709,0.0999899660382537,0.0999899660382537,0.0262176875118606,0.0545213728963117,0.1324090484624709,0.0322586368373393,0.0999899660382537,0.304051121218363,0.1324090484624709,0.0999899660382537,0.182053533683929,0.0999899660382537,0.261364164595575,0.078342403747824,0.107359912685637,0.078342403747824,0.0999899660382537,0.053628690703256,0.041172338956928,0.0636715268145186,0.078342403747824,0.260731216522262,0.078342403747824,0.0545213728963117,0.0636715268145186,0.0545213728963117,0.078342403747824,0.0999899660382537,0.1324090484624709,0.0999899660382537,0.0999899660382537,0.041172338956928,0.0999899660382537,0.041172338956928,0.078342403747824,0.1324090484624709,0.0262176875118606,0.1324090484624709,0.0262176875118606,0.107359912685637,0.0,0.0,0.078342403747824,0.107359912685637,0.0999899660382537,0.0545213728963117,0.182053533683929,0.078342403747824,0.078342403747824,0.1324090484624709,0.0999899660382537,0.0749632197522059,0.0999899660382537,0.0,0.0545213728963117,0.0999899660382537,0.078342403747824,0.0,0.1324090484624709,0.078342403747824,0.041172338956928,0.0749632197522059,0.1324090484624709,0.0999899660382537,0.1324090484624709,0.0749632197522059,0.078342403747824,0.0545213728963117,0.078342403747824,0.078342403747824,0.078342403747824,0.182053533683929,0.107359912685637,0.078342403747824,0.041172338956928,0.0545213728963117,0.078342403747824,0.0999899660382537,0.078342403747824,0.0545213728963117,0.0636715268145186,0.0999899660382537,0.078342403747824,0.0999899660382537,0.0545213728963117,0.0,0.0262176875118606,0.078342403747824,0.1324090484624709,0.0999899660382537,0.0636715268145186,0.0999899660382537,0.0999899660382537,0.053628690703256,0.0999899660382537,0.0467066854134993,0.0322586368373393,0.078342403747824,0.078342403747824,0.0545213728963117,0.0192321645820291,0.0220824020542819,0.182053533683929,0.078342403747824,0.1324090484624709,0.1324090484624709,0.1324090484624709,0.1324090484624709,0.0,0.1324090484624709,0.0,0.078342403747824,0.0262176875118606,0.041172338956928,0.0322586368373393,0.0,0.0999899660382537,0.0636715268145186,0.041172338956928,0.0,0.0999899660382537,0.041172338956928,0.0999899660382537,0.0999899660382537,0.0545213728963117,0.402631596345066,0.078342403747824
Bacterial vaginosis,0.0476199206365212,0.115648378688694,0.115648378688694,0.093408272931481,0.148976520421494,0.115648378688694,0.0322586368373393,0.0476199206365212,0.093408272931481,0.148976520421494,0.0613432731147329,0.0384622300306098,0.148976520421494,0.115768709113422,0.093408272931481,0.0322586368373393,0.148976520421494,0.0476199206365212,0.0613432731147329,0.115768709113422,0.093408272931481,0.093408272931481,0.115648378688694,0.078342403747824,0.093408272931481,0.0280132767810044,0.0476199206365212,0.0746915486002605,0.200063521369343,0.093408272931481,0.078342403747824,0.148976520421494,0.0680322436110106,0.115648378688694,0.093408272931481,0.0613432731147329,0.0823790970344355,0.115648378688694,0.0680322436110106,0.093408272931481,0.093408272931481,0.0680322436110106,0.115648378688694,0.148976520421494,0.115648378688694,0.0823790970344355,0.115648378688694,0.0476199206365212,0.0613432731147329,0.148976520421494,0.078342403747824,1.0,0.0384622300306098,0.115648378688694,0.078342403747824,0.148976520421494,0.115648378688694,0.0680322436110106,0.093408272931481,0.115648378688694,0.115648378688694,0.115648378688694,0.115648378688694,0.115648378688694,0.0680322436110106,0.453010235567401,0.284037401363075,0.0613432731147329,0.0280132767810044,0.0384622300306098,0.078342403747824,0.148976520421494,0.148976520421494,0.115648378688694,0.148976520421494,0.078342403747824,0.0613432731147329,0.115648378688694,0.200063521369343,0.023062117726601,0.0613432731147329,0.200063521369343,0.093408272931481,0.0823790970344355,0.078342403747824,0.093408272931481,0.115648378688694,0.093408272931481,0.115648378688694,0.0322586368373393,0.148976520421494,0.115648378688694,0.115648378688694,0.0322586368373393,0.0613432731147329,0.148976520421494,0.0384622300306098,0.115648378688694,0.115648378688694,0.148976520421494,0.115648378688694,0.200063521369343,0.115648378688694,0.275363104390711,0.093408272931481,0.115768709113422,0.6730764389785729,0.115648378688694,0.0680322436110106,0.0476199206365212,0.078342403747824,0.093408272931481,0.2811525792754519,0.093408272931481,0.0613432731147329,0.078342403747824,0.0613432731147329,0.093408272931481,0.212831890191799,0.148976520421494,0.115648378688694,0.115648378688694,0.0476199206365212,0.115648378688694,0.0476199206365212,0.093408272931481,0.148976520421494,0.0322586368373393,0.148976520421494,0.0322586368373393,0.115768709113422,0.0,0.0,0.093408272931481,0.115768709113422,0.115648378688694,0.0613432731147329,0.200063521369343,0.093408272931481,0.093408272931481,0.148976520421494,0.115648378688694,0.0823790970344355,0.115648378688694,0.0,0.0613432731147329,0.115648378688694,0.284037401363075,0.0,0.453010235567401,0.171902619932726,0.0476199206365212,0.0823790970344355,0.148976520421494,0.351665478053376,0.148976520421494,0.0823790970344355,0.093408272931481,0.0613432731147329,0.093408272931481,0.093408272931481,0.093408272931481,0.200063521369343,0.115768709113422,0.093408272931481,0.0476199206365212,0.0613432731147329,0.093408272931481,0.115648378688694,0.093408272931481,0.0613432731147329,0.078342403747824,0.115648378688694,0.093408272931481,0.212831890191799,0.0613432731147329,0.0,0.0322586368373393,0.093408272931481,0.148976520421494,0.115648378688694,0.078342403747824,0.212831890191799,0.212831890191799,0.0680322436110106,0.115648378688694,0.0609274353162256,0.0384622300306098,0.093408272931481,0.093408272931481,0.0613432731147329,0.0250877674831517,0.0280132767810044,0.200063521369343,0.093408272931481,0.148976520421494,0.148976520421494,0.453010235567401,0.148976520421494,0.0,0.148976520421494,0.0,1.0,0.0322586368373393,0.0476199206365212,0.0384622300306098,0.0,0.115648378688694,0.078342403747824,0.0476199206365212,0.0,0.115648378688694,0.0476199206365212,0.115648378688694,0.115648378688694,0.0613432731147329,0.148976520421494,0.093408272931481
Cervical cancer,0.0476199206365212,0.0476199206365212,0.0476199206365212,0.0384622300306098,0.0613432731147329,0.0476199206365212,0.0322586368373393,0.0476199206365212,0.0384622300306098,0.0613432731147329,0.0613432731147329,0.284037401363075,0.0613432731147329,0.115768709113422,0.0384622300306098,0.238224860376036,0.0613432731147329,0.0476199206365212,0.0613432731147329,0.115768709113422,0.0384622300306098,0.0384622300306098,0.0476199206365212,0.0322586368373393,0.0384622300306098,0.0280132767810044,0.351665478053376,0.0307553435412837,0.0823790970344355,0.0384622300306098,0.0322586368373393,0.0613432731147329,0.0280132767810044,0.0476199206365212,0.0384622300306098,0.0613432731147329,0.0823790970344355,0.0476199206365212,0.0280132767810044,0.0384622300306098,0.0384622300306098,0.0280132767810044,0.0476199206365212,0.0613432731147329,0.0476199206365212,0.0823790970344355,0.0476199206365212,0.351665478053376,0.0613432731147329,0.0613432731147329,0.0322586368373393,0.0384622300306098,1.0,0.0476199206365212,0.0322586368373393,0.0613432731147329,0.0476199206365212,0.0280132767810044,0.0384622300306098,0.0476199206365212,0.0476199206365212,0.0476199206365212,0.0476199206365212,0.0476199206365212,0.0280132767810044,0.0613432731147329,0.0384622300306098,0.0613432731147329,0.206873557102869,0.0384622300306098,0.0322586368373393,0.0613432731147329,0.0613432731147329,0.0476199206365212,0.0613432731147329,0.0322586368373393,0.453010235567401,0.0476199206365212,0.0823790970344355,0.170310041403733,0.0613432731147329,0.0823790970344355,0.0384622300306098,0.0823790970344355,0.0322586368373393,0.0384622300306098,0.0476199206365212,0.0384622300306098,0.0476199206365212,0.078342403747824,0.0613432731147329,0.0476199206365212,0.0476199206365212,0.5645155881887141,0.0613432731147329,0.0613432731147329,0.093408272931481,0.0476199206365212,0.0476199206365212,0.0613432731147329,0.0476199206365212,0.0823790970344355,0.0476199206365212,0.275363104390711,0.0384622300306098,0.115768709113422,0.0384622300306098,0.0476199206365212,0.0280132767810044,0.351665478053376,0.0322586368373393,0.0384622300306098,0.115768709113422,0.0384622300306098,0.0613432731147329,0.0322586368373393,0.0613432731147329,0.0384622300306098,0.0476199206365212,0.0613432731147329,0.0476199206365212,0.0476199206365212,0.0476199206365212,0.0476199206365212,0.0476199206365212,0.0384622300306098,0.0613432731147329,0.0322586368373393,0.0613432731147329,0.0322586368373393,0.115768709113422,0.0,0.0,0.0384622300306098,0.115768709113422,0.0476199206365212,0.0613432731147329,0.0823790970344355,0.0384622300306098,0.0384622300306098,0.0613432731147329,0.0476199206365212,0.0823790970344355,0.0476199206365212,0.0,0.0613432731147329,0.0476199206365212,0.0384622300306098,0.0,0.0613432731147329,0.0384622300306098,0.0476199206365212,0.0823790970344355,0.0613432731147329,0.0476199206365212,0.0613432731147329,0.0823790970344355,0.0384622300306098,0.0613432731147329,0.0384622300306098,0.0384622300306098,0.0384622300306098,0.0823790970344355,0.115768709113422,0.0384622300306098,0.0476199206365212,0.0613432731147329,0.0384622300306098,0.0476199206365212,0.0384622300306098,0.0613432731147329,0.0322586368373393,0.0476199206365212,0.0384622300306098,0.0476199206365212,0.0613432731147329,0.0,0.238224860376036,0.0384622300306098,0.0613432731147329,0.0476199206365212,0.0322586368373393,0.0476199206365212,0.0476199206365212,0.0280132767810044,0.0476199206365212,0.0250877674831517,0.444229946263574,0.0384622300306098,0.0384622300306098,0.0613432731147329,0.1852691400432169,0.206873557102869,0.0823790970344355,0.0384622300306098,0.0613432731147329,0.0613432731147329,0.0613432731147329,0.0613432731147329,0.0,0.0613432731147329,0.0,0.0384622300306098,0.0322586368373393,0.351665478053376,0.093408272931481,0.0,0.0476199206365212,0.0322586368373393,0.351665478053376,0.0,0.0476199206365212,0.351665478053376,0.0476199206365212,0.0476199206365212,0.0613432731147329,0.0613432731147329,0.0384622300306098
Asthma,0.0571439257166366,0.138778105311832,0.138778105311832,0.115648378688694,0.1734727270499989,0.138778105311832,0.041172338956928,0.0571439257166366,0.115648378688694,0.1734727270499989,0.0714299464323527,0.0476199206365212,0.1734727270499989,0.128249502550101,0.351665478053376,0.041172338956928,0.1734727270499989,0.0571439257166366,0.0714299464323527,0.128249502550101,0.115648378688694,0.115648378688694,0.138778105311832,0.0999899660382537,0.115648378688694,0.0367619429090039,0.0571439257166366,0.0921133696066727,0.226732089065557,0.115648378688694,0.0999899660382537,0.1734727270499989,0.0892790042075809,0.138778105311832,0.115648378688694,0.0714299464323527,0.0933602719681705,0.138778105311832,0.0892790042075809,0.115648378688694,0.115648378688694,0.0892790042075809,0.138778105311832,0.1734727270499989,0.138778105311832,0.0933602719681705,0.138778105311832,0.0571439257166366,0.0714299464323527,0.3192481279323519,0.0999899660382537,0.115648378688694,0.0476199206365212,1.0,0.0999899660382537,0.1734727270499989,0.138778105311832,0.164303377491262,0.115648378688694,0.138778105311832,0.138778105311832,0.138778105311832,0.138778105311832,0.138778105311832,0.0892790042075809,0.1734727270499989,0.115648378688694,0.0714299464323527,0.0367619429090039,0.0476199206365212,0.0999899660382537,0.1734727270499989,0.1734727270499989,0.421998728397202,0.1734727270499989,0.304051121218363,0.0714299464323527,0.138778105311832,0.226732089065557,0.0316202950567523,0.0714299464323527,0.226732089065557,0.351665478053376,0.0933602719681705,0.0999899660382537,0.115648378688694,0.138778105311832,0.115648378688694,0.138778105311832,0.041172338956928,0.1734727270499989,0.138778105311832,0.138778105311832,0.041172338956928,0.0714299464323527,0.1734727270499989,0.0476199206365212,0.138778105311832,0.138778105311832,0.1734727270499989,0.138778105311832,0.226732089065557,0.138778105311832,0.296376456737466,0.8333330277772181,0.128249502550101,0.115648378688694,0.138778105311832,0.0892790042075809,0.0571439257166366,0.0999899660382537,0.351665478053376,0.311463077621673,0.115648378688694,0.0714299464323527,0.304051121218363,0.0714299464323527,0.115648378688694,0.138778105311832,0.1734727270499989,0.138778105311832,0.138778105311832,0.0571439257166366,0.138778105311832,0.0571439257166366,0.115648378688694,0.3192481279323519,0.041172338956928,0.1734727270499989,0.041172338956928,0.128249502550101,0.0,0.0,0.115648378688694,0.128249502550101,0.138778105311832,0.0714299464323527,0.226732089065557,0.115648378688694,0.115648378688694,0.1734727270499989,0.138778105311832,0.0933602719681705,0.138778105311832,0.0,0.0714299464323527,0.138778105311832,0.115648378688694,0.0,0.1734727270499989,0.115648378688694,0.0571439257166366,0.0933602719681705,0.1734727270499989,0.138778105311832,0.1734727270499989,0.0933602719681705,0.115648378688694,0.0714299464323527,0.115648378688694,0.115648378688694,0.115648378688694,0.226732089065557,0.128249502550101,0.115648378688694,0.0571439257166366,0.0714299464323527,0.115648378688694,0.138778105311832,0.115648378688694,0.0714299464323527,0.0999899660382537,0.138778105311832,0.115648378688694,0.138778105311832,0.0714299464323527,0.0,0.041172338956928,0.351665478053376,0.1734727270499989,0.659999251998354,0.0999899660382537,0.138778105311832,0.138778105311832,0.6433219707602479,0.138778105311832,0.590152324179741,0.0476199206365212,0.115648378688694,0.115648378688694,0.0714299464323527,0.0337236205744276,0.0367619429090039,0.6894506381789389,0.115648378688694,0.1734727270499989,0.1734727270499989,0.1734727270499989,0.1734727270499989,0.0,0.1734727270499989,0.0,0.115648378688694,0.041172338956928,0.0571439257166366,0.0476199206365212,0.0,0.138778105311832,0.0999899660382537,0.0571439257166366,0.0,0.138778105311832,0.0571439257166366,0.659999251998354,0.138778105311832,0.0714299464323527,0.1734727270499989,0.115648378688694
Rheumatoid Arthritis,0.041172338956928,0.0999899660382537,0.0999899660382537,0.078342403747824,0.1324090484624709,0.0999899660382537,0.0262176875118606,0.041172338956928,0.3725798659459621,0.1324090484624709,0.0545213728963117,0.0322586368373393,0.1324090484624709,0.107359912685637,0.078342403747824,0.0262176875118606,0.1324090484624709,0.041172338956928,0.0545213728963117,0.107359912685637,0.078342403747824,0.078342403747824,0.0999899660382537,0.0636715268145186,0.078342403747824,0.0220824020542819,0.041172338956928,0.0628116880447429,0.182053533683929,0.078342403747824,0.0636715268145186,0.1324090484624709,0.053628690703256,0.0999899660382537,0.5645155881887141,0.0545213728963117,0.0749632197522059,0.184015147583005,0.053628690703256,0.078342403747824,0.078342403747824,0.8422711592810009,0.0999899660382537,0.1324090484624709,0.0999899660382537,0.0749632197522059,0.0999899660382537,0.041172338956928,0.0545213728963117,0.1324090484624709,0.0636715268145186,0.078342403747824,0.0322586368373393,0.0999899660382537,1.0,0.1324090484624709,0.0999899660382537,0.053628690703256,0.078342403747824,0.0999899660382537,0.0999899660382537,0.0999899660382537,0.0999899660382537,0.0999899660382537,0.8422711592810009,0.1324090484624709,0.078342403747824,0.0545213728963117,0.0220824020542819,0.0322586368373393,0.0636715268145186,0.1324090484624709,0.1324090484624709,0.0999899660382537,0.1324090484624709,0.0636715268145186,0.0545213728963117,0.0999899660382537,0.182053533683929,0.0172583557076123,0.0545213728963117,0.182053533683929,0.078342403747824,0.0749632197522059,0.0636715268145186,0.8387094771069309,0.0999899660382537,0.078342403747824,0.0999899660382537,0.0262176875118606,0.1324090484624709,0.0999899660382537,0.0999899660382537,0.0262176875118606,0.0545213728963117,0.1324090484624709,0.0322586368373393,0.0999899660382537,0.0999899660382537,0.1324090484624709,0.0999899660382537,0.182053533683929,0.0999899660382537,0.261364164595575,0.078342403747824,0.107359912685637,0.078342403747824,0.0999899660382537,0.053628690703256,0.041172338956928,0.681647618741698,0.078342403747824,0.260731216522262,0.078342403747824,0.0545213728963117,0.0636715268145186,0.0545213728963117,0.078342403747824,0.0999899660382537,0.1324090484624709,0.0999899660382537,0.0999899660382537,0.041172338956928,0.0999899660382537,0.041172338956928,0.078342403747824,0.1324090484624709,0.0262176875118606,0.1324090484624709,0.0262176875118606,0.107359912685637,0.0,0.0,0.078342403747824,0.107359912685637,0.0999899660382537,0.0545213728963117,0.182053533683929,0.078342403747824,0.078342403747824,0.1324090484624709,0.0999899660382537,0.0749632197522059,0.0999899660382537,0.0,0.0545213728963117,0.0999899660382537,0.078342403747824,0.0,0.1324090484624709,0.078342403747824,0.041172338956928,0.0749632197522059,0.1324090484624709,0.0999899660382537,0.1324090484624709,0.0749632197522059,0.078342403747824,0.0545213728963117,0.078342403747824,0.078342403747824,0.078342403747824,0.182053533683929,0.107359912685637,0.078342403747824,0.041172338956928,0.0545213728963117,0.8387094771069309,0.0999899660382537,0.078342403747824,0.0545213728963117,0.0636715268145186,0.0999899660382537,0.078342403747824,0.0999899660382537,0.0545213728963117,0.0,0.0262176875118606,0.078342403747824,0.1324090484624709,0.0999899660382537,0.681647618741698,0.0999899660382537,0.0999899660382537,0.053628690703256,0.0999899660382537,0.0467066854134993,0.0322586368373393,0.078342403747824,0.078342403747824,0.0545213728963117,0.0192321645820291,0.0220824020542819,0.182053533683929,0.078342403747824,0.1324090484624709,0.1324090484624709,0.1324090484624709,0.1324090484624709,0.0,0.1324090484624709,0.0,0.078342403747824,0.0262176875118606,0.041172338956928,0.0322586368373393,0.0,0.0999899660382537,0.681647618741698,0.041172338956928,0.0,0.0999899660382537,0.041172338956928,0.0999899660382537,0.0999899660382537,0.0545213728963117,0.1324090484624709,0.078342403747824
Periodontal disease,0.0714299464323527,0.1734727270499989,0.3192481279323519,0.274166873716867,0.386967653528542,0.3192481279323519,0.0545213728963117,0.0714299464323527,0.148976520421494,0.386967653528542,0.0865818037575277,0.0613432731147329,0.21027009483971,0.147105639620399,0.148976520421494,0.0545213728963117,0.386967653528542,0.0714299464323527,0.0865818037575277,0.147105639620399,0.148976520421494,0.148976520421494,0.3192481279323519,0.1324090484624709,0.7085007524967339,0.0498579928542293,0.0714299464323527,0.117967217290509,0.491151693334087,0.453010235567401,0.1324090484624709,0.386967653528542,0.1210836969317,0.1734727270499989,0.148976520421494,0.0865818037575277,0.1098923880062569,0.1734727270499989,0.222834702756658,0.148976520421494,0.148976520421494,0.1210836969317,0.1734727270499989,0.21027009483971,0.1734727270499989,0.1098923880062569,0.527498700621427,0.0714299464323527,0.0865818037575277,0.21027009483971,0.1324090484624709,0.148976520421494,0.0613432731147329,0.1734727270499989,0.1324090484624709,1.0,0.1734727270499989,0.1210836969317,0.148976520421494,0.1734727270499989,0.1734727270499989,0.1734727270499989,0.1734727270499989,0.1734727270499989,0.1210836969317,0.21027009483971,0.148976520421494,0.0865818037575277,0.0498579928542293,0.0613432731147329,0.1324090484624709,0.386967653528542,0.386967653528542,0.1734727270499989,0.639392737369731,0.1324090484624709,0.0865818037575277,0.1734727270499989,0.81153766419781,0.0444245555713213,0.0865818037575277,0.491151693334087,0.148976520421494,0.1098923880062569,0.1324090484624709,0.148976520421494,0.1734727270499989,0.148976520421494,0.527498700621427,0.0545213728963117,0.386967653528542,0.3192481279323519,0.3192481279323519,0.0545213728963117,0.0865818037575277,0.21027009483971,0.0613432731147329,0.1734727270499989,0.1734727270499989,0.21027009483971,0.3192481279323519,0.491151693334087,0.3192481279323519,0.32866873393231,0.148976520421494,0.147105639620399,0.148976520421494,0.527498700621427,0.222834702756658,0.0714299464323527,0.1324090484624709,0.148976520421494,0.357256553363825,0.274166873716867,0.0865818037575277,0.1324090484624709,0.0865818037575277,0.7085007524967339,0.1734727270499989,0.21027009483971,0.3192481279323519,0.1734727270499989,0.0714299464323527,0.8249995187486758,0.0714299464323527,0.148976520421494,0.21027009483971,0.0545213728963117,0.21027009483971,0.0545213728963117,0.147105639620399,0.0,0.0,0.274166873716867,0.147105639620399,0.1734727270499989,0.0865818037575277,0.491151693334087,0.274166873716867,0.148976520421494,0.21027009483971,0.3192481279323519,0.1098923880062569,0.3192481279323519,0.0,0.0865818037575277,0.3192481279323519,0.148976520421494,0.0,0.21027009483971,0.148976520421494,0.0714299464323527,0.1098923880062569,0.21027009483971,0.1734727270499989,0.21027009483971,0.1098923880062569,0.148976520421494,0.0865818037575277,0.148976520421494,0.148976520421494,0.148976520421494,0.491151693334087,0.147105639620399,0.148976520421494,0.0714299464323527,0.0865818037575277,0.148976520421494,0.1734727270499989,0.274166873716867,0.0865818037575277,0.1324090484624709,0.3192481279323519,0.148976520421494,0.1734727270499989,0.0865818037575277,0.0,0.0545213728963117,0.148976520421494,0.21027009483971,0.1734727270499989,0.1324090484624709,0.1734727270499989,0.1734727270499989,0.1210836969317,0.1734727270499989,0.113285175146291,0.0613432731147329,0.148976520421494,0.148976520421494,0.0865818037575277,0.0466468368249435,0.0498579928542293,0.266881513729481,0.274166873716867,0.639392737369731,0.21027009483971,0.21027009483971,0.21027009483971,0.0,0.21027009483971,0.0,0.148976520421494,0.0545213728963117,0.0714299464323527,0.0613432731147329,0.0,0.1734727270499989,0.1324090484624709,0.0714299464323527,0.0,0.1734727270499989,0.0714299464323527,0.1734727270499989,0.1734727270499989,0.0865818037575277,0.21027009483971,0.274166873716867
Blepharitis,0.0571439257166366,0.138778105311832,0.138778105311832,0.115648378688694,0.1734727270499989,0.138778105311832,0.041172338956928,0.0571439257166366,0.115648378688694,0.1734727270499989,0.0714299464323527,0.0476199206365212,0.527498700621427,0.128249502550101,0.115648378688694,0.041172338956928,0.1734727270499989,0.0571439257166366,0.0714299464323527,0.128249502550101,0.115648378688694,0.115648378688694,0.138778105311832,0.0999899660382537,0.115648378688694,0.0367619429090039,0.0571439257166366,0.0921133696066727,0.226732089065557,0.115648378688694,0.304051121218363,0.1734727270499989,0.0892790042075809,0.138778105311832,0.115648378688694,0.0714299464323527,0.0933602719681705,0.138778105311832,0.0892790042075809,0.115648378688694,0.115648378688694,0.0892790042075809,0.138778105311832,0.1734727270499989,0.138778105311832,0.0933602719681705,0.138778105311832,0.0571439257166366,0.0714299464323527,0.1734727270499989,0.304051121218363,0.115648378688694,0.0476199206365212,0.138778105311832,0.0999899660382537,0.1734727270499989,1.0,0.0892790042075809,0.115648378688694,0.421998728397202,0.138778105311832,0.138778105311832,0.138778105311832,0.138778105311832,0.0892790042075809,0.1734727270499989,0.115648378688694,0.0714299464323527,0.0367619429090039,0.0476199206365212,0.0999899660382537,0.1734727270499989,0.1734727270499989,0.138778105311832,0.1734727270499989,0.0999899660382537,0.0714299464323527,0.138778105311832,0.226732089065557,0.0316202950567523,0.0714299464323527,0.226732089065557,0.115648378688694,0.0933602719681705,0.0999899660382537,0.115648378688694,0.138778105311832,0.115648378688694,0.138778105311832,0.041172338956928,0.1734727270499989,0.138778105311832,0.138778105311832,0.041172338956928,0.0714299464323527,0.1734727270499989,0.0476199206365212,0.138778105311832,0.421998728397202,0.1734727270499989,0.138778105311832,0.226732089065557,0.138778105311832,0.296376456737466,0.115648378688694,0.128249502550101,0.115648378688694,0.138778105311832,0.0892790042075809,0.0571439257166366,0.0999899660382537,0.115648378688694,0.311463077621673,0.115648378688694,0.0714299464323527,0.0999899660382537,0.0714299464323527,0.115648378688694,0.138778105311832,0.1734727270499989,0.138778105311832,0.138778105311832,0.0571439257166366,0.138778105311832,0.0571439257166366,0.115648378688694,0.1734727270499989,0.041172338956928,0.1734727270499989,0.041172338956928,0.128249502550101,0.0,0.0,0.115648378688694,0.128249502550101,0.138778105311832,0.0714299464323527,0.226732089065557,0.115648378688694,0.115648378688694,0.1734727270499989,0.138778105311832,0.0933602719681705,0.138778105311832,0.0,0.0714299464323527,0.138778105311832,0.115648378688694,0.0,0.1734727270499989,0.115648378688694,0.0571439257166366,0.0933602719681705,0.1734727270499989,0.138778105311832,0.1734727270499989,0.0933602719681705,0.115648378688694,0.0714299464323527,0.115648378688694,0.115648378688694,0.115648378688694,0.226732089065557,0.128249502550101,0.115648378688694,0.0571439257166366,0.0714299464323527,0.115648378688694,0.138778105311832,0.115648378688694,0.0714299464323527,0.0999899660382537,0.138778105311832,0.115648378688694,0.138778105311832,0.0714299464323527,0.0,0.041172338956928,0.115648378688694,0.1734727270499989,0.138778105311832,0.0999899660382537,0.138778105311832,0.138778105311832,0.0892790042075809,0.138778105311832,0.0819002213950383,0.0476199206365212,0.115648378688694,0.115648378688694,0.0714299464323527,0.0337236205744276,0.0367619429090039,0.226732089065557,0.115648378688694,0.1734727270499989,0.1734727270499989,0.1734727270499989,0.1734727270499989,0.0,0.1734727270499989,0.0,0.115648378688694,0.041172338956928,0.0571439257166366,0.0476199206365212,0.0,0.138778105311832,0.0999899660382537,0.0571439257166366,0.0,0.138778105311832,0.0571439257166366,0.138778105311832,0.138778105311832,0.0714299464323527,0.527498700621427,0.115648378688694
Chronic Rhinosinusitis,0.0367619429090039,0.0892790042075809,0.0892790042075809,0.0680322436110106,0.1210836969317,0.0892790042075809,0.0220824020542819,0.0367619429090039,0.0680322436110106,0.1210836969317,0.0498579928542293,0.0280132767810044,0.1210836969317,0.1016266783579799,0.1252021962253049,0.0220824020542819,0.1210836969317,0.0367619429090039,0.0498579928542293,0.1016266783579799,0.0680322436110106,0.0680322436110106,0.0892790042075809,0.053628690703256,0.0680322436110106,0.0180216412275933,0.0367619429090039,0.0546452272290825,0.169754473731143,0.0680322436110106,0.053628690703256,0.1210836969317,0.0437668429812979,0.0892790042075809,0.0680322436110106,0.0498579928542293,0.0698989009481177,0.0892790042075809,0.0437668429812979,0.0680322436110106,0.0680322436110106,0.0437668429812979,0.0892790042075809,0.1210836969317,0.0892790042075809,0.0698989009481177,0.0892790042075809,0.0367619429090039,0.0498579928542293,0.368193282506597,0.053628690703256,0.0680322436110106,0.0280132767810044,0.164303377491262,0.053628690703256,0.1210836969317,0.0892790042075809,1.0,0.0680322436110106,0.0892790042075809,0.0892790042075809,0.0892790042075809,0.0892790042075809,0.0892790042075809,0.0437668429812979,0.1210836969317,0.0680322436110106,0.0498579928542293,0.0180216412275933,0.0280132767810044,0.053628690703256,0.1210836969317,0.1210836969317,0.164303377491262,0.1210836969317,0.0986948173446475,0.0498579928542293,0.0892790042075809,0.169754473731143,0.013283683417403,0.0498579928542293,0.169754473731143,0.1252021962253049,0.0698989009481177,0.053628690703256,0.0680322436110106,0.0892790042075809,0.0680322436110106,0.0892790042075809,0.0220824020542819,0.1210836969317,0.0892790042075809,0.0892790042075809,0.0220824020542819,0.0498579928542293,0.1210836969317,0.0280132767810044,0.0892790042075809,0.0892790042075809,0.1210836969317,0.0892790042075809,0.169754473731143,0.0892790042075809,0.251891645753317,0.1252021962253049,0.1016266783579799,0.0680322436110106,0.0892790042075809,0.0437668429812979,0.0367619429090039,0.053628690703256,0.1252021962253049,0.2468076474408089,0.0680322436110106,0.0498579928542293,0.0986948173446475,0.0498579928542293,0.0680322436110106,0.0892790042075809,0.1210836969317,0.0892790042075809,0.0892790042075809,0.0367619429090039,0.0892790042075809,0.0367619429090039,0.0680322436110106,0.575848396435083,0.0220824020542819,0.1210836969317,0.0220824020542819,0.1016266783579799,0.0,0.0,0.0680322436110106,0.1016266783579799,0.0892790042075809,0.0498579928542293,0.169754473731143,0.0680322436110106,0.0680322436110106,0.1210836969317,0.0892790042075809,0.0698989009481177,0.0892790042075809,0.0,0.0498579928542293,0.0892790042075809,0.0680322436110106,0.0,0.1210836969317,0.0680322436110106,0.0367619429090039,0.0698989009481177,0.1210836969317,0.0892790042075809,0.1210836969317,0.0698989009481177,0.0680322436110106,0.0498579928542293,0.0680322436110106,0.0680322436110106,0.0680322436110106,0.169754473731143,0.1016266783579799,0.0680322436110106,0.0367619429090039,0.0498579928542293,0.0680322436110106,0.0892790042075809,0.0680322436110106,0.0498579928542293,0.053628690703256,0.0892790042075809,0.0680322436110106,0.0892790042075809,0.0498579928542293,0.0,0.0220824020542819,0.1252021962253049,0.1210836969317,0.164303377491262,0.053628690703256,0.0892790042075809,0.0892790042075809,0.0805457026294476,0.0892790042075809,0.0680347132176099,0.0280132767810044,0.0680322436110106,0.0680322436110106,0.0498579928542293,0.0152223787564515,0.0180216412275933,0.312405291992608,0.0680322436110106,0.1210836969317,0.1210836969317,0.1210836969317,0.1210836969317,0.0,0.1210836969317,0.0,0.0680322436110106,0.0220824020542819,0.0367619429090039,0.0280132767810044,0.0,0.0892790042075809,0.053628690703256,0.0367619429090039,0.0,0.0892790042075809,0.0367619429090039,0.164303377491262,0.0892790042075809,0.0498579928542293,0.1210836969317,0.0680322436110106
Conjunctival scarring,0.0476199206365212,0.212831890191799,0.115648378688694,0.093408272931481,0.148976520421494,0.115648378688694,0.0322586368373393,0.0476199206365212,0.093408272931481,0.148976520421494,0.0613432731147329,0.0384622300306098,0.148976520421494,0.115768709113422,0.093408272931481,0.0322586368373393,0.148976520421494,0.0476199206365212,0.0613432731147329,0.115768709113422,0.171902619932726,0.171902619932726,0.115648378688694,0.078342403747824,0.093408272931481,0.0280132767810044,0.0476199206365212,0.355217172737751,0.200063521369343,0.093408272931481,0.078342403747824,0.148976520421494,0.0680322436110106,0.115648378688694,0.093408272931481,0.0613432731147329,0.0823790970344355,0.115648378688694,0.0680322436110106,0.093408272931481,0.093408272931481,0.0680322436110106,0.115648378688694,0.148976520421494,0.115648378688694,0.0823790970344355,0.115648378688694,0.0476199206365212,0.0613432731147329,0.148976520421494,0.078342403747824,0.093408272931481,0.0384622300306098,0.115648378688694,0.078342403747824,0.148976520421494,0.115648378688694,0.0680322436110106,1.0,0.115648378688694,0.115648378688694,0.115648378688694,0.115648378688694,0.115648378688694,0.0680322436110106,0.148976520421494,0.093408272931481,0.0613432731147329,0.0280132767810044,0.0384622300306098,0.3725798659459621,0.148976520421494,0.148976520421494,0.115648378688694,0.148976520421494,0.078342403747824,0.0613432731147329,0.115648378688694,0.200063521369343,0.023062117726601,0.0613432731147329,0.200063521369343,0.093408272931481,0.0823790970344355,0.5645155881887141,0.093408272931481,0.115648378688694,0.093408272931481,0.115648378688694,0.0322586368373393,0.148976520421494,0.115648378688694,0.115648378688694,0.0322586368373393,0.0613432731147329,0.148976520421494,0.0384622300306098,0.115648378688694,0.115648378688694,0.148976520421494,0.115648378688694,0.200063521369343,0.115648378688694,0.275363104390711,0.093408272931481,0.115768709113422,0.093408272931481,0.115648378688694,0.0680322436110106,0.0476199206365212,0.078342403747824,0.093408272931481,0.2811525792754519,0.093408272931481,0.0613432731147329,0.078342403747824,0.0613432731147329,0.093408272931481,0.115648378688694,0.148976520421494,0.115648378688694,0.115648378688694,0.0476199206365212,0.115648378688694,0.0476199206365212,0.093408272931481,0.148976520421494,0.0322586368373393,0.148976520421494,0.0322586368373393,0.115768709113422,0.0,0.0,0.093408272931481,0.115768709113422,0.212831890191799,0.0613432731147329,0.200063521369343,0.093408272931481,0.171902619932726,0.148976520421494,0.115648378688694,0.0823790970344355,0.115648378688694,0.0,0.0613432731147329,0.115648378688694,0.093408272931481,0.0,0.148976520421494,0.093408272931481,0.0476199206365212,0.0823790970344355,0.148976520421494,0.115648378688694,0.148976520421494,0.0823790970344355,0.093408272931481,0.0613432731147329,0.093408272931481,0.093408272931481,0.284037401363075,0.200063521369343,0.115768709113422,0.093408272931481,0.0476199206365212,0.0613432731147329,0.093408272931481,0.115648378688694,0.093408272931481,0.0613432731147329,0.078342403747824,0.115648378688694,0.093408272931481,0.115648378688694,0.0613432731147329,0.0,0.0322586368373393,0.093408272931481,0.148976520421494,0.115648378688694,0.078342403747824,0.115648378688694,0.115648378688694,0.0680322436110106,0.115648378688694,0.0609274353162256,0.0384622300306098,0.171902619932726,0.093408272931481,0.0613432731147329,0.0250877674831517,0.0280132767810044,0.200063521369343,0.093408272931481,0.148976520421494,0.148976520421494,0.148976520421494,0.148976520421494,0.0,0.148976520421494,0.0,0.093408272931481,0.0322586368373393,0.0476199206365212,0.0384622300306098,0.0,0.115648378688694,0.078342403747824,0.0476199206365212,0.0,0.115648378688694,0.0476199206365212,0.115648378688694,0.115648378688694,0.0613432731147329,0.148976520421494,0.093408272931481
Oral lichen planus,0.0571439257166366,0.138778105311832,0.138778105311832,0.115648378688694,0.1734727270499989,0.138778105311832,0.041172338956928,0.0571439257166366,0.115648378688694,0.1734727270499989,0.0714299464323527,0.0476199206365212,0.527498700621427,0.128249502550101,0.115648378688694,0.041172338956928,0.1734727270499989,0.0571439257166366,0.0714299464323527,0.128249502550101,0.115648378688694,0.115648378688694,0.138778105311832,0.0999899660382537,0.115648378688694,0.0367619429090039,0.0571439257166366,0.0921133696066727,0.226732089065557,0.115648378688694,0.304051121218363,0.1734727270499989,0.0892790042075809,0.138778105311832,0.115648378688694,0.0714299464323527,0.0933602719681705,0.138778105311832,0.0892790042075809,0.115648378688694,0.115648378688694,0.0892790042075809,0.138778105311832,0.1734727270499989,0.138778105311832,0.0933602719681705,0.138778105311832,0.0571439257166366,0.0714299464323527,0.1734727270499989,0.304051121218363,0.115648378688694,0.0476199206365212,0.138778105311832,0.0999899660382537,0.1734727270499989,0.421998728397202,0.0892790042075809,0.115648378688694,1.0,0.138778105311832,0.138778105311832,0.138778105311832,0.138778105311832,0.0892790042075809,0.1734727270499989,0.115648378688694,0.0714299464323527,0.0367619429090039,0.0476199206365212,0.0999899660382537,0.1734727270499989,0.1734727270499989,0.138778105311832,0.1734727270499989,0.0999899660382537,0.0714299464323527,0.138778105311832,0.226732089065557,0.0316202950567523,0.0714299464323527,0.226732089065557,0.115648378688694,0.0933602719681705,0.0999899660382537,0.115648378688694,0.138778105311832,0.115648378688694,0.138778105311832,0.041172338956928,0.1734727270499989,0.138778105311832,0.138778105311832,0.041172338956928,0.0714299464323527,0.1734727270499989,0.0476199206365212,0.138778105311832,0.421998728397202,0.1734727270499989,0.138778105311832,0.226732089065557,0.138778105311832,0.296376456737466,0.115648378688694,0.128249502550101,0.115648378688694,0.138778105311832,0.0892790042075809,0.0571439257166366,0.0999899660382537,0.115648378688694,0.311463077621673,0.115648378688694,0.0714299464323527,0.0999899660382537,0.0714299464323527,0.115648378688694,0.138778105311832,0.1734727270499989,0.138778105311832,0.138778105311832,0.0571439257166366,0.138778105311832,0.0571439257166366,0.115648378688694,0.1734727270499989,0.041172338956928,0.1734727270499989,0.041172338956928,0.128249502550101,0.0,0.0,0.115648378688694,0.128249502550101,0.138778105311832,0.0714299464323527,0.226732089065557,0.115648378688694,0.115648378688694,0.1734727270499989,0.138778105311832,0.0933602719681705,0.138778105311832,0.0,0.0714299464323527,0.138778105311832,0.115648378688694,0.0,0.1734727270499989,0.115648378688694,0.0571439257166366,0.0933602719681705,0.1734727270499989,0.138778105311832,0.1734727270499989,0.0933602719681705,0.115648378688694,0.0714299464323527,0.115648378688694,0.115648378688694,0.115648378688694,0.226732089065557,0.128249502550101,0.115648378688694,0.0571439257166366,0.0714299464323527,0.115648378688694,0.138778105311832,0.115648378688694,0.0714299464323527,0.0999899660382537,0.138778105311832,0.115648378688694,0.138778105311832,0.0714299464323527,0.0,0.041172338956928,0.115648378688694,0.1734727270499989,0.138778105311832,0.0999899660382537,0.138778105311832,0.138778105311832,0.0892790042075809,0.138778105311832,0.0819002213950383,0.0476199206365212,0.115648378688694,0.115648378688694,0.0714299464323527,0.0337236205744276,0.0367619429090039,0.226732089065557,0.115648378688694,0.1734727270499989,0.1734727270499989,0.1734727270499989,0.1734727270499989,0.0,0.1734727270499989,0.0,0.115648378688694,0.041172338956928,0.0571439257166366,0.0476199206365212,0.0,0.138778105311832,0.0999899660382537,0.0571439257166366,0.0,0.138778105311832,0.0571439257166366,0.138778105311832,0.138778105311832,0.0714299464323527,0.527498700621427,0.115648378688694
Heart failure,0.0571439257166366,0.138778105311832,0.138778105311832,0.115648378688694,0.1734727270499989,0.138778105311832,0.041172338956928,0.0571439257166366,0.115648378688694,0.1734727270499989,0.0714299464323527,0.0476199206365212,0.1734727270499989,0.128249502550101,0.115648378688694,0.041172338956928,0.1734727270499989,0.0571439257166366,0.0714299464323527,0.128249502550101,0.115648378688694,0.115648378688694,0.138778105311832,0.184015147583005,0.115648378688694,0.0367619429090039,0.0571439257166366,0.0921133696066727,0.226732089065557,0.115648378688694,0.0999899660382537,0.1734727270499989,0.0892790042075809,0.138778105311832,0.115648378688694,0.0714299464323527,0.0933602719681705,0.138778105311832,0.0892790042075809,0.212831890191799,0.115648378688694,0.0892790042075809,0.255398361876396,0.1734727270499989,0.138778105311832,0.0933602719681705,0.138778105311832,0.0571439257166366,0.0714299464323527,0.1734727270499989,0.0999899660382537,0.115648378688694,0.0476199206365212,0.138778105311832,0.0999899660382537,0.1734727270499989,0.138778105311832,0.0892790042075809,0.115648378688694,0.138778105311832,1.0,0.138778105311832,0.138778105311832,0.255398361876396,0.0892790042075809,0.1734727270499989,0.115648378688694,0.0714299464323527,0.0367619429090039,0.0476199206365212,0.0999899660382537,0.1734727270499989,0.1734727270499989,0.138778105311832,0.1734727270499989,0.0999899660382537,0.0714299464323527,0.255398361876396,0.226732089065557,0.0316202950567523,0.0714299464323527,0.226732089065557,0.115648378688694,0.0933602719681705,0.0999899660382537,0.115648378688694,0.138778105311832,0.212831890191799,0.138778105311832,0.041172338956928,0.1734727270499989,0.138778105311832,0.138778105311832,0.041172338956928,0.0714299464323527,0.1734727270499989,0.0476199206365212,0.255398361876396,0.138778105311832,0.1734727270499989,0.138778105311832,0.226732089065557,0.138778105311832,0.296376456737466,0.115648378688694,0.128249502550101,0.115648378688694,0.138778105311832,0.0892790042075809,0.0571439257166366,0.0999899660382537,0.115648378688694,0.573196756295348,0.115648378688694,0.0714299464323527,0.0999899660382537,0.0714299464323527,0.115648378688694,0.138778105311832,0.1734727270499989,0.138778105311832,0.138778105311832,0.0571439257166366,0.138778105311832,0.0571439257166366,0.115648378688694,0.1734727270499989,0.041172338956928,0.1734727270499989,0.041172338956928,0.128249502550101,0.0,0.0,0.115648378688694,0.128249502550101,0.138778105311832,0.0714299464323527,0.226732089065557,0.115648378688694,0.115648378688694,0.1734727270499989,0.138778105311832,0.0933602719681705,0.138778105311832,0.0,0.0714299464323527,0.138778105311832,0.115648378688694,0.0,0.1734727270499989,0.115648378688694,0.0571439257166366,0.0933602719681705,0.1734727270499989,0.138778105311832,0.1734727270499989,0.0933602719681705,0.212831890191799,0.0714299464323527,0.212831890191799,0.115648378688694,0.115648378688694,0.226732089065557,0.128249502550101,0.115648378688694,0.0571439257166366,0.0714299464323527,0.115648378688694,0.138778105311832,0.115648378688694,0.0714299464323527,0.0999899660382537,0.138778105311832,0.115648378688694,0.138778105311832,0.0714299464323527,0.0,0.041172338956928,0.115648378688694,0.1734727270499989,0.138778105311832,0.0999899660382537,0.138778105311832,0.138778105311832,0.0892790042075809,0.255398361876396,0.0819002213950383,0.0476199206365212,0.115648378688694,0.115648378688694,0.0714299464323527,0.0337236205744276,0.0367619429090039,0.226732089065557,0.115648378688694,0.1734727270499989,0.1734727270499989,0.1734727270499989,0.1734727270499989,0.0,0.1734727270499989,0.0,0.115648378688694,0.041172338956928,0.0571439257166366,0.0476199206365212,0.0,0.138778105311832,0.0999899660382537,0.0571439257166366,0.0,0.138778105311832,0.0571439257166366,0.138778105311832,0.138778105311832,0.0714299464323527,0.1734727270499989,0.115648378688694
Refractory celiac disease,0.0571439257166366,0.138778105311832,0.138778105311832,0.115648378688694,0.1734727270499989,0.138778105311832,0.041172338956928,0.0571439257166366,0.115648378688694,0.1734727270499989,0.0714299464323527,0.0476199206365212,0.1734727270499989,0.128249502550101,0.115648378688694,0.041172338956928,0.1734727270499989,0.0571439257166366,0.0714299464323527,0.128249502550101,0.115648378688694,0.115648378688694,0.138778105311832,0.0999899660382537,0.115648378688694,0.0367619429090039,0.0571439257166366,0.0921133696066727,0.226732089065557,0.115648378688694,0.0999899660382537,0.1734727270499989,0.164303377491262,1.0,0.115648378688694,0.0714299464323527,0.0933602719681705,0.138778105311832,0.0892790042075809,0.115648378688694,0.212831890191799,0.0892790042075809,0.138778105311832,0.527498700621427,0.659999251998354,0.0933602719681705,0.138778105311832,0.0571439257166366,0.0714299464323527,0.1734727270499989,0.0999899660382537,0.115648378688694,0.0476199206365212,0.138778105311832,0.0999899660382537,0.1734727270499989,0.138778105311832,0.0892790042075809,0.115648378688694,0.138778105311832,0.138778105311832,1.0,0.138778105311832,0.138778105311832,0.0892790042075809,0.1734727270499989,0.115648378688694,0.0714299464323527,0.0367619429090039,0.0476199206365212,0.0999899660382537,0.1734727270499989,0.1734727270499989,0.138778105311832,0.1734727270499989,0.0999899660382537,0.0714299464323527,0.138778105311832,0.226732089065557,0.0316202950567523,0.0714299464323527,0.226732089065557,0.115648378688694,0.0933602719681705,0.0999899660382537,0.115648378688694,0.421998728397202,0.115648378688694,0.138778105311832,0.041172338956928,0.1734727270499989,0.138778105311832,0.138778105311832,0.041172338956928,0.0714299464323527,0.1734727270499989,0.0476199206365212,0.138778105311832,0.138778105311832,0.527498700621427,0.138778105311832,0.226732089065557,0.138778105311832,0.296376456737466,0.115648378688694,0.128249502550101,0.115648378688694,0.138778105311832,0.0892790042075809,0.0571439257166366,0.0999899660382537,0.115648378688694,0.311463077621673,0.115648378688694,0.0714299464323527,0.0999899660382537,0.0714299464323527,0.115648378688694,0.138778105311832,0.1734727270499989,0.138778105311832,0.138778105311832,0.0571439257166366,0.138778105311832,0.0571439257166366,0.212831890191799,0.1734727270499989,0.041172338956928,0.1734727270499989,0.041172338956928,0.128249502550101,0.0,0.0,0.115648378688694,0.128249502550101,0.138778105311832,0.0714299464323527,0.226732089065557,0.115648378688694,0.115648378688694,0.1734727270499989,0.138778105311832,0.0933602719681705,0.138778105311832,0.0,0.0714299464323527,0.138778105311832,0.115648378688694,0.0,0.1734727270499989,0.115648378688694,0.0571439257166366,0.0933602719681705,0.1734727270499989,0.138778105311832,0.1734727270499989,0.0933602719681705,0.115648378688694,0.0714299464323527,0.115648378688694,0.351665478053376,0.115648378688694,0.226732089065557,0.128249502550101,0.212831890191799,0.0571439257166366,0.0714299464323527,0.115648378688694,0.138778105311832,0.115648378688694,0.0714299464323527,0.0999899660382537,0.138778105311832,0.351665478053376,0.138778105311832,0.0714299464323527,0.0,0.041172338956928,0.115648378688694,0.1734727270499989,0.138778105311832,0.0999899660382537,0.138778105311832,0.138778105311832,0.0892790042075809,0.138778105311832,0.0819002213950383,0.0476199206365212,0.115648378688694,0.351665478053376,0.0714299464323527,0.0337236205744276,0.0367619429090039,0.226732089065557,0.115648378688694,0.1734727270499989,0.1734727270499989,0.1734727270499989,0.1734727270499989,0.0,0.527498700621427,0.0,0.115648378688694,0.041172338956928,0.0571439257166366,0.0476199206365212,0.0,0.421998728397202,0.0999899660382537,0.0571439257166366,0.0,0.138778105311832,0.0571439257166366,0.138778105311832,0.421998728397202,0.0714299464323527,0.1734727270499989,0.115648378688694
Interstitial cystitis,0.0571439257166366,0.138778105311832,0.138778105311832,0.115648378688694,0.1734727270499989,0.138778105311832,0.041172338956928,0.0571439257166366,0.115648378688694,0.1734727270499989,0.0714299464323527,0.0476199206365212,0.1734727270499989,0.128249502550101,0.115648378688694,0.041172338956928,0.1734727270499989,0.0571439257166366,0.0714299464323527,0.128249502550101,0.115648378688694,0.115648378688694,0.138778105311832,0.0999899660382537,0.115648378688694,0.0367619429090039,0.0571439257166366,0.0921133696066727,0.226732089065557,0.115648378688694,0.0999899660382537,0.1734727270499989,0.0892790042075809,0.138778105311832,0.115648378688694,0.0714299464323527,0.0933602719681705,0.138778105311832,0.0892790042075809,0.115648378688694,0.115648378688694,0.0892790042075809,0.138778105311832,0.1734727270499989,0.138778105311832,0.0933602719681705,0.138778105311832,0.0571439257166366,0.0714299464323527,0.1734727270499989,0.0999899660382537,0.115648378688694,0.0476199206365212,0.138778105311832,0.0999899660382537,0.1734727270499989,0.138778105311832,0.0892790042075809,0.115648378688694,0.138778105311832,0.138778105311832,0.138778105311832,1.0,0.138778105311832,0.0892790042075809,0.1734727270499989,0.115648378688694,0.0714299464323527,0.0367619429090039,0.0476199206365212,0.0999899660382537,0.1734727270499989,0.1734727270499989,0.138778105311832,0.1734727270499989,0.0999899660382537,0.0714299464323527,0.138778105311832,0.226732089065557,0.0316202950567523,0.0714299464323527,0.226732089065557,0.115648378688694,0.0933602719681705,0.0999899660382537,0.115648378688694,0.138778105311832,0.115648378688694,0.138778105311832,0.041172338956928,0.1734727270499989,0.138778105311832,0.138778105311832,0.041172338956928,0.0714299464323527,0.1734727270499989,0.0476199206365212,0.138778105311832,0.138778105311832,0.1734727270499989,0.138778105311832,0.226732089065557,0.138778105311832,0.296376456737466,0.115648378688694,0.128249502550101,0.115648378688694,0.138778105311832,0.0892790042075809,0.0571439257166366,0.0999899660382537,0.115648378688694,0.311463077621673,0.115648378688694,0.0714299464323527,0.0999899660382537,0.0714299464323527,0.115648378688694,0.138778105311832,0.3192481279323519,0.138778105311832,0.255398361876396,0.0571439257166366,0.138778105311832,0.0571439257166366,0.115648378688694,0.1734727270499989,0.041172338956928,0.1734727270499989,0.041172338956928,0.128249502550101,0.0,0.0,0.115648378688694,0.128249502550101,0.138778105311832,0.0714299464323527,0.226732089065557,0.115648378688694,0.115648378688694,0.1734727270499989,0.138778105311832,0.0933602719681705,0.138778105311832,0.0,0.0714299464323527,0.138778105311832,0.115648378688694,0.0,0.1734727270499989,0.115648378688694,0.0571439257166366,0.0933602719681705,0.3192481279323519,0.138778105311832,0.1734727270499989,0.0933602719681705,0.115648378688694,0.0714299464323527,0.115648378688694,0.115648378688694,0.115648378688694,0.226732089065557,0.128249502550101,0.115648378688694,0.0571439257166366,0.0714299464323527,0.115648378688694,0.138778105311832,0.115648378688694,0.0714299464323527,0.184015147583005,0.138778105311832,0.115648378688694,0.138778105311832,0.0714299464323527,0.0,0.041172338956928,0.115648378688694,0.1734727270499989,0.138778105311832,0.0999899660382537,0.138778105311832,0.138778105311832,0.0892790042075809,0.138778105311832,0.0819002213950383,0.0476199206365212,0.115648378688694,0.115648378688694,0.0714299464323527,0.0337236205744276,0.0367619429090039,0.226732089065557,0.115648378688694,0.1734727270499989,0.527498700621427,0.1734727270499989,0.527498700621427,0.0,0.1734727270499989,0.0,0.115648378688694,0.041172338956928,0.0571439257166366,0.0476199206365212,0.0,0.138778105311832,0.0999899660382537,0.0571439257166366,0.0,0.138778105311832,0.0571439257166366,0.138778105311832,0.138778105311832,0.0714299464323527,0.1734727270499989,0.115648378688694
Coronary artery disease,0.0571439257166366,0.138778105311832,0.138778105311832,0.115648378688694,0.1734727270499989,0.138778105311832,0.041172338956928,0.0571439257166366,0.115648378688694,0.1734727270499989,0.0714299464323527,0.0476199206365212,0.1734727270499989,0.128249502550101,0.115648378688694,0.041172338956928,0.1734727270499989,0.0571439257166366,0.0714299464323527,0.128249502550101,0.115648378688694,0.115648378688694,0.138778105311832,0.47553108355459,0.115648378688694,0.0367619429090039,0.0571439257166366,0.0921133696066727,0.226732089065557,0.115648378688694,0.0999899660382537,0.1734727270499989,0.0892790042075809,0.138778105311832,0.115648378688694,0.0714299464323527,0.0933602719681705,0.138778105311832,0.0892790042075809,0.549999174998487,0.115648378688694,0.0892790042075809,0.421998728397202,0.1734727270499989,0.138778105311832,0.0933602719681705,0.138778105311832,0.0571439257166366,0.0714299464323527,0.1734727270499989,0.0999899660382537,0.115648378688694,0.0476199206365212,0.138778105311832,0.0999899660382537,0.1734727270499989,0.138778105311832,0.0892790042075809,0.115648378688694,0.138778105311832,0.255398361876396,0.138778105311832,0.138778105311832,1.0,0.0892790042075809,0.1734727270499989,0.115648378688694,0.0714299464323527,0.0367619429090039,0.0476199206365212,0.0999899660382537,0.1734727270499989,0.1734727270499989,0.138778105311832,0.1734727270499989,0.0999899660382537,0.0714299464323527,0.659999251998354,0.226732089065557,0.0316202950567523,0.0714299464323527,0.226732089065557,0.115648378688694,0.0933602719681705,0.0999899660382537,0.115648378688694,0.138778105311832,0.351665478053376,0.138778105311832,0.041172338956928,0.1734727270499989,0.138778105311832,0.138778105311832,0.041172338956928,0.0714299464323527,0.1734727270499989,0.0476199206365212,1.0,0.138778105311832,0.1734727270499989,0.138778105311832,0.226732089065557,0.138778105311832,0.296376456737466,0.115648378688694,0.128249502550101,0.115648378688694,0.138778105311832,0.0892790042075809,0.0571439257166366,0.0999899660382537,0.115648378688694,0.573196756295348,0.115648378688694,0.0714299464323527,0.0999899660382537,0.0714299464323527,0.115648378688694,0.138778105311832,0.1734727270499989,0.138778105311832,0.138778105311832,0.0571439257166366,0.138778105311832,0.0571439257166366,0.115648378688694,0.1734727270499989,0.041172338956928,0.1734727270499989,0.041172338956928,0.128249502550101,0.0,0.0,0.115648378688694,0.128249502550101,0.138778105311832,0.0714299464323527,0.226732089065557,0.115648378688694,0.115648378688694,0.1734727270499989,0.138778105311832,0.0933602719681705,0.138778105311832,0.0,0.0714299464323527,0.138778105311832,0.115648378688694,0.0,0.1734727270499989,0.115648378688694,0.0571439257166366,0.0933602719681705,0.1734727270499989,0.138778105311832,0.1734727270499989,0.0933602719681705,0.549999174998487,0.0714299464323527,0.549999174998487,0.115648378688694,0.115648378688694,0.226732089065557,0.128249502550101,0.115648378688694,0.0571439257166366,0.0714299464323527,0.115648378688694,0.138778105311832,0.115648378688694,0.0714299464323527,0.0999899660382537,0.138778105311832,0.115648378688694,0.138778105311832,0.0714299464323527,0.0,0.041172338956928,0.115648378688694,0.1734727270499989,0.138778105311832,0.0999899660382537,0.138778105311832,0.138778105311832,0.0892790042075809,0.421998728397202,0.0819002213950383,0.0476199206365212,0.115648378688694,0.115648378688694,0.0714299464323527,0.0337236205744276,0.0367619429090039,0.226732089065557,0.115648378688694,0.1734727270499989,0.1734727270499989,0.1734727270499989,0.1734727270499989,0.0,0.1734727270499989,0.0,0.115648378688694,0.041172338956928,0.0571439257166366,0.0476199206365212,0.0,0.138778105311832,0.0999899660382537,0.0571439257166366,0.0,0.138778105311832,0.0571439257166366,0.138778105311832,0.138778105311832,0.0714299464323527,0.1734727270499989,0.115648378688694
Juvenile Idiopathic Arthritis,0.0367619429090039,0.0892790042075809,0.0892790042075809,0.0680322436110106,0.1210836969317,0.0892790042075809,0.0220824020542819,0.0367619429090039,0.323546929785103,0.1210836969317,0.0498579928542293,0.0280132767810044,0.1210836969317,0.1016266783579799,0.0680322436110106,0.0220824020542819,0.1210836969317,0.0367619429090039,0.0498579928542293,0.1016266783579799,0.0680322436110106,0.0680322436110106,0.0892790042075809,0.053628690703256,0.0680322436110106,0.0180216412275933,0.0367619429090039,0.0546452272290825,0.169754473731143,0.0680322436110106,0.053628690703256,0.1210836969317,0.0437668429812979,0.0892790042075809,0.490223176474009,0.0498579928542293,0.0698989009481177,0.164303377491262,0.0437668429812979,0.0680322436110106,0.0680322436110106,1.0,0.0892790042075809,0.1210836969317,0.0892790042075809,0.0698989009481177,0.0892790042075809,0.0367619429090039,0.0498579928542293,0.1210836969317,0.053628690703256,0.0680322436110106,0.0280132767810044,0.0892790042075809,0.8422711592810009,0.1210836969317,0.0892790042075809,0.0437668429812979,0.0680322436110106,0.0892790042075809,0.0892790042075809,0.0892790042075809,0.0892790042075809,0.0892790042075809,1.0,0.1210836969317,0.0680322436110106,0.0498579928542293,0.0180216412275933,0.0280132767810044,0.053628690703256,0.1210836969317,0.1210836969317,0.0892790042075809,0.1210836969317,0.053628690703256,0.0498579928542293,0.0892790042075809,0.169754473731143,0.013283683417403,0.0498579928542293,0.169754473731143,0.0680322436110106,0.0698989009481177,0.053628690703256,0.728332100315302,0.0892790042075809,0.0680322436110106,0.0892790042075809,0.0220824020542819,0.1210836969317,0.0892790042075809,0.0892790042075809,0.0220824020542819,0.0498579928542293,0.1210836969317,0.0280132767810044,0.0892790042075809,0.0892790042075809,0.1210836969317,0.0892790042075809,0.169754473731143,0.0892790042075809,0.251891645753317,0.0680322436110106,0.1016266783579799,0.0680322436110106,0.0892790042075809,0.0437668429812979,0.0367619429090039,0.5741321300587039,0.0680322436110106,0.2468076474408089,0.0680322436110106,0.0498579928542293,0.053628690703256,0.0498579928542293,0.0680322436110106,0.0892790042075809,0.1210836969317,0.0892790042075809,0.0892790042075809,0.0367619429090039,0.0892790042075809,0.0367619429090039,0.0680322436110106,0.1210836969317,0.0220824020542819,0.1210836969317,0.0220824020542819,0.1016266783579799,0.0,0.0,0.0680322436110106,0.1016266783579799,0.0892790042075809,0.0498579928542293,0.169754473731143,0.0680322436110106,0.0680322436110106,0.1210836969317,0.0892790042075809,0.0698989009481177,0.0892790042075809,0.0,0.0498579928542293,0.0892790042075809,0.0680322436110106,0.0,0.1210836969317,0.0680322436110106,0.0367619429090039,0.0698989009481177,0.1210836969317,0.0892790042075809,0.1210836969317,0.0698989009481177,0.0680322436110106,0.0498579928542293,0.0680322436110106,0.0680322436110106,0.0680322436110106,0.169754473731143,0.1016266783579799,0.0680322436110106,0.0367619429090039,0.0498579928542293,0.728332100315302,0.0892790042075809,0.0680322436110106,0.0498579928542293,0.053628690703256,0.0892790042075809,0.0680322436110106,0.0892790042075809,0.0498579928542293,0.0,0.0220824020542819,0.0680322436110106,0.1210836969317,0.0892790042075809,0.5741321300587039,0.0892790042075809,0.0892790042075809,0.0437668429812979,0.0892790042075809,0.0369686341228109,0.0280132767810044,0.0680322436110106,0.0680322436110106,0.0498579928542293,0.0152223787564515,0.0180216412275933,0.169754473731143,0.0680322436110106,0.1210836969317,0.1210836969317,0.1210836969317,0.1210836969317,0.0,0.1210836969317,0.0,0.0680322436110106,0.0220824020542819,0.0367619429090039,0.0280132767810044,0.0,0.0892790042075809,0.5741321300587039,0.0367619429090039,0.0,0.0892790042075809,0.0367619429090039,0.0892790042075809,0.0892790042075809,0.0498579928542293,0.1210836969317,0.0680322436110106
Preterm birth,0.0714299464323527,0.1734727270499989,0.1734727270499989,0.148976520421494,0.21027009483971,0.1734727270499989,0.0545213728963117,0.0714299464323527,0.148976520421494,0.21027009483971,0.0865818037575277,0.0613432731147329,0.21027009483971,0.147105639620399,0.148976520421494,0.0545213728963117,0.21027009483971,0.0714299464323527,0.0865818037575277,0.147105639620399,0.148976520421494,0.148976520421494,0.1734727270499989,0.1324090484624709,0.148976520421494,0.0498579928542293,0.0714299464323527,0.117967217290509,0.266881513729481,0.148976520421494,0.1324090484624709,0.21027009483971,0.1210836969317,0.1734727270499989,0.148976520421494,0.0865818037575277,0.1098923880062569,0.1734727270499989,0.1210836969317,0.148976520421494,0.148976520421494,0.1210836969317,0.1734727270499989,0.21027009483971,0.1734727270499989,0.1098923880062569,0.1734727270499989,0.0714299464323527,0.0865818037575277,0.21027009483971,0.1324090484624709,0.453010235567401,0.0613432731147329,0.1734727270499989,0.1324090484624709,0.21027009483971,0.1734727270499989,0.1210836969317,0.148976520421494,0.1734727270499989,0.1734727270499989,0.1734727270499989,0.1734727270499989,0.1734727270499989,0.1210836969317,1.0,0.453010235567401,0.0865818037575277,0.0498579928542293,0.0613432731147329,0.1324090484624709,0.21027009483971,0.21027009483971,0.1734727270499989,0.21027009483971,0.1324090484624709,0.0865818037575277,0.1734727270499989,0.266881513729481,0.0444245555713213,0.0865818037575277,0.266881513729481,0.148976520421494,0.1098923880062569,0.1324090484624709,0.148976520421494,0.1734727270499989,0.148976520421494,0.1734727270499989,0.0545213728963117,0.21027009483971,0.1734727270499989,0.1734727270499989,0.0545213728963117,0.0865818037575277,0.21027009483971,0.0613432731147329,0.1734727270499989,0.1734727270499989,0.21027009483971,0.1734727270499989,0.266881513729481,0.1734727270499989,0.32866873393231,0.148976520421494,0.147105639620399,0.453010235567401,0.1734727270499989,0.1210836969317,0.0714299464323527,0.1324090484624709,0.148976520421494,0.357256553363825,0.148976520421494,0.0865818037575277,0.1324090484624709,0.0865818037575277,0.148976520421494,0.3192481279323519,0.21027009483971,0.1734727270499989,0.1734727270499989,0.0714299464323527,0.1734727270499989,0.0714299464323527,0.148976520421494,0.21027009483971,0.0545213728963117,0.21027009483971,0.0545213728963117,0.147105639620399,0.0,0.0,0.148976520421494,0.147105639620399,0.1734727270499989,0.0865818037575277,0.266881513729481,0.148976520421494,0.148976520421494,0.21027009483971,0.1734727270499989,0.1098923880062569,0.1734727270499989,0.0,0.0865818037575277,0.1734727270499989,0.453010235567401,0.0,0.639392737369731,0.274166873716867,0.0714299464323527,0.1098923880062569,0.21027009483971,0.527498700621427,0.21027009483971,0.1098923880062569,0.148976520421494,0.0865818037575277,0.148976520421494,0.148976520421494,0.148976520421494,0.266881513729481,0.147105639620399,0.148976520421494,0.0714299464323527,0.0865818037575277,0.148976520421494,0.1734727270499989,0.148976520421494,0.0865818037575277,0.1324090484624709,0.1734727270499989,0.148976520421494,0.3192481279323519,0.0865818037575277,0.0,0.0545213728963117,0.148976520421494,0.21027009483971,0.1734727270499989,0.1324090484624709,0.3192481279323519,0.3192481279323519,0.1210836969317,0.1734727270499989,0.113285175146291,0.0613432731147329,0.148976520421494,0.148976520421494,0.0865818037575277,0.0466468368249435,0.0498579928542293,0.266881513729481,0.148976520421494,0.21027009483971,0.21027009483971,0.639392737369731,0.21027009483971,0.0,0.21027009483971,0.0,0.453010235567401,0.0545213728963117,0.0714299464323527,0.0613432731147329,0.0,0.1734727270499989,0.1324090484624709,0.0714299464323527,0.0,0.1734727270499989,0.0714299464323527,0.1734727270499989,0.1734727270499989,0.0865818037575277,0.21027009483971,0.148976520421494
Polycystic Ovary Syndrome,0.0476199206365212,0.115648378688694,0.115648378688694,0.093408272931481,0.148976520421494,0.115648378688694,0.0322586368373393,0.0476199206365212,0.093408272931481,0.148976520421494,0.0613432731147329,0.0384622300306098,0.148976520421494,0.115768709113422,0.093408272931481,0.0322586368373393,0.148976520421494,0.0476199206365212,0.0613432731147329,0.115768709113422,0.093408272931481,0.093408272931481,0.115648378688694,0.078342403747824,0.093408272931481,0.0280132767810044,0.0476199206365212,0.0746915486002605,0.200063521369343,0.093408272931481,0.078342403747824,0.148976520421494,0.0680322436110106,0.115648378688694,0.093408272931481,0.0613432731147329,0.0823790970344355,0.115648378688694,0.0680322436110106,0.093408272931481,0.093408272931481,0.0680322436110106,0.115648378688694,0.148976520421494,0.115648378688694,0.0823790970344355,0.115648378688694,0.0476199206365212,0.0613432731147329,0.148976520421494,0.078342403747824,0.284037401363075,0.0384622300306098,0.115648378688694,0.078342403747824,0.148976520421494,0.115648378688694,0.0680322436110106,0.093408272931481,0.115648378688694,0.115648378688694,0.115648378688694,0.115648378688694,0.115648378688694,0.0680322436110106,0.453010235567401,1.0,0.0613432731147329,0.0280132767810044,0.0384622300306098,0.078342403747824,0.148976520421494,0.148976520421494,0.115648378688694,0.148976520421494,0.078342403747824,0.0613432731147329,0.115648378688694,0.200063521369343,0.023062117726601,0.0613432731147329,0.200063521369343,0.093408272931481,0.0823790970344355,0.078342403747824,0.093408272931481,0.115648378688694,0.093408272931481,0.115648378688694,0.0322586368373393,0.148976520421494,0.115648378688694,0.115648378688694,0.0322586368373393,0.0613432731147329,0.148976520421494,0.0384622300306098,0.115648378688694,0.115648378688694,0.148976520421494,0.115648378688694,0.200063521369343,0.115648378688694,0.275363104390711,0.093408272931481,0.115768709113422,0.284037401363075,0.115648378688694,0.0680322436110106,0.0476199206365212,0.078342403747824,0.093408272931481,0.2811525792754519,0.093408272931481,0.0613432731147329,0.078342403747824,0.0613432731147329,0.093408272931481,0.212831890191799,0.148976520421494,0.115648378688694,0.115648378688694,0.0476199206365212,0.115648378688694,0.0476199206365212,0.093408272931481,0.148976520421494,0.0322586368373393,0.148976520421494,0.0322586368373393,0.115768709113422,0.0,0.0,0.093408272931481,0.115768709113422,0.115648378688694,0.0613432731147329,0.200063521369343,0.093408272931481,0.093408272931481,0.148976520421494,0.115648378688694,0.0823790970344355,0.115648378688694,0.0,0.0613432731147329,0.115648378688694,0.284037401363075,0.0,0.453010235567401,0.171902619932726,0.0476199206365212,0.0823790970344355,0.148976520421494,0.351665478053376,0.148976520421494,0.0823790970344355,0.093408272931481,0.0613432731147329,0.093408272931481,0.093408272931481,0.093408272931481,0.200063521369343,0.115768709113422,0.093408272931481,0.0476199206365212,0.0613432731147329,0.093408272931481,0.115648378688694,0.093408272931481,0.0613432731147329,0.078342403747824,0.115648378688694,0.093408272931481,0.212831890191799,0.0613432731147329,0.0,0.0322586368373393,0.093408272931481,0.148976520421494,0.115648378688694,0.078342403747824,0.212831890191799,0.212831890191799,0.0680322436110106,0.115648378688694,0.0609274353162256,0.0384622300306098,0.093408272931481,0.093408272931481,0.0613432731147329,0.0250877674831517,0.0280132767810044,0.200063521369343,0.093408272931481,0.148976520421494,0.148976520421494,0.453010235567401,0.148976520421494,0.0,0.148976520421494,0.0,0.284037401363075,0.0322586368373393,0.0476199206365212,0.0384622300306098,0.0,0.115648378688694,0.078342403747824,0.0476199206365212,0.0,0.115648378688694,0.0476199206365212,0.115648378688694,0.115648378688694,0.0613432731147329,0.148976520421494,0.093408272931481
Trachoma,0.0714299464323527,0.0714299464323527,0.0714299464323527,0.0613432731147329,0.0865818037575277,0.0714299464323527,0.0545213728963117,0.0714299464323527,0.0613432731147329,0.0865818037575277,0.21027009483971,0.0613432731147329,0.0865818037575277,0.147105639620399,0.0613432731147329,0.0545213728963117,0.0865818037575277,0.0714299464323527,0.0865818037575277,0.147105639620399,0.0613432731147329,0.0613432731147329,0.0714299464323527,0.0545213728963117,0.0613432731147329,0.0498579928542293,0.0714299464323527,0.0485747365313862,0.1098923880062569,0.0613432731147329,0.0545213728963117,0.0865818037575277,0.0498579928542293,0.0714299464323527,0.0613432731147329,0.21027009483971,0.266881513729481,0.0714299464323527,0.0498579928542293,0.0613432731147329,0.0613432731147329,0.0498579928542293,0.0714299464323527,0.0865818037575277,0.0714299464323527,0.266881513729481,0.0714299464323527,0.0714299464323527,0.386967653528542,0.0865818037575277,0.0545213728963117,0.0613432731147329,0.0613432731147329,0.0714299464323527,0.0545213728963117,0.0865818037575277,0.0714299464323527,0.0498579928542293,0.0613432731147329,0.0714299464323527,0.0714299464323527,0.0714299464323527,0.0714299464323527,0.0714299464323527,0.0498579928542293,0.0865818037575277,0.0613432731147329,1.0,0.0498579928542293,0.0613432731147329,0.0545213728963117,0.0865818037575277,0.0865818037575277,0.0714299464323527,0.0865818037575277,0.0545213728963117,0.0865818037575277,0.0714299464323527,0.1098923880062569,0.0444245555713213,0.21027009483971,0.1098923880062569,0.0613432731147329,0.1098923880062569,0.0545213728963117,0.0613432731147329,0.0714299464323527,0.0613432731147329,0.0714299464323527,0.0545213728963117,0.0865818037575277,0.0714299464323527,0.0714299464323527,0.0545213728963117,0.21027009483971,0.0865818037575277,0.0613432731147329,0.0714299464323527,0.0714299464323527,0.0865818037575277,0.0714299464323527,0.1098923880062569,0.0714299464323527,0.32866873393231,0.0613432731147329,0.147105639620399,0.0613432731147329,0.0714299464323527,0.0498579928542293,0.0714299464323527,0.0545213728963117,0.0613432731147329,0.147105639620399,0.0613432731147329,0.386967653528542,0.0545213728963117,0.0865818037575277,0.0613432731147329,0.0714299464323527,0.0865818037575277,0.0714299464323527,0.0714299464323527,0.1734727270499989,0.0714299464323527,0.0714299464323527,0.0613432731147329,0.0865818037575277,0.0545213728963117,0.0865818037575277,0.0545213728963117,0.147105639620399,0.0,0.0,0.0613432731147329,0.147105639620399,0.0714299464323527,0.0865818037575277,0.1098923880062569,0.0613432731147329,0.0613432731147329,0.0865818037575277,0.0714299464323527,0.266881513729481,0.0714299464323527,0.0,0.0865818037575277,0.0714299464323527,0.0613432731147329,0.0,0.0865818037575277,0.0613432731147329,0.1734727270499989,0.266881513729481,0.0865818037575277,0.0714299464323527,0.0865818037575277,0.1098923880062569,0.0613432731147329,0.0865818037575277,0.0613432731147329,0.0613432731147329,0.0613432731147329,0.1098923880062569,0.147105639620399,0.0613432731147329,0.0714299464323527,0.639392737369731,0.0613432731147329,0.0714299464323527,0.0613432731147329,0.0865818037575277,0.0545213728963117,0.0714299464323527,0.0613432731147329,0.0714299464323527,0.0865818037575277,0.0,0.0545213728963117,0.0613432731147329,0.0865818037575277,0.0714299464323527,0.0545213728963117,0.0714299464323527,0.0714299464323527,0.0498579928542293,0.0714299464323527,0.0466468368249435,0.0613432731147329,0.0613432731147329,0.0613432731147329,0.0865818037575277,0.0466468368249435,0.0498579928542293,0.1098923880062569,0.0613432731147329,0.0865818037575277,0.0865818037575277,0.0865818037575277,0.0865818037575277,0.0,0.0865818037575277,0.0,0.0613432731147329,0.0545213728963117,0.0714299464323527,0.0613432731147329,0.0,0.0714299464323527,0.0545213728963117,0.0714299464323527,0.0,0.0714299464323527,0.0714299464323527,0.0714299464323527,0.0714299464323527,0.0865818037575277,0.0865818037575277,0.0613432731147329
Colon adenomas,0.0367619429090039,0.0367619429090039,0.0367619429090039,0.0280132767810044,0.0498579928542293,0.0367619429090039,0.0220824020542819,0.0367619429090039,0.0280132767810044,0.0498579928542293,0.0498579928542293,0.206873557102869,0.0498579928542293,0.1016266783579799,0.0280132767810044,0.8422711592810009,0.0498579928542293,0.0367619429090039,0.0498579928542293,0.1016266783579799,0.0280132767810044,0.0280132767810044,0.0367619429090039,0.0220824020542819,0.0280132767810044,0.0180216412275933,0.424592019495871,0.0225009759178575,0.0698989009481177,0.0280132767810044,0.0220824020542819,0.0498579928542293,0.0180216412275933,0.0367619429090039,0.0280132767810044,0.0498579928542293,0.0698989009481177,0.0367619429090039,0.0180216412275933,0.0280132767810044,0.0280132767810044,0.0180216412275933,0.0367619429090039,0.0498579928542293,0.0367619429090039,0.0698989009481177,0.0367619429090039,0.271481053610807,0.0498579928542293,0.0498579928542293,0.0220824020542819,0.0280132767810044,0.206873557102869,0.0367619429090039,0.0220824020542819,0.0498579928542293,0.0367619429090039,0.0180216412275933,0.0280132767810044,0.0367619429090039,0.0367619429090039,0.0367619429090039,0.0367619429090039,0.0367619429090039,0.0180216412275933,0.0498579928542293,0.0280132767810044,0.0498579928542293,1.0,0.0280132767810044,0.0220824020542819,0.0498579928542293,0.0498579928542293,0.0367619429090039,0.0498579928542293,0.0220824020542819,0.368193282506597,0.0367619429090039,0.0698989009481177,0.50666876746447,0.0498579928542293,0.0698989009481177,0.0280132767810044,0.0698989009481177,0.0220824020542819,0.0280132767810044,0.0367619429090039,0.0280132767810044,0.0367619429090039,0.053628690703256,0.0498579928542293,0.0367619429090039,0.0367619429090039,0.163074998260921,0.0498579928542293,0.0498579928542293,0.0680322436110106,0.0367619429090039,0.0367619429090039,0.0498579928542293,0.0367619429090039,0.0698989009481177,0.0367619429090039,0.251891645753317,0.0280132767810044,0.1016266783579799,0.0280132767810044,0.0367619429090039,0.0180216412275933,0.424592019495871,0.0220824020542819,0.0280132767810044,0.1016266783579799,0.0280132767810044,0.0498579928542293,0.0220824020542819,0.0498579928542293,0.0280132767810044,0.0367619429090039,0.0498579928542293,0.0367619429090039,0.0367619429090039,0.0367619429090039,0.0367619429090039,0.0367619429090039,0.0280132767810044,0.0498579928542293,0.0220824020542819,0.0498579928542293,0.0220824020542819,0.1016266783579799,0.0,0.0,0.0280132767810044,0.1016266783579799,0.0367619429090039,0.0498579928542293,0.0698989009481177,0.0280132767810044,0.0280132767810044,0.0498579928542293,0.0367619429090039,0.0698989009481177,0.0367619429090039,0.0,0.0498579928542293,0.0367619429090039,0.0280132767810044,0.0,0.0498579928542293,0.0280132767810044,0.0367619429090039,0.0698989009481177,0.0498579928542293,0.0367619429090039,0.0498579928542293,0.0698989009481177,0.0280132767810044,0.0498579928542293,0.0280132767810044,0.0280132767810044,0.0280132767810044,0.0698989009481177,0.1016266783579799,0.0280132767810044,0.0367619429090039,0.0498579928542293,0.0280132767810044,0.0367619429090039,0.0280132767810044,0.0498579928542293,0.0220824020542819,0.0367619429090039,0.0280132767810044,0.0367619429090039,0.0498579928542293,0.0,0.2550466852841689,0.0280132767810044,0.0498579928542293,0.0367619429090039,0.0220824020542819,0.0367619429090039,0.0367619429090039,0.0180216412275933,0.0367619429090039,0.0152223787564515,0.206873557102869,0.0280132767810044,0.0280132767810044,0.0498579928542293,0.175814987628137,0.133086930698233,0.0698989009481177,0.0280132767810044,0.0498579928542293,0.0498579928542293,0.0498579928542293,0.0498579928542293,0.0,0.0498579928542293,0.0,0.0280132767810044,0.0220824020542819,0.424592019495871,0.0680322436110106,0.0,0.0367619429090039,0.0220824020542819,0.271481053610807,0.0,0.0367619429090039,0.271481053610807,0.0367619429090039,0.0367619429090039,0.0498579928542293,0.0498579928542293,0.0280132767810044
Gestational diabetes,0.0476199206365212,0.0476199206365212,0.0476199206365212,0.0384622300306098,0.0613432731147329,0.0476199206365212,0.5645155881887141,0.115648378688694,0.0384622300306098,0.0613432731147329,0.0613432731147329,0.0384622300306098,0.0613432731147329,0.115768709113422,0.0384622300306098,0.0322586368373393,0.0613432731147329,0.0476199206365212,0.0613432731147329,0.115768709113422,0.0384622300306098,0.0384622300306098,0.0476199206365212,0.0322586368373393,0.0384622300306098,0.490223176474009,0.0476199206365212,0.0307553435412837,0.0823790970344355,0.0384622300306098,0.0322586368373393,0.0613432731147329,0.0280132767810044,0.0476199206365212,0.0384622300306098,0.0613432731147329,0.0823790970344355,0.0476199206365212,0.0280132767810044,0.0384622300306098,0.0384622300306098,0.0280132767810044,0.0476199206365212,0.0613432731147329,0.0476199206365212,0.0823790970344355,0.0476199206365212,0.0476199206365212,0.0613432731147329,0.0613432731147329,0.0322586368373393,0.0384622300306098,0.0384622300306098,0.0476199206365212,0.0322586368373393,0.0613432731147329,0.0476199206365212,0.0280132767810044,0.0384622300306098,0.0476199206365212,0.0476199206365212,0.0476199206365212,0.0476199206365212,0.0476199206365212,0.0280132767810044,0.0613432731147329,0.0384622300306098,0.0613432731147329,0.0280132767810044,1.0,0.0322586368373393,0.0613432731147329,0.0613432731147329,0.0476199206365212,0.0613432731147329,0.0322586368373393,0.0613432731147329,0.0476199206365212,0.0823790970344355,0.023062117726601,0.0613432731147329,0.0823790970344355,0.0384622300306098,0.0823790970344355,0.0322586368373393,0.0384622300306098,0.0476199206365212,0.0384622300306098,0.0476199206365212,0.0322586368373393,0.0613432731147329,0.0476199206365212,0.0476199206365212,0.0322586368373393,0.0613432731147329,0.0613432731147329,0.0384622300306098,0.0476199206365212,0.0476199206365212,0.0613432731147329,0.0476199206365212,0.0823790970344355,0.0476199206365212,0.275363104390711,0.0384622300306098,0.115768709113422,0.0384622300306098,0.0476199206365212,0.0280132767810044,0.0476199206365212,0.0322586368373393,0.0384622300306098,0.115768709113422,0.0384622300306098,0.0613432731147329,0.0322586368373393,0.0613432731147329,0.0384622300306098,0.0476199206365212,0.0613432731147329,0.0476199206365212,0.0476199206365212,0.0476199206365212,0.0476199206365212,0.0476199206365212,0.0384622300306098,0.0613432731147329,0.144176356477088,0.0613432731147329,0.144176356477088,0.115768709113422,0.0,0.0,0.0384622300306098,0.115768709113422,0.0476199206365212,0.0613432731147329,0.0823790970344355,0.0384622300306098,0.0384622300306098,0.0613432731147329,0.0476199206365212,0.0823790970344355,0.0476199206365212,0.0,0.0613432731147329,0.0476199206365212,0.0384622300306098,0.0,0.0613432731147329,0.0384622300306098,0.0476199206365212,0.0823790970344355,0.0613432731147329,0.0476199206365212,0.0613432731147329,0.0823790970344355,0.0384622300306098,0.274166873716867,0.0384622300306098,0.0384622300306098,0.0384622300306098,0.0823790970344355,0.115768709113422,0.0384622300306098,0.549999174998487,0.0613432731147329,0.0384622300306098,0.0476199206365212,0.0384622300306098,0.0613432731147329,0.0322586368373393,0.0476199206365212,0.0384622300306098,0.0476199206365212,0.274166873716867,0.0,0.0322586368373393,0.0384622300306098,0.0613432731147329,0.0476199206365212,0.0322586368373393,0.0476199206365212,0.0476199206365212,0.0280132767810044,0.0476199206365212,0.0250877674831517,0.0384622300306098,0.0384622300306098,0.0384622300306098,0.0613432731147329,0.0250877674831517,0.0280132767810044,0.0823790970344355,0.0384622300306098,0.0613432731147329,0.0613432731147329,0.0613432731147329,0.0613432731147329,0.0,0.0613432731147329,0.0,0.0384622300306098,0.5645155881887141,0.0476199206365212,0.0384622300306098,0.0,0.0476199206365212,0.0322586368373393,0.0476199206365212,0.0,0.0476199206365212,0.0476199206365212,0.0476199206365212,0.0476199206365212,0.274166873716867,0.0613432731147329,0.0384622300306098
Primary Open-Angle Glaucoma,0.041172338956928,0.184015147583005,0.0999899660382537,0.078342403747824,0.1324090484624709,0.0999899660382537,0.0262176875118606,0.041172338956928,0.078342403747824,0.1324090484624709,0.0545213728963117,0.0322586368373393,0.1324090484624709,0.107359912685637,0.078342403747824,0.0262176875118606,0.1324090484624709,0.041172338956928,0.0545213728963117,0.107359912685637,0.144176356477088,0.144176356477088,0.0999899660382537,0.0636715268145186,0.078342403747824,0.0220824020542819,0.041172338956928,0.298719074115721,0.182053533683929,0.078342403747824,0.0636715268145186,0.1324090484624709,0.053628690703256,0.0999899660382537,0.078342403747824,0.0545213728963117,0.0749632197522059,0.0999899660382537,0.053628690703256,0.078342403747824,0.078342403747824,0.053628690703256,0.0999899660382537,0.1324090484624709,0.0999899660382537,0.0749632197522059,0.0999899660382537,0.041172338956928,0.0545213728963117,0.1324090484624709,0.0636715268145186,0.078342403747824,0.0322586368373393,0.0999899660382537,0.0636715268145186,0.1324090484624709,0.0999899660382537,0.053628690703256,0.3725798659459621,0.0999899660382537,0.0999899660382537,0.0999899660382537,0.0999899660382537,0.0999899660382537,0.053628690703256,0.1324090484624709,0.078342403747824,0.0545213728963117,0.0220824020542819,0.0322586368373393,1.0,0.1324090484624709,0.1324090484624709,0.0999899660382537,0.1324090484624709,0.0636715268145186,0.0545213728963117,0.0999899660382537,0.182053533683929,0.0172583557076123,0.0545213728963117,0.182053533683929,0.078342403747824,0.0749632197522059,0.302808285044318,0.078342403747824,0.0999899660382537,0.078342403747824,0.0999899660382537,0.0262176875118606,0.1324090484624709,0.0999899660382537,0.0999899660382537,0.0262176875118606,0.0545213728963117,0.1324090484624709,0.0322586368373393,0.0999899660382537,0.0999899660382537,0.1324090484624709,0.0999899660382537,0.182053533683929,0.0999899660382537,0.261364164595575,0.078342403747824,0.107359912685637,0.078342403747824,0.0999899660382537,0.053628690703256,0.041172338956928,0.0636715268145186,0.078342403747824,0.260731216522262,0.078342403747824,0.0545213728963117,0.0636715268145186,0.0545213728963117,0.078342403747824,0.0999899660382537,0.1324090484624709,0.0999899660382537,0.0999899660382537,0.041172338956928,0.0999899660382537,0.041172338956928,0.078342403747824,0.1324090484624709,0.0262176875118606,0.1324090484624709,0.0262176875118606,0.107359912685637,0.0,0.0,0.078342403747824,0.107359912685637,0.184015147583005,0.0545213728963117,0.182053533683929,0.078342403747824,0.144176356477088,0.1324090484624709,0.0999899660382537,0.0749632197522059,0.0999899660382537,0.0,0.0545213728963117,0.0999899660382537,0.078342403747824,0.0,0.1324090484624709,0.078342403747824,0.041172338956928,0.0749632197522059,0.1324090484624709,0.0999899660382537,0.1324090484624709,0.0749632197522059,0.078342403747824,0.0545213728963117,0.078342403747824,0.078342403747824,0.238224860376036,0.182053533683929,0.107359912685637,0.078342403747824,0.041172338956928,0.0545213728963117,0.078342403747824,0.0999899660382537,0.078342403747824,0.0545213728963117,0.0636715268145186,0.0999899660382537,0.078342403747824,0.0999899660382537,0.0545213728963117,0.0,0.0262176875118606,0.078342403747824,0.1324090484624709,0.0999899660382537,0.0636715268145186,0.0999899660382537,0.0999899660382537,0.053628690703256,0.0999899660382537,0.0467066854134993,0.0322586368373393,0.144176356477088,0.078342403747824,0.0545213728963117,0.0192321645820291,0.0220824020542819,0.182053533683929,0.078342403747824,0.1324090484624709,0.1324090484624709,0.1324090484624709,0.1324090484624709,0.0,0.1324090484624709,0.0,0.078342403747824,0.0262176875118606,0.041172338956928,0.0322586368373393,0.0,0.0999899660382537,0.0636715268145186,0.041172338956928,0.0,0.0999899660382537,0.041172338956928,0.0999899660382537,0.0999899660382537,0.0545213728963117,0.1324090484624709,0.078342403747824
Barrett's oesophagus,0.0714299464323527,0.1734727270499989,0.3192481279323519,0.274166873716867,0.386967653528542,0.3192481279323519,0.0545213728963117,0.0714299464323527,0.148976520421494,0.386967653528542,0.0865818037575277,0.0613432731147329,0.21027009483971,0.147105639620399,0.148976520421494,0.0545213728963117,0.386967653528542,0.0714299464323527,0.0865818037575277,0.147105639620399,0.148976520421494,0.148976520421494,0.3192481279323519,0.1324090484624709,0.274166873716867,0.0498579928542293,0.0714299464323527,0.117967217290509,0.491151693334087,0.274166873716867,0.1324090484624709,0.386967653528542,0.1210836969317,0.1734727270499989,0.148976520421494,0.0865818037575277,0.1098923880062569,0.1734727270499989,0.222834702756658,0.148976520421494,0.148976520421494,0.1210836969317,0.1734727270499989,0.21027009483971,0.1734727270499989,0.1098923880062569,0.3192481279323519,0.0714299464323527,0.0865818037575277,0.21027009483971,0.1324090484624709,0.148976520421494,0.0613432731147329,0.1734727270499989,0.1324090484624709,0.386967653528542,0.1734727270499989,0.1210836969317,0.148976520421494,0.1734727270499989,0.1734727270499989,0.1734727270499989,0.1734727270499989,0.1734727270499989,0.1210836969317,0.21027009483971,0.148976520421494,0.0865818037575277,0.0498579928542293,0.0613432731147329,0.1324090484624709,1.0,0.639392737369731,0.1734727270499989,0.386967653528542,0.1324090484624709,0.0865818037575277,0.1734727270499989,0.491151693334087,0.0444245555713213,0.0865818037575277,0.491151693334087,0.148976520421494,0.1098923880062569,0.1324090484624709,0.148976520421494,0.1734727270499989,0.148976520421494,0.3192481279323519,0.0545213728963117,0.386967653528542,0.527498700621427,0.3192481279323519,0.0545213728963117,0.0865818037575277,0.21027009483971,0.0613432731147329,0.1734727270499989,0.1734727270499989,0.21027009483971,0.3192481279323519,0.491151693334087,0.3192481279323519,0.32866873393231,0.148976520421494,0.147105639620399,0.148976520421494,0.3192481279323519,0.222834702756658,0.0714299464323527,0.1324090484624709,0.148976520421494,0.357256553363825,0.274166873716867,0.0865818037575277,0.1324090484624709,0.0865818037575277,0.274166873716867,0.1734727270499989,0.21027009483971,0.527498700621427,0.1734727270499989,0.0714299464323527,0.3192481279323519,0.0714299464323527,0.148976520421494,0.21027009483971,0.0545213728963117,0.21027009483971,0.0545213728963117,0.147105639620399,0.0,0.0,0.274166873716867,0.147105639620399,0.1734727270499989,0.0865818037575277,0.491151693334087,0.274166873716867,0.148976520421494,0.21027009483971,0.3192481279323519,0.1098923880062569,0.3192481279323519,0.0,0.0865818037575277,0.3192481279323519,0.148976520421494,0.0,0.21027009483971,0.148976520421494,0.0714299464323527,0.1098923880062569,0.21027009483971,0.1734727270499989,0.21027009483971,0.1098923880062569,0.148976520421494,0.0865818037575277,0.148976520421494,0.148976520421494,0.148976520421494,0.491151693334087,0.147105639620399,0.148976520421494,0.0714299464323527,0.0865818037575277,0.148976520421494,0.1734727270499989,0.274166873716867,0.0865818037575277,0.1324090484624709,0.3192481279323519,0.148976520421494,0.1734727270499989,0.0865818037575277,0.0,0.0545213728963117,0.148976520421494,0.21027009483971,0.1734727270499989,0.1324090484624709,0.1734727270499989,0.1734727270499989,0.1210836969317,0.1734727270499989,0.113285175146291,0.0613432731147329,0.148976520421494,0.148976520421494,0.0865818037575277,0.0466468368249435,0.0498579928542293,0.266881513729481,0.274166873716867,0.386967653528542,0.21027009483971,0.21027009483971,0.21027009483971,0.0,0.21027009483971,0.0,0.148976520421494,0.0545213728963117,0.0714299464323527,0.0613432731147329,0.0,0.1734727270499989,0.1324090484624709,0.0714299464323527,0.0,0.1734727270499989,0.0714299464323527,0.1734727270499989,0.1734727270499989,0.0865818037575277,0.21027009483971,0.274166873716867
Megaesophagus,0.0714299464323527,0.1734727270499989,0.3192481279323519,0.274166873716867,0.386967653528542,0.3192481279323519,0.0545213728963117,0.0714299464323527,0.148976520421494,0.386967653528542,0.0865818037575277,0.0613432731147329,0.21027009483971,0.147105639620399,0.148976520421494,0.0545213728963117,0.386967653528542,0.0714299464323527,0.0865818037575277,0.147105639620399,0.148976520421494,0.148976520421494,0.3192481279323519,0.1324090484624709,0.274166873716867,0.0498579928542293,0.0714299464323527,0.117967217290509,0.491151693334087,0.274166873716867,0.1324090484624709,0.386967653528542,0.1210836969317,0.1734727270499989,0.148976520421494,0.0865818037575277,0.1098923880062569,0.1734727270499989,0.222834702756658,0.148976520421494,0.148976520421494,0.1210836969317,0.1734727270499989,0.21027009483971,0.1734727270499989,0.1098923880062569,0.3192481279323519,0.0714299464323527,0.0865818037575277,0.21027009483971,0.1324090484624709,0.148976520421494,0.0613432731147329,0.1734727270499989,0.1324090484624709,0.386967653528542,0.1734727270499989,0.1210836969317,0.148976520421494,0.1734727270499989,0.1734727270499989,0.1734727270499989,0.1734727270499989,0.1734727270499989,0.1210836969317,0.21027009483971,0.148976520421494,0.0865818037575277,0.0498579928542293,0.0613432731147329,0.1324090484624709,0.639392737369731,1.0,0.1734727270499989,0.386967653528542,0.1324090484624709,0.0865818037575277,0.1734727270499989,0.491151693334087,0.0444245555713213,0.0865818037575277,0.491151693334087,0.148976520421494,0.1098923880062569,0.1324090484624709,0.148976520421494,0.1734727270499989,0.148976520421494,0.3192481279323519,0.0545213728963117,0.386967653528542,0.527498700621427,0.3192481279323519,0.0545213728963117,0.0865818037575277,0.21027009483971,0.0613432731147329,0.1734727270499989,0.1734727270499989,0.21027009483971,0.3192481279323519,0.491151693334087,0.3192481279323519,0.32866873393231,0.148976520421494,0.147105639620399,0.148976520421494,0.3192481279323519,0.222834702756658,0.0714299464323527,0.1324090484624709,0.148976520421494,0.357256553363825,0.274166873716867,0.0865818037575277,0.1324090484624709,0.0865818037575277,0.274166873716867,0.1734727270499989,0.21027009483971,0.527498700621427,0.1734727270499989,0.0714299464323527,0.3192481279323519,0.0714299464323527,0.148976520421494,0.21027009483971,0.0545213728963117,0.21027009483971,0.0545213728963117,0.147105639620399,0.0,0.0,0.274166873716867,0.147105639620399,0.1734727270499989,0.0865818037575277,0.491151693334087,0.274166873716867,0.148976520421494,0.21027009483971,0.3192481279323519,0.1098923880062569,0.3192481279323519,0.0,0.0865818037575277,0.3192481279323519,0.148976520421494,0.0,0.21027009483971,0.148976520421494,0.0714299464323527,0.1098923880062569,0.21027009483971,0.1734727270499989,0.21027009483971,0.1098923880062569,0.148976520421494,0.0865818037575277,0.148976520421494,0.148976520421494,0.148976520421494,0.491151693334087,0.147105639620399,0.148976520421494,0.0714299464323527,0.0865818037575277,0.148976520421494,0.1734727270499989,0.274166873716867,0.0865818037575277,0.1324090484624709,0.3192481279323519,0.148976520421494,0.1734727270499989,0.0865818037575277,0.0,0.0545213728963117,0.148976520421494,0.21027009483971,0.1734727270499989,0.1324090484624709,0.1734727270499989,0.1734727270499989,0.1210836969317,0.1734727270499989,0.113285175146291,0.0613432731147329,0.148976520421494,0.148976520421494,0.0865818037575277,0.0466468368249435,0.0498579928542293,0.266881513729481,0.274166873716867,0.386967653528542,0.21027009483971,0.21027009483971,0.21027009483971,0.0,0.21027009483971,0.0,0.148976520421494,0.0545213728963117,0.0714299464323527,0.0613432731147329,0.0,0.1734727270499989,0.1324090484624709,0.0714299464323527,0.0,0.1734727270499989,0.0714299464323527,0.1734727270499989,0.1734727270499989,0.0865818037575277,0.21027009483971,0.274166873716867
Pneumonia,0.0571439257166366,0.138778105311832,0.138778105311832,0.115648378688694,0.1734727270499989,0.138778105311832,0.041172338956928,0.0571439257166366,0.115648378688694,0.1734727270499989,0.0714299464323527,0.0476199206365212,0.1734727270499989,0.128249502550101,0.549999174998487,0.041172338956928,0.1734727270499989,0.0571439257166366,0.0714299464323527,0.128249502550101,0.115648378688694,0.115648378688694,0.138778105311832,0.0999899660382537,0.115648378688694,0.0367619429090039,0.0571439257166366,0.0921133696066727,0.226732089065557,0.115648378688694,0.0999899660382537,0.1734727270499989,0.0892790042075809,0.138778105311832,0.115648378688694,0.0714299464323527,0.0933602719681705,0.138778105311832,0.0892790042075809,0.115648378688694,0.115648378688694,0.0892790042075809,0.138778105311832,0.1734727270499989,0.138778105311832,0.0933602719681705,0.138778105311832,0.0571439257166366,0.0714299464323527,0.3192481279323519,0.0999899660382537,0.115648378688694,0.0476199206365212,0.421998728397202,0.0999899660382537,0.1734727270499989,0.138778105311832,0.164303377491262,0.115648378688694,0.138778105311832,0.138778105311832,0.138778105311832,0.138778105311832,0.138778105311832,0.0892790042075809,0.1734727270499989,0.115648378688694,0.0714299464323527,0.0367619429090039,0.0476199206365212,0.0999899660382537,0.1734727270499989,0.1734727270499989,1.0,0.1734727270499989,0.47553108355459,0.0714299464323527,0.138778105311832,0.226732089065557,0.0316202950567523,0.0714299464323527,0.226732089065557,0.8333330277772181,0.0933602719681705,0.0999899660382537,0.115648378688694,0.138778105311832,0.115648378688694,0.138778105311832,0.041172338956928,0.1734727270499989,0.138778105311832,0.138778105311832,0.041172338956928,0.0714299464323527,0.1734727270499989,0.0476199206365212,0.138778105311832,0.138778105311832,0.1734727270499989,0.138778105311832,0.226732089065557,0.138778105311832,0.296376456737466,0.351665478053376,0.128249502550101,0.115648378688694,0.138778105311832,0.0892790042075809,0.0571439257166366,0.0999899660382537,0.549999174998487,0.311463077621673,0.115648378688694,0.0714299464323527,0.47553108355459,0.0714299464323527,0.115648378688694,0.138778105311832,0.1734727270499989,0.138778105311832,0.138778105311832,0.0571439257166366,0.138778105311832,0.0571439257166366,0.115648378688694,0.3192481279323519,0.041172338956928,0.1734727270499989,0.041172338956928,0.128249502550101,0.0,0.0,0.115648378688694,0.128249502550101,0.138778105311832,0.0714299464323527,0.226732089065557,0.115648378688694,0.115648378688694,0.1734727270499989,0.138778105311832,0.0933602719681705,0.138778105311832,0.0,0.0714299464323527,0.138778105311832,0.115648378688694,0.0,0.1734727270499989,0.115648378688694,0.0571439257166366,0.0933602719681705,0.1734727270499989,0.138778105311832,0.1734727270499989,0.0933602719681705,0.115648378688694,0.0714299464323527,0.115648378688694,0.115648378688694,0.115648378688694,0.226732089065557,0.128249502550101,0.115648378688694,0.0571439257166366,0.0714299464323527,0.115648378688694,0.138778105311832,0.115648378688694,0.0714299464323527,0.0999899660382537,0.138778105311832,0.115648378688694,0.138778105311832,0.0714299464323527,0.0,0.041172338956928,0.549999174998487,0.1734727270499989,0.421998728397202,0.0999899660382537,0.138778105311832,0.138778105311832,0.271481053610807,0.138778105311832,0.249043530364504,0.0476199206365212,0.115648378688694,0.115648378688694,0.0714299464323527,0.0337236205744276,0.0367619429090039,0.6894506381789389,0.115648378688694,0.1734727270499989,0.1734727270499989,0.1734727270499989,0.1734727270499989,0.0,0.1734727270499989,0.0,0.115648378688694,0.041172338956928,0.0571439257166366,0.0476199206365212,0.0,0.138778105311832,0.0999899660382537,0.0571439257166366,0.0,0.138778105311832,0.0571439257166366,0.421998728397202,0.138778105311832,0.0714299464323527,0.1734727270499989,0.115648378688694
Cutaneous burn,0.0714299464323527,0.1734727270499989,0.3192481279323519,0.274166873716867,0.386967653528542,0.3192481279323519,0.0545213728963117,0.0714299464323527,0.148976520421494,0.386967653528542,0.0865818037575277,0.0613432731147329,0.21027009483971,0.147105639620399,0.148976520421494,0.0545213728963117,0.386967653528542,0.0714299464323527,0.0865818037575277,0.147105639620399,0.148976520421494,0.148976520421494,0.3192481279323519,0.1324090484624709,0.453010235567401,0.0498579928542293,0.0714299464323527,0.117967217290509,0.491151693334087,0.453010235567401,0.1324090484624709,0.386967653528542,0.1210836969317,0.1734727270499989,0.148976520421494,0.0865818037575277,0.1098923880062569,0.1734727270499989,0.222834702756658,0.148976520421494,0.148976520421494,0.1210836969317,0.1734727270499989,0.21027009483971,0.1734727270499989,0.1098923880062569,0.527498700621427,0.0714299464323527,0.0865818037575277,0.21027009483971,0.1324090484624709,0.148976520421494,0.0613432731147329,0.1734727270499989,0.1324090484624709,0.639392737369731,0.1734727270499989,0.1210836969317,0.148976520421494,0.1734727270499989,0.1734727270499989,0.1734727270499989,0.1734727270499989,0.1734727270499989,0.1210836969317,0.21027009483971,0.148976520421494,0.0865818037575277,0.0498579928542293,0.0613432731147329,0.1324090484624709,0.386967653528542,0.386967653528542,0.1734727270499989,1.0,0.1324090484624709,0.0865818037575277,0.1734727270499989,0.81153766419781,0.0444245555713213,0.0865818037575277,0.491151693334087,0.148976520421494,0.1098923880062569,0.1324090484624709,0.148976520421494,0.1734727270499989,0.148976520421494,0.527498700621427,0.0545213728963117,0.386967653528542,0.3192481279323519,0.3192481279323519,0.0545213728963117,0.0865818037575277,0.21027009483971,0.0613432731147329,0.1734727270499989,0.1734727270499989,0.21027009483971,0.3192481279323519,0.491151693334087,0.3192481279323519,0.32866873393231,0.148976520421494,0.147105639620399,0.148976520421494,0.527498700621427,0.222834702756658,0.0714299464323527,0.1324090484624709,0.148976520421494,0.357256553363825,0.274166873716867,0.0865818037575277,0.1324090484624709,0.0865818037575277,0.453010235567401,0.1734727270499989,0.21027009483971,0.3192481279323519,0.1734727270499989,0.0714299464323527,0.527498700621427,0.0714299464323527,0.148976520421494,0.21027009483971,0.0545213728963117,0.21027009483971,0.0545213728963117,0.147105639620399,0.0,0.0,0.274166873716867,0.147105639620399,0.1734727270499989,0.0865818037575277,0.491151693334087,0.274166873716867,0.148976520421494,0.21027009483971,0.3192481279323519,0.1098923880062569,0.3192481279323519,0.0,0.0865818037575277,0.3192481279323519,0.148976520421494,0.0,0.21027009483971,0.148976520421494,0.0714299464323527,0.1098923880062569,0.21027009483971,0.1734727270499989,0.21027009483971,0.1098923880062569,0.148976520421494,0.0865818037575277,0.148976520421494,0.148976520421494,0.148976520421494,0.491151693334087,0.147105639620399,0.148976520421494,0.0714299464323527,0.0865818037575277,0.148976520421494,0.1734727270499989,0.274166873716867,0.0865818037575277,0.1324090484624709,0.3192481279323519,0.148976520421494,0.1734727270499989,0.0865818037575277,0.0,0.0545213728963117,0.148976520421494,0.21027009483971,0.1734727270499989,0.1324090484624709,0.1734727270499989,0.1734727270499989,0.1210836969317,0.1734727270499989,0.113285175146291,0.0613432731147329,0.148976520421494,0.148976520421494,0.0865818037575277,0.0466468368249435,0.0498579928542293,0.266881513729481,0.274166873716867,0.639392737369731,0.21027009483971,0.21027009483971,0.21027009483971,0.0,0.21027009483971,0.0,0.148976520421494,0.0545213728963117,0.0714299464323527,0.0613432731147329,0.0,0.1734727270499989,0.1324090484624709,0.0714299464323527,0.0,0.1734727270499989,0.0714299464323527,0.1734727270499989,0.1734727270499989,0.0865818037575277,0.21027009483971,0.274166873716867
Exacerbations of idiopathic pulmonary fibrosis,0.041172338956928,0.0999899660382537,0.0999899660382537,0.078342403747824,0.1324090484624709,0.0999899660382537,0.0262176875118606,0.041172338956928,0.078342403747824,0.1324090484624709,0.0545213728963117,0.0322586368373393,0.1324090484624709,0.107359912685637,0.3725798659459621,0.0262176875118606,0.1324090484624709,0.041172338956928,0.0545213728963117,0.107359912685637,0.078342403747824,0.078342403747824,0.0999899660382537,0.0636715268145186,0.078342403747824,0.0220824020542819,0.041172338956928,0.0628116880447429,0.182053533683929,0.078342403747824,0.0636715268145186,0.1324090484624709,0.053628690703256,0.0999899660382537,0.078342403747824,0.0545213728963117,0.0749632197522059,0.0999899660382537,0.053628690703256,0.078342403747824,0.078342403747824,0.053628690703256,0.0999899660382537,0.1324090484624709,0.0999899660382537,0.0749632197522059,0.0999899660382537,0.041172338956928,0.0545213728963117,0.243677156414128,0.0636715268145186,0.078342403747824,0.0322586368373393,0.304051121218363,0.0636715268145186,0.1324090484624709,0.0999899660382537,0.0986948173446475,0.078342403747824,0.0999899660382537,0.0999899660382537,0.0999899660382537,0.0999899660382537,0.0999899660382537,0.053628690703256,0.1324090484624709,0.078342403747824,0.0545213728963117,0.0220824020542819,0.0322586368373393,0.0636715268145186,0.1324090484624709,0.1324090484624709,0.47553108355459,0.1324090484624709,1.0,0.0545213728963117,0.0999899660382537,0.182053533683929,0.0172583557076123,0.0545213728963117,0.182053533683929,0.3725798659459621,0.0749632197522059,0.0636715268145186,0.078342403747824,0.0999899660382537,0.078342403747824,0.0999899660382537,0.0262176875118606,0.1324090484624709,0.0999899660382537,0.0999899660382537,0.0262176875118606,0.0545213728963117,0.1324090484624709,0.0322586368373393,0.0999899660382537,0.0999899660382537,0.1324090484624709,0.0999899660382537,0.182053533683929,0.0999899660382537,0.261364164595575,0.238224860376036,0.107359912685637,0.078342403747824,0.0999899660382537,0.053628690703256,0.041172338956928,0.0636715268145186,0.3725798659459621,0.260731216522262,0.078342403747824,0.0545213728963117,1.0,0.0545213728963117,0.078342403747824,0.0999899660382537,0.1324090484624709,0.0999899660382537,0.0999899660382537,0.041172338956928,0.0999899660382537,0.041172338956928,0.078342403747824,0.243677156414128,0.0262176875118606,0.1324090484624709,0.0262176875118606,0.107359912685637,0.0,0.0,0.078342403747824,0.107359912685637,0.0999899660382537,0.0545213728963117,0.182053533683929,0.078342403747824,0.078342403747824,0.1324090484624709,0.0999899660382537,0.0749632197522059,0.0999899660382537,0.0,0.0545213728963117,0.0999899660382537,0.078342403747824,0.0,0.1324090484624709,0.078342403747824,0.041172338956928,0.0749632197522059,0.1324090484624709,0.0999899660382537,0.1324090484624709,0.0749632197522059,0.078342403747824,0.0545213728963117,0.078342403747824,0.078342403747824,0.078342403747824,0.182053533683929,0.107359912685637,0.078342403747824,0.041172338956928,0.0545213728963117,0.078342403747824,0.0999899660382537,0.078342403747824,0.0545213728963117,0.0636715268145186,0.0999899660382537,0.078342403747824,0.0999899660382537,0.0545213728963117,0.0,0.0262176875118606,0.3725798659459621,0.1324090484624709,0.304051121218363,0.0636715268145186,0.0999899660382537,0.0999899660382537,0.163074998260921,0.0999899660382537,0.142026451563498,0.0322586368373393,0.078342403747824,0.078342403747824,0.0545213728963117,0.0192321645820291,0.0220824020542819,0.5535913575286819,0.078342403747824,0.1324090484624709,0.1324090484624709,0.1324090484624709,0.1324090484624709,0.0,0.1324090484624709,0.0,0.078342403747824,0.0262176875118606,0.041172338956928,0.0322586368373393,0.0,0.0999899660382537,0.0636715268145186,0.041172338956928,0.0,0.0999899660382537,0.041172338956928,0.304051121218363,0.0999899660382537,0.0545213728963117,0.1324090484624709,0.078342403747824
Head/Neck cancer,0.0714299464323527,0.0714299464323527,0.0714299464323527,0.0613432731147329,0.0865818037575277,0.0714299464323527,0.0545213728963117,0.0714299464323527,0.0613432731147329,0.0865818037575277,0.0865818037575277,0.453010235567401,0.0865818037575277,0.147105639620399,0.0613432731147329,0.402631596345066,0.0865818037575277,0.0714299464323527,0.0865818037575277,0.147105639620399,0.0613432731147329,0.0613432731147329,0.0714299464323527,0.0545213728963117,0.0613432731147329,0.0498579928542293,0.527498700621427,0.0485747365313862,0.1098923880062569,0.0613432731147329,0.0545213728963117,0.0865818037575277,0.0498579928542293,0.0714299464323527,0.0613432731147329,0.0865818037575277,0.1098923880062569,0.0714299464323527,0.0498579928542293,0.0613432731147329,0.0613432731147329,0.0498579928542293,0.0714299464323527,0.0865818037575277,0.0714299464323527,0.1098923880062569,0.0714299464323527,0.527498700621427,0.0865818037575277,0.0865818037575277,0.0545213728963117,0.0613432731147329,0.453010235567401,0.0714299464323527,0.0545213728963117,0.0865818037575277,0.0714299464323527,0.0498579928542293,0.0613432731147329,0.0714299464323527,0.0714299464323527,0.0714299464323527,0.0714299464323527,0.0714299464323527,0.0498579928542293,0.0865818037575277,0.0613432731147329,0.0865818037575277,0.368193282506597,0.0613432731147329,0.0545213728963117,0.0865818037575277,0.0865818037575277,0.0714299464323527,0.0865818037575277,0.0545213728963117,1.0,0.0714299464323527,0.1098923880062569,0.3280682194231979,0.0865818037575277,0.1098923880062569,0.0613432731147329,0.1098923880062569,0.0545213728963117,0.0613432731147329,0.0714299464323527,0.0613432731147329,0.0714299464323527,0.1324090484624709,0.0865818037575277,0.0714299464323527,0.0714299464323527,0.402631596345066,0.0865818037575277,0.0865818037575277,0.148976520421494,0.0714299464323527,0.0714299464323527,0.0865818037575277,0.0714299464323527,0.1098923880062569,0.0714299464323527,0.32866873393231,0.0613432731147329,0.147105639620399,0.0613432731147329,0.0714299464323527,0.0498579928542293,0.527498700621427,0.0545213728963117,0.0613432731147329,0.147105639620399,0.0613432731147329,0.0865818037575277,0.0545213728963117,0.0865818037575277,0.0613432731147329,0.0714299464323527,0.0865818037575277,0.0714299464323527,0.0714299464323527,0.0714299464323527,0.0714299464323527,0.0714299464323527,0.0613432731147329,0.0865818037575277,0.0545213728963117,0.0865818037575277,0.0545213728963117,0.147105639620399,0.0,0.0,0.0613432731147329,0.147105639620399,0.0714299464323527,0.0865818037575277,0.1098923880062569,0.0613432731147329,0.0613432731147329,0.0865818037575277,0.0714299464323527,0.1098923880062569,0.0714299464323527,0.0,0.0865818037575277,0.0714299464323527,0.0613432731147329,0.0,0.0865818037575277,0.0613432731147329,0.0714299464323527,0.1098923880062569,0.0865818037575277,0.0714299464323527,0.0865818037575277,0.1098923880062569,0.0613432731147329,0.0865818037575277,0.0613432731147329,0.0613432731147329,0.0613432731147329,0.1098923880062569,0.147105639620399,0.0613432731147329,0.0714299464323527,0.0865818037575277,0.0613432731147329,0.0714299464323527,0.0613432731147329,0.0865818037575277,0.0545213728963117,0.0714299464323527,0.0613432731147329,0.0714299464323527,0.0865818037575277,0.0,0.402631596345066,0.0613432731147329,0.0865818037575277,0.0714299464323527,0.0545213728963117,0.0714299464323527,0.0714299464323527,0.0498579928542293,0.0714299464323527,0.0466468368249435,0.453010235567401,0.0613432731147329,0.0613432731147329,0.0865818037575277,0.344479410138723,0.368193282506597,0.1098923880062569,0.0613432731147329,0.0865818037575277,0.0865818037575277,0.0865818037575277,0.0865818037575277,0.0,0.0865818037575277,0.0,0.0613432731147329,0.0545213728963117,0.527498700621427,0.148976520421494,0.0,0.0714299464323527,0.0545213728963117,0.527498700621427,0.0,0.0714299464323527,0.527498700621427,0.0714299464323527,0.0714299464323527,0.0865818037575277,0.0865818037575277,0.0613432731147329
Hypertension,0.0571439257166366,0.138778105311832,0.138778105311832,0.115648378688694,0.1734727270499989,0.138778105311832,0.041172338956928,0.0571439257166366,0.115648378688694,0.1734727270499989,0.0714299464323527,0.0476199206365212,0.1734727270499989,0.128249502550101,0.115648378688694,0.041172338956928,0.1734727270499989,0.0571439257166366,0.0714299464323527,0.128249502550101,0.115648378688694,0.115648378688694,0.138778105311832,0.47553108355459,0.115648378688694,0.0367619429090039,0.0571439257166366,0.0921133696066727,0.226732089065557,0.115648378688694,0.0999899660382537,0.1734727270499989,0.0892790042075809,0.138778105311832,0.115648378688694,0.0714299464323527,0.0933602719681705,0.138778105311832,0.0892790042075809,0.8333330277772181,0.115648378688694,0.0892790042075809,0.421998728397202,0.1734727270499989,0.138778105311832,0.0933602719681705,0.138778105311832,0.0571439257166366,0.0714299464323527,0.1734727270499989,0.0999899660382537,0.115648378688694,0.0476199206365212,0.138778105311832,0.0999899660382537,0.1734727270499989,0.138778105311832,0.0892790042075809,0.115648378688694,0.138778105311832,0.255398361876396,0.138778105311832,0.138778105311832,0.659999251998354,0.0892790042075809,0.1734727270499989,0.115648378688694,0.0714299464323527,0.0367619429090039,0.0476199206365212,0.0999899660382537,0.1734727270499989,0.1734727270499989,0.138778105311832,0.1734727270499989,0.0999899660382537,0.0714299464323527,1.0,0.226732089065557,0.0316202950567523,0.0714299464323527,0.226732089065557,0.115648378688694,0.0933602719681705,0.0999899660382537,0.115648378688694,0.138778105311832,0.351665478053376,0.138778105311832,0.041172338956928,0.1734727270499989,0.138778105311832,0.138778105311832,0.041172338956928,0.0714299464323527,0.1734727270499989,0.0476199206365212,0.659999251998354,0.138778105311832,0.1734727270499989,0.138778105311832,0.226732089065557,0.138778105311832,0.296376456737466,0.115648378688694,0.128249502550101,0.115648378688694,0.138778105311832,0.0892790042075809,0.0571439257166366,0.0999899660382537,0.115648378688694,0.573196756295348,0.115648378688694,0.0714299464323527,0.0999899660382537,0.0714299464323527,0.115648378688694,0.138778105311832,0.1734727270499989,0.138778105311832,0.138778105311832,0.0571439257166366,0.138778105311832,0.0571439257166366,0.115648378688694,0.1734727270499989,0.041172338956928,0.1734727270499989,0.041172338956928,0.128249502550101,0.0,0.0,0.115648378688694,0.128249502550101,0.138778105311832,0.0714299464323527,0.226732089065557,0.115648378688694,0.115648378688694,0.1734727270499989,0.138778105311832,0.0933602719681705,0.138778105311832,0.0,0.0714299464323527,0.138778105311832,0.115648378688694,0.0,0.1734727270499989,0.115648378688694,0.0571439257166366,0.0933602719681705,0.1734727270499989,0.138778105311832,0.1734727270499989,0.0933602719681705,0.8333330277772181,0.0714299464323527,0.8333330277772181,0.115648378688694,0.115648378688694,0.226732089065557,0.128249502550101,0.115648378688694,0.0571439257166366,0.0714299464323527,0.115648378688694,0.138778105311832,0.115648378688694,0.0714299464323527,0.0999899660382537,0.138778105311832,0.115648378688694,0.138778105311832,0.0714299464323527,0.0,0.041172338956928,0.115648378688694,0.1734727270499989,0.138778105311832,0.0999899660382537,0.138778105311832,0.138778105311832,0.0892790042075809,0.421998728397202,0.0819002213950383,0.0476199206365212,0.115648378688694,0.115648378688694,0.0714299464323527,0.0337236205744276,0.0367619429090039,0.226732089065557,0.115648378688694,0.1734727270499989,0.1734727270499989,0.1734727270499989,0.1734727270499989,0.0,0.1734727270499989,0.0,0.115648378688694,0.041172338956928,0.0571439257166366,0.0476199206365212,0.0,0.138778105311832,0.0999899660382537,0.0571439257166366,0.0,0.138778105311832,0.0571439257166366,0.138778105311832,0.138778105311832,0.0714299464323527,0.1734727270499989,0.115648378688694
Halitosis,0.0933602719681705,0.226732089065557,0.4172632563475379,0.368184127562069,0.491151693334087,0.4172632563475379,0.0749632197522059,0.0933602719681705,0.200063521369343,0.491151693334087,0.1098923880062569,0.0823790970344355,0.266881513729481,0.1763709506669489,0.200063521369343,0.0749632197522059,0.491151693334087,0.0933602719681705,0.1098923880062569,0.1763709506669489,0.200063521369343,0.200063521369343,0.4172632563475379,0.182053533683929,0.608356422123105,0.0698989009481177,0.0933602719681705,0.157017181769811,0.6052112120015789,0.608356422123105,0.182053533683929,0.491151693334087,0.169754473731143,0.226732089065557,0.200063521369343,0.1098923880062569,0.135412554283458,0.226732089065557,0.312405291992608,0.200063521369343,0.200063521369343,0.169754473731143,0.226732089065557,0.266881513729481,0.226732089065557,0.135412554283458,0.6894506381789389,0.0933602719681705,0.1098923880062569,0.266881513729481,0.182053533683929,0.200063521369343,0.0823790970344355,0.226732089065557,0.182053533683929,0.81153766419781,0.226732089065557,0.169754473731143,0.200063521369343,0.226732089065557,0.226732089065557,0.226732089065557,0.226732089065557,0.226732089065557,0.169754473731143,0.266881513729481,0.200063521369343,0.1098923880062569,0.0698989009481177,0.0823790970344355,0.182053533683929,0.491151693334087,0.491151693334087,0.226732089065557,0.81153766419781,0.182053533683929,0.1098923880062569,0.226732089065557,1.0,0.0640035322631421,0.1098923880062569,0.6052112120015789,0.200063521369343,0.135412554283458,0.182053533683929,0.200063521369343,0.226732089065557,0.200063521369343,0.6894506381789389,0.0749632197522059,0.491151693334087,0.4172632563475379,0.4172632563475379,0.0749632197522059,0.1098923880062569,0.266881513729481,0.0823790970344355,0.226732089065557,0.226732089065557,0.266881513729481,0.4172632563475379,0.6052112120015789,0.4172632563475379,0.380130200962355,0.200063521369343,0.1763709506669489,0.200063521369343,0.6894506381789389,0.312405291992608,0.0933602719681705,0.182053533683929,0.200063521369343,0.4283294516197329,0.368184127562069,0.1098923880062569,0.182053533683929,0.1098923880062569,0.608356422123105,0.226732089065557,0.266881513729481,0.4172632563475379,0.226732089065557,0.0933602719681705,0.6894506381789389,0.0933602719681705,0.200063521369343,0.266881513729481,0.0749632197522059,0.266881513729481,0.0749632197522059,0.1763709506669489,0.0,0.0,0.368184127562069,0.1763709506669489,0.226732089065557,0.1098923880062569,0.6052112120015789,0.368184127562069,0.200063521369343,0.266881513729481,0.4172632563475379,0.135412554283458,0.4172632563475379,0.0,0.1098923880062569,0.4172632563475379,0.200063521369343,0.0,0.266881513729481,0.200063521369343,0.0933602719681705,0.135412554283458,0.266881513729481,0.226732089065557,0.266881513729481,0.135412554283458,0.200063521369343,0.1098923880062569,0.200063521369343,0.200063521369343,0.200063521369343,0.6052112120015789,0.1763709506669489,0.200063521369343,0.0933602719681705,0.1098923880062569,0.200063521369343,0.226732089065557,0.368184127562069,0.1098923880062569,0.182053533683929,0.4172632563475379,0.200063521369343,0.226732089065557,0.1098923880062569,0.0,0.0749632197522059,0.200063521369343,0.266881513729481,0.226732089065557,0.182053533683929,0.226732089065557,0.226732089065557,0.169754473731143,0.226732089065557,0.161291303605171,0.0823790970344355,0.200063521369343,0.200063521369343,0.1098923880062569,0.0664140661903645,0.0698989009481177,0.328859060402685,0.368184127562069,0.81153766419781,0.266881513729481,0.266881513729481,0.266881513729481,0.0,0.266881513729481,0.0,0.200063521369343,0.0749632197522059,0.0933602719681705,0.0823790970344355,0.0,0.226732089065557,0.182053533683929,0.0933602719681705,0.0,0.226732089065557,0.0933602719681705,0.226732089065557,0.226732089065557,0.1098923880062569,0.266881513729481,0.368184127562069
Rectal Carcinoma,0.0316202950567523,0.0316202950567523,0.0316202950567523,0.023062117726601,0.0444245555713213,0.0316202950567523,0.0172583557076123,0.0316202950567523,0.023062117726601,0.0444245555713213,0.0444245555713213,0.170310041403733,0.0444245555713213,0.0949619587666687,0.023062117726601,0.658271470350115,0.0444245555713213,0.0316202950567523,0.0444245555713213,0.0949619587666687,0.023062117726601,0.023062117726601,0.0316202950567523,0.0172583557076123,0.023062117726601,0.013283683417403,0.3652071646059129,0.0185636903992008,0.0640035322631421,0.023062117726601,0.0172583557076123,0.0444245555713213,0.013283683417403,0.0316202950567523,0.023062117726601,0.0444245555713213,0.0640035322631421,0.0316202950567523,0.013283683417403,0.023062117726601,0.023062117726601,0.013283683417403,0.0316202950567523,0.0444245555713213,0.0316202950567523,0.0640035322631421,0.0316202950567523,0.2335108086844119,0.0444245555713213,0.0444245555713213,0.0172583557076123,0.023062117726601,0.170310041403733,0.0316202950567523,0.0172583557076123,0.0444245555713213,0.0316202950567523,0.013283683417403,0.023062117726601,0.0316202950567523,0.0316202950567523,0.0316202950567523,0.0316202950567523,0.0316202950567523,0.013283683417403,0.0444245555713213,0.023062117726601,0.0444245555713213,0.50666876746447,0.023062117726601,0.0172583557076123,0.0444245555713213,0.0444245555713213,0.0316202950567523,0.0444245555713213,0.0172583557076123,0.3280682194231979,0.0316202950567523,0.0640035322631421,1.0,0.0444245555713213,0.0640035322631421,0.023062117726601,0.0640035322631421,0.0172583557076123,0.023062117726601,0.0316202950567523,0.023062117726601,0.0316202950567523,0.04191314957563,0.0444245555713213,0.0316202950567523,0.0316202950567523,0.127450189525895,0.0444245555713213,0.0444245555713213,0.0560080001931739,0.0316202950567523,0.0316202950567523,0.0444245555713213,0.0316202950567523,0.0640035322631421,0.0316202950567523,0.2409528325117469,0.023062117726601,0.0949619587666687,0.023062117726601,0.0316202950567523,0.013283683417403,0.3652071646059129,0.0172583557076123,0.023062117726601,0.0949619587666687,0.023062117726601,0.0444245555713213,0.0172583557076123,0.0444245555713213,0.023062117726601,0.0316202950567523,0.0444245555713213,0.0316202950567523,0.0316202950567523,0.0316202950567523,0.0316202950567523,0.0316202950567523,0.023062117726601,0.0444245555713213,0.0172583557076123,0.0444245555713213,0.0172583557076123,0.0949619587666687,0.0,0.0,0.023062117726601,0.0949619587666687,0.0316202950567523,0.0444245555713213,0.0640035322631421,0.023062117726601,0.023062117726601,0.0444245555713213,0.0316202950567523,0.0640035322631421,0.0316202950567523,0.0,0.0444245555713213,0.0316202950567523,0.023062117726601,0.0,0.0444245555713213,0.023062117726601,0.0316202950567523,0.0640035322631421,0.0444245555713213,0.0316202950567523,0.0444245555713213,0.0640035322631421,0.023062117726601,0.0444245555713213,0.023062117726601,0.023062117726601,0.023062117726601,0.0640035322631421,0.0949619587666687,0.023062117726601,0.0316202950567523,0.0444245555713213,0.023062117726601,0.0316202950567523,0.023062117726601,0.0444245555713213,0.0172583557076123,0.0316202950567523,0.023062117726601,0.0316202950567523,0.0444245555713213,0.0,0.19933005503032,0.023062117726601,0.0444245555713213,0.0316202950567523,0.0172583557076123,0.0316202950567523,0.0316202950567523,0.013283683417403,0.0316202950567523,0.0105433190523407,0.170310041403733,0.023062117726601,0.023062117726601,0.0444245555713213,0.121772919883573,0.0980978720008218,0.0640035322631421,0.023062117726601,0.0444245555713213,0.0444245555713213,0.0444245555713213,0.0444245555713213,0.0,0.0444245555713213,0.0,0.023062117726601,0.0172583557076123,0.3652071646059129,0.0560080001931739,0.0,0.0316202950567523,0.0172583557076123,0.2335108086844119,0.0,0.0316202950567523,0.2335108086844119,0.0316202950567523,0.0316202950567523,0.0444245555713213,0.0444245555713213,0.023062117726601
Dandruff,0.0714299464323527,0.0714299464323527,0.0714299464323527,0.0613432731147329,0.0865818037575277,0.0714299464323527,0.0545213728963117,0.0714299464323527,0.0613432731147329,0.0865818037575277,0.21027009483971,0.0613432731147329,0.0865818037575277,0.147105639620399,0.0613432731147329,0.0545213728963117,0.0865818037575277,0.0714299464323527,0.0865818037575277,0.147105639620399,0.0613432731147329,0.0613432731147329,0.0714299464323527,0.0545213728963117,0.0613432731147329,0.0498579928542293,0.0714299464323527,0.0485747365313862,0.1098923880062569,0.0613432731147329,0.0545213728963117,0.0865818037575277,0.0498579928542293,0.0714299464323527,0.0613432731147329,0.21027009483971,0.266881513729481,0.0714299464323527,0.0498579928542293,0.0613432731147329,0.0613432731147329,0.0498579928542293,0.0714299464323527,0.0865818037575277,0.0714299464323527,0.266881513729481,0.0714299464323527,0.0714299464323527,0.21027009483971,0.0865818037575277,0.0545213728963117,0.0613432731147329,0.0613432731147329,0.0714299464323527,0.0545213728963117,0.0865818037575277,0.0714299464323527,0.0498579928542293,0.0613432731147329,0.0714299464323527,0.0714299464323527,0.0714299464323527,0.0714299464323527,0.0714299464323527,0.0498579928542293,0.0865818037575277,0.0613432731147329,0.21027009483971,0.0498579928542293,0.0613432731147329,0.0545213728963117,0.0865818037575277,0.0865818037575277,0.0714299464323527,0.0865818037575277,0.0545213728963117,0.0865818037575277,0.0714299464323527,0.1098923880062569,0.0444245555713213,1.0,0.1098923880062569,0.0613432731147329,0.1098923880062569,0.0545213728963117,0.0613432731147329,0.0714299464323527,0.0613432731147329,0.0714299464323527,0.0545213728963117,0.0865818037575277,0.0714299464323527,0.0714299464323527,0.0545213728963117,0.21027009483971,0.0865818037575277,0.0613432731147329,0.0714299464323527,0.0714299464323527,0.0865818037575277,0.0714299464323527,0.1098923880062569,0.0714299464323527,0.32866873393231,0.0613432731147329,0.147105639620399,0.0613432731147329,0.0714299464323527,0.0498579928542293,0.0714299464323527,0.0545213728963117,0.0613432731147329,0.147105639620399,0.0613432731147329,0.21027009483971,0.0545213728963117,0.0865818037575277,0.0613432731147329,0.0714299464323527,0.0865818037575277,0.0714299464323527,0.0714299464323527,0.1734727270499989,0.0714299464323527,0.0714299464323527,0.0613432731147329,0.0865818037575277,0.0545213728963117,0.0865818037575277,0.0545213728963117,0.147105639620399,0.0,0.0,0.0613432731147329,0.147105639620399,0.0714299464323527,0.0865818037575277,0.1098923880062569,0.0613432731147329,0.0613432731147329,0.0865818037575277,0.0714299464323527,0.266881513729481,0.0714299464323527,0.0,0.0865818037575277,0.0714299464323527,0.0613432731147329,0.0,0.0865818037575277,0.0613432731147329,0.1734727270499989,0.266881513729481,0.0865818037575277,0.0714299464323527,0.0865818037575277,0.1098923880062569,0.0613432731147329,0.0865818037575277,0.0613432731147329,0.0613432731147329,0.0613432731147329,0.1098923880062569,0.147105639620399,0.0613432731147329,0.0714299464323527,0.21027009483971,0.0613432731147329,0.0714299464323527,0.0613432731147329,0.0865818037575277,0.0545213728963117,0.0714299464323527,0.0613432731147329,0.0714299464323527,0.0865818037575277,0.0,0.0545213728963117,0.0613432731147329,0.0865818037575277,0.0714299464323527,0.0545213728963117,0.0714299464323527,0.0714299464323527,0.0498579928542293,0.0714299464323527,0.0466468368249435,0.0613432731147329,0.0613432731147329,0.0613432731147329,0.0865818037575277,0.0466468368249435,0.0498579928542293,0.1098923880062569,0.0613432731147329,0.0865818037575277,0.0865818037575277,0.0865818037575277,0.0865818037575277,0.0,0.0865818037575277,0.0,0.0613432731147329,0.0545213728963117,0.0714299464323527,0.0613432731147329,0.0,0.0714299464323527,0.0545213728963117,0.0714299464323527,0.0,0.0714299464323527,0.0714299464323527,0.0714299464323527,0.0714299464323527,0.0865818037575277,0.0865818037575277,0.0613432731147329
Viral Diarrhea,0.0933602719681705,0.226732089065557,0.4172632563475379,0.368184127562069,0.491151693334087,0.4172632563475379,0.0749632197522059,0.0933602719681705,0.200063521369343,0.491151693334087,0.1098923880062569,0.0823790970344355,0.266881513729481,0.1763709506669489,0.200063521369343,0.0749632197522059,0.491151693334087,0.0933602719681705,0.1098923880062569,0.1763709506669489,0.200063521369343,0.200063521369343,0.4172632563475379,0.182053533683929,0.368184127562069,0.0698989009481177,0.0933602719681705,0.157017181769811,0.6052112120015789,0.368184127562069,0.182053533683929,0.491151693334087,0.169754473731143,0.226732089065557,0.200063521369343,0.1098923880062569,0.135412554283458,0.226732089065557,0.312405291992608,0.200063521369343,0.200063521369343,0.169754473731143,0.226732089065557,0.266881513729481,0.226732089065557,0.135412554283458,0.4172632563475379,0.0933602719681705,0.1098923880062569,0.266881513729481,0.182053533683929,0.200063521369343,0.0823790970344355,0.226732089065557,0.182053533683929,0.491151693334087,0.226732089065557,0.169754473731143,0.200063521369343,0.226732089065557,0.226732089065557,0.226732089065557,0.226732089065557,0.226732089065557,0.169754473731143,0.266881513729481,0.200063521369343,0.1098923880062569,0.0698989009481177,0.0823790970344355,0.182053533683929,0.491151693334087,0.491151693334087,0.226732089065557,0.491151693334087,0.182053533683929,0.1098923880062569,0.226732089065557,0.6052112120015789,0.0640035322631421,0.1098923880062569,1.0,0.200063521369343,0.135412554283458,0.182053533683929,0.200063521369343,0.226732089065557,0.200063521369343,0.4172632563475379,0.0749632197522059,0.81153766419781,0.4172632563475379,0.4172632563475379,0.0749632197522059,0.1098923880062569,0.266881513729481,0.0823790970344355,0.226732089065557,0.226732089065557,0.266881513729481,0.4172632563475379,0.6052112120015789,0.4172632563475379,0.380130200962355,0.200063521369343,0.1763709506669489,0.200063521369343,0.4172632563475379,0.312405291992608,0.0933602719681705,0.182053533683929,0.200063521369343,0.4283294516197329,0.368184127562069,0.1098923880062569,0.182053533683929,0.1098923880062569,0.368184127562069,0.226732089065557,0.266881513729481,0.4172632563475379,0.226732089065557,0.0933602719681705,0.4172632563475379,0.0933602719681705,0.200063521369343,0.266881513729481,0.0749632197522059,0.266881513729481,0.0749632197522059,0.1763709506669489,0.0,0.0,0.368184127562069,0.1763709506669489,0.226732089065557,0.1098923880062569,0.6052112120015789,0.368184127562069,0.200063521369343,0.266881513729481,0.4172632563475379,0.135412554283458,0.4172632563475379,0.0,0.1098923880062569,0.4172632563475379,0.200063521369343,0.0,0.266881513729481,0.200063521369343,0.0933602719681705,0.135412554283458,0.266881513729481,0.226732089065557,0.266881513729481,0.135412554283458,0.200063521369343,0.1098923880062569,0.200063521369343,0.200063521369343,0.200063521369343,0.6052112120015789,0.1763709506669489,0.200063521369343,0.0933602719681705,0.1098923880062569,0.200063521369343,0.226732089065557,0.368184127562069,0.1098923880062569,0.182053533683929,0.4172632563475379,0.200063521369343,0.226732089065557,0.1098923880062569,0.0,0.0749632197522059,0.200063521369343,0.266881513729481,0.226732089065557,0.182053533683929,0.226732089065557,0.226732089065557,0.169754473731143,0.226732089065557,0.161291303605171,0.0823790970344355,0.200063521369343,0.200063521369343,0.1098923880062569,0.0664140661903645,0.0698989009481177,0.328859060402685,0.368184127562069,0.491151693334087,0.266881513729481,0.266881513729481,0.266881513729481,0.0,0.266881513729481,0.0,0.200063521369343,0.0749632197522059,0.0933602719681705,0.0823790970344355,0.0,0.226732089065557,0.182053533683929,0.0933602719681705,0.0,0.226732089065557,0.0933602719681705,0.226732089065557,0.226732089065557,0.1098923880062569,0.266881513729481,0.368184127562069
HIV-infected pneumonia,0.0476199206365212,0.115648378688694,0.115648378688694,0.093408272931481,0.148976520421494,0.115648378688694,0.0322586368373393,0.0476199206365212,0.093408272931481,0.148976520421494,0.0613432731147329,0.0384622300306098,0.148976520421494,0.115768709113422,0.444229946263574,0.0322586368373393,0.148976520421494,0.0476199206365212,0.0613432731147329,0.115768709113422,0.093408272931481,0.093408272931481,0.115648378688694,0.078342403747824,0.093408272931481,0.0280132767810044,0.0476199206365212,0.0746915486002605,0.200063521369343,0.093408272931481,0.078342403747824,0.148976520421494,0.0680322436110106,0.115648378688694,0.093408272931481,0.0613432731147329,0.0823790970344355,0.115648378688694,0.0680322436110106,0.093408272931481,0.093408272931481,0.0680322436110106,0.115648378688694,0.148976520421494,0.115648378688694,0.0823790970344355,0.115648378688694,0.0476199206365212,0.0613432731147329,0.274166873716867,0.078342403747824,0.093408272931481,0.0384622300306098,0.351665478053376,0.078342403747824,0.148976520421494,0.115648378688694,0.1252021962253049,0.093408272931481,0.115648378688694,0.115648378688694,0.115648378688694,0.115648378688694,0.115648378688694,0.0680322436110106,0.148976520421494,0.093408272931481,0.0613432731147329,0.0280132767810044,0.0384622300306098,0.078342403747824,0.148976520421494,0.148976520421494,0.8333330277772181,0.148976520421494,0.3725798659459621,0.0613432731147329,0.115648378688694,0.200063521369343,0.023062117726601,0.0613432731147329,0.200063521369343,1.0,0.0823790970344355,0.078342403747824,0.093408272931481,0.115648378688694,0.093408272931481,0.115648378688694,0.0322586368373393,0.148976520421494,0.115648378688694,0.115648378688694,0.0322586368373393,0.0613432731147329,0.148976520421494,0.0384622300306098,0.115648378688694,0.115648378688694,0.148976520421494,0.115648378688694,0.200063521369343,0.115648378688694,0.275363104390711,0.284037401363075,0.115768709113422,0.093408272931481,0.115648378688694,0.0680322436110106,0.0476199206365212,0.078342403747824,0.444229946263574,0.2811525792754519,0.093408272931481,0.0613432731147329,0.3725798659459621,0.0613432731147329,0.093408272931481,0.115648378688694,0.148976520421494,0.115648378688694,0.115648378688694,0.0476199206365212,0.115648378688694,0.0476199206365212,0.093408272931481,0.274166873716867,0.0322586368373393,0.148976520421494,0.0322586368373393,0.115768709113422,0.0,0.0,0.093408272931481,0.115768709113422,0.115648378688694,0.0613432731147329,0.200063521369343,0.093408272931481,0.093408272931481,0.148976520421494,0.115648378688694,0.0823790970344355,0.115648378688694,0.0,0.0613432731147329,0.115648378688694,0.093408272931481,0.0,0.148976520421494,0.093408272931481,0.0476199206365212,0.0823790970344355,0.148976520421494,0.115648378688694,0.148976520421494,0.0823790970344355,0.093408272931481,0.0613432731147329,0.093408272931481,0.093408272931481,0.093408272931481,0.200063521369343,0.115768709113422,0.093408272931481,0.0476199206365212,0.0613432731147329,0.093408272931481,0.115648378688694,0.093408272931481,0.0613432731147329,0.078342403747824,0.115648378688694,0.093408272931481,0.115648378688694,0.0613432731147329,0.0,0.0322586368373393,0.444229946263574,0.148976520421494,0.351665478053376,0.078342403747824,0.115648378688694,0.115648378688694,0.206873557102869,0.115648378688694,0.1852691400432169,0.0384622300306098,0.093408272931481,0.093408272931481,0.0613432731147329,0.0250877674831517,0.0280132767810044,0.608356422123105,0.093408272931481,0.148976520421494,0.148976520421494,0.148976520421494,0.148976520421494,0.0,0.148976520421494,0.0,0.093408272931481,0.0322586368373393,0.0476199206365212,0.0384622300306098,0.0,0.115648378688694,0.078342403747824,0.0476199206365212,0.0,0.115648378688694,0.0476199206365212,0.351665478053376,0.115648378688694,0.0613432731147329,0.148976520421494,0.093408272931481
Pervasive developmental disorder NOS,0.6894506381789389,0.0933602719681705,0.0933602719681705,0.0823790970344355,0.1098923880062569,0.0933602719681705,0.0749632197522059,0.0933602719681705,0.0823790970344355,0.1098923880062569,0.1098923880062569,0.0823790970344355,0.1098923880062569,0.1763709506669489,0.0823790970344355,0.0749632197522059,0.1098923880062569,0.226732089065557,0.266881513729481,0.1763709506669489,0.0823790970344355,0.0823790970344355,0.0933602719681705,0.0749632197522059,0.0823790970344355,0.0698989009481177,0.0933602719681705,0.064654133669922,0.135412554283458,0.0823790970344355,0.0749632197522059,0.1098923880062569,0.0698989009481177,0.0933602719681705,0.0823790970344355,0.1098923880062569,0.135412554283458,0.0933602719681705,0.0698989009481177,0.0823790970344355,0.0823790970344355,0.0698989009481177,0.0933602719681705,0.1098923880062569,0.0933602719681705,0.135412554283458,0.0933602719681705,0.0933602719681705,0.1098923880062569,0.1098923880062569,0.0749632197522059,0.0823790970344355,0.0823790970344355,0.0933602719681705,0.0749632197522059,0.1098923880062569,0.0933602719681705,0.0698989009481177,0.0823790970344355,0.0933602719681705,0.0933602719681705,0.0933602719681705,0.0933602719681705,0.0933602719681705,0.0698989009481177,0.1098923880062569,0.0823790970344355,0.1098923880062569,0.0698989009481177,0.0823790970344355,0.0749632197522059,0.1098923880062569,0.1098923880062569,0.0933602719681705,0.1098923880062569,0.0749632197522059,0.1098923880062569,0.0933602719681705,0.135412554283458,0.0640035322631421,0.1098923880062569,0.135412554283458,0.0823790970344355,1.0,0.0749632197522059,0.0823790970344355,0.0933602719681705,0.0823790970344355,0.0933602719681705,0.0749632197522059,0.1098923880062569,0.0933602719681705,0.0933602719681705,0.0749632197522059,0.1098923880062569,0.1098923880062569,0.0823790970344355,0.0933602719681705,0.0933602719681705,0.1098923880062569,0.0933602719681705,0.135412554283458,0.0933602719681705,0.380130200962355,0.0823790970344355,0.1763709506669489,0.0823790970344355,0.0933602719681705,0.0698989009481177,0.0933602719681705,0.0749632197522059,0.0823790970344355,0.1763709506669489,0.0823790970344355,0.1098923880062569,0.0749632197522059,0.81153766419781,0.0823790970344355,0.0933602719681705,0.1098923880062569,0.0933602719681705,0.0933602719681705,0.0933602719681705,0.0933602719681705,0.4172632563475379,0.0823790970344355,0.1098923880062569,0.0749632197522059,0.1098923880062569,0.0749632197522059,0.1763709506669489,0.0,0.0,0.0823790970344355,0.1763709506669489,0.0933602719681705,0.266881513729481,0.135412554283458,0.0823790970344355,0.0823790970344355,0.1098923880062569,0.0933602719681705,0.135412554283458,0.0933602719681705,0.0,0.266881513729481,0.0933602719681705,0.0823790970344355,0.0,0.1098923880062569,0.0823790970344355,0.0933602719681705,0.135412554283458,0.1098923880062569,0.0933602719681705,0.1098923880062569,0.328859060402685,0.0823790970344355,0.1098923880062569,0.0823790970344355,0.0823790970344355,0.0823790970344355,0.135412554283458,0.1763709506669489,0.0823790970344355,0.0933602719681705,0.1098923880062569,0.0823790970344355,0.0933602719681705,0.0823790970344355,0.81153766419781,0.0749632197522059,0.0933602719681705,0.0823790970344355,0.0933602719681705,0.1098923880062569,0.0,0.0749632197522059,0.0823790970344355,0.1098923880062569,0.0933602719681705,0.0749632197522059,0.0933602719681705,0.0933602719681705,0.0698989009481177,0.0933602719681705,0.0664140661903645,0.0823790970344355,0.0823790970344355,0.0823790970344355,0.491151693334087,0.0664140661903645,0.0698989009481177,0.135412554283458,0.0823790970344355,0.1098923880062569,0.1098923880062569,0.1098923880062569,0.1098923880062569,0.0,0.1098923880062569,0.0,0.0823790970344355,0.0749632197522059,0.0933602719681705,0.0823790970344355,0.0,0.0933602719681705,0.0749632197522059,0.0933602719681705,0.0,0.0933602719681705,0.0933602719681705,0.0933602719681705,0.0933602719681705,0.1098923880062569,0.1098923880062569,0.0823790970344355
Macular degeneration,0.041172338956928,0.184015147583005,0.0999899660382537,0.078342403747824,0.1324090484624709,0.0999899660382537,0.0262176875118606,0.041172338956928,0.078342403747824,0.1324090484624709,0.0545213728963117,0.0322586368373393,0.1324090484624709,0.107359912685637,0.078342403747824,0.0262176875118606,0.1324090484624709,0.041172338956928,0.0545213728963117,0.107359912685637,0.144176356477088,0.144176356477088,0.0999899660382537,0.0636715268145186,0.078342403747824,0.0220824020542819,0.041172338956928,0.298719074115721,0.182053533683929,0.078342403747824,0.0636715268145186,0.1324090484624709,0.053628690703256,0.0999899660382537,0.078342403747824,0.0545213728963117,0.0749632197522059,0.0999899660382537,0.053628690703256,0.078342403747824,0.078342403747824,0.053628690703256,0.0999899660382537,0.1324090484624709,0.0999899660382537,0.0749632197522059,0.0999899660382537,0.041172338956928,0.0545213728963117,0.1324090484624709,0.0636715268145186,0.078342403747824,0.0322586368373393,0.0999899660382537,0.0636715268145186,0.1324090484624709,0.0999899660382537,0.053628690703256,0.5645155881887141,0.0999899660382537,0.0999899660382537,0.0999899660382537,0.0999899660382537,0.0999899660382537,0.053628690703256,0.1324090484624709,0.078342403747824,0.0545213728963117,0.0220824020542819,0.0322586368373393,0.302808285044318,0.1324090484624709,0.1324090484624709,0.0999899660382537,0.1324090484624709,0.0636715268145186,0.0545213728963117,0.0999899660382537,0.182053533683929,0.0172583557076123,0.0545213728963117,0.182053533683929,0.078342403747824,0.0749632197522059,1.0,0.078342403747824,0.0999899660382537,0.078342403747824,0.0999899660382537,0.0262176875118606,0.1324090484624709,0.0999899660382537,0.0999899660382537,0.0262176875118606,0.0545213728963117,0.1324090484624709,0.0322586368373393,0.0999899660382537,0.0999899660382537,0.1324090484624709,0.0999899660382537,0.182053533683929,0.0999899660382537,0.261364164595575,0.078342403747824,0.107359912685637,0.078342403747824,0.0999899660382537,0.053628690703256,0.041172338956928,0.0636715268145186,0.078342403747824,0.260731216522262,0.078342403747824,0.0545213728963117,0.0636715268145186,0.0545213728963117,0.078342403747824,0.0999899660382537,0.1324090484624709,0.0999899660382537,0.0999899660382537,0.041172338956928,0.0999899660382537,0.041172338956928,0.078342403747824,0.1324090484624709,0.0262176875118606,0.1324090484624709,0.0262176875118606,0.107359912685637,0.0,0.0,0.078342403747824,0.107359912685637,0.184015147583005,0.0545213728963117,0.182053533683929,0.078342403747824,0.144176356477088,0.1324090484624709,0.0999899660382537,0.0749632197522059,0.0999899660382537,0.0,0.0545213728963117,0.0999899660382537,0.078342403747824,0.0,0.1324090484624709,0.078342403747824,0.041172338956928,0.0749632197522059,0.1324090484624709,0.0999899660382537,0.1324090484624709,0.0749632197522059,0.078342403747824,0.0545213728963117,0.078342403747824,0.078342403747824,0.238224860376036,0.182053533683929,0.107359912685637,0.078342403747824,0.041172338956928,0.0545213728963117,0.078342403747824,0.0999899660382537,0.078342403747824,0.0545213728963117,0.0636715268145186,0.0999899660382537,0.078342403747824,0.0999899660382537,0.0545213728963117,0.0,0.0262176875118606,0.078342403747824,0.1324090484624709,0.0999899660382537,0.0636715268145186,0.0999899660382537,0.0999899660382537,0.053628690703256,0.0999899660382537,0.0467066854134993,0.0322586368373393,0.144176356477088,0.078342403747824,0.0545213728963117,0.0192321645820291,0.0220824020542819,0.182053533683929,0.078342403747824,0.1324090484624709,0.1324090484624709,0.1324090484624709,0.1324090484624709,0.0,0.1324090484624709,0.0,0.078342403747824,0.0262176875118606,0.041172338956928,0.0322586368373393,0.0,0.0999899660382537,0.0636715268145186,0.041172338956928,0.0,0.0999899660382537,0.041172338956928,0.0999899660382537,0.0999899660382537,0.0545213728963117,0.1324090484624709,0.078342403747824
Spondyloarthritis,0.0476199206365212,0.115648378688694,0.115648378688694,0.093408272931481,0.148976520421494,0.115648378688694,0.0322586368373393,0.0476199206365212,0.444229946263574,0.148976520421494,0.0613432731147329,0.0384622300306098,0.148976520421494,0.115768709113422,0.093408272931481,0.0322586368373393,0.148976520421494,0.0476199206365212,0.0613432731147329,0.115768709113422,0.093408272931481,0.093408272931481,0.115648378688694,0.078342403747824,0.093408272931481,0.0280132767810044,0.0476199206365212,0.0746915486002605,0.200063521369343,0.093408272931481,0.078342403747824,0.148976520421494,0.0680322436110106,0.115648378688694,0.6730764389785729,0.0613432731147329,0.0823790970344355,0.212831890191799,0.0680322436110106,0.093408272931481,0.093408272931481,0.728332100315302,0.115648378688694,0.148976520421494,0.115648378688694,0.0823790970344355,0.115648378688694,0.0476199206365212,0.0613432731147329,0.148976520421494,0.078342403747824,0.093408272931481,0.0384622300306098,0.115648378688694,0.8387094771069309,0.148976520421494,0.115648378688694,0.0680322436110106,0.093408272931481,0.115648378688694,0.115648378688694,0.115648378688694,0.115648378688694,0.115648378688694,0.728332100315302,0.148976520421494,0.093408272931481,0.0613432731147329,0.0280132767810044,0.0384622300306098,0.078342403747824,0.148976520421494,0.148976520421494,0.115648378688694,0.148976520421494,0.078342403747824,0.0613432731147329,0.115648378688694,0.200063521369343,0.023062117726601,0.0613432731147329,0.200063521369343,0.093408272931481,0.0823790970344355,0.078342403747824,1.0,0.115648378688694,0.093408272931481,0.115648378688694,0.0322586368373393,0.148976520421494,0.115648378688694,0.115648378688694,0.0322586368373393,0.0613432731147329,0.148976520421494,0.0384622300306098,0.115648378688694,0.115648378688694,0.148976520421494,0.115648378688694,0.200063521369343,0.115648378688694,0.275363104390711,0.093408272931481,0.115768709113422,0.093408272931481,0.115648378688694,0.0680322436110106,0.0476199206365212,0.8387094771069309,0.093408272931481,0.2811525792754519,0.093408272931481,0.0613432731147329,0.078342403747824,0.0613432731147329,0.093408272931481,0.115648378688694,0.148976520421494,0.115648378688694,0.115648378688694,0.0476199206365212,0.115648378688694,0.0476199206365212,0.093408272931481,0.148976520421494,0.0322586368373393,0.148976520421494,0.0322586368373393,0.115768709113422,0.0,0.0,0.093408272931481,0.115768709113422,0.115648378688694,0.0613432731147329,0.200063521369343,0.093408272931481,0.093408272931481,0.148976520421494,0.115648378688694,0.0823790970344355,0.115648378688694,0.0,0.0613432731147329,0.115648378688694,0.093408272931481,0.0,0.148976520421494,0.093408272931481,0.0476199206365212,0.0823790970344355,0.148976520421494,0.115648378688694,0.148976520421494,0.0823790970344355,0.093408272931481,0.0613432731147329,0.093408272931481,0.093408272931481,0.093408272931481,0.200063521369343,0.115768709113422,0.093408272931481,0.0476199206365212,0.0613432731147329,1.0,0.115648378688694,0.093408272931481,0.0613432731147329,0.078342403747824,0.115648378688694,0.093408272931481,0.115648378688694,0.0613432731147329,0.0,0.0322586368373393,0.093408272931481,0.148976520421494,0.115648378688694,0.8387094771069309,0.115648378688694,0.115648378688694,0.0680322436110106,0.115648378688694,0.0609274353162256,0.0384622300306098,0.093408272931481,0.093408272931481,0.0613432731147329,0.0250877674831517,0.0280132767810044,0.200063521369343,0.093408272931481,0.148976520421494,0.148976520421494,0.148976520421494,0.148976520421494,0.0,0.148976520421494,0.0,0.093408272931481,0.0322586368373393,0.0476199206365212,0.0384622300306098,0.0,0.115648378688694,0.8387094771069309,0.0476199206365212,0.0,0.115648378688694,0.0476199206365212,0.115648378688694,0.115648378688694,0.0613432731147329,0.148976520421494,0.093408272931481
Systemic lupus erythematosus,0.0571439257166366,0.138778105311832,0.138778105311832,0.115648378688694,0.1734727270499989,0.138778105311832,0.041172338956928,0.0571439257166366,0.115648378688694,0.1734727270499989,0.0714299464323527,0.0476199206365212,0.1734727270499989,0.128249502550101,0.115648378688694,0.041172338956928,0.1734727270499989,0.0571439257166366,0.0714299464323527,0.128249502550101,0.115648378688694,0.115648378688694,0.138778105311832,0.0999899660382537,0.115648378688694,0.0367619429090039,0.0571439257166366,0.0921133696066727,0.226732089065557,0.115648378688694,0.0999899660382537,0.1734727270499989,0.164303377491262,0.421998728397202,0.115648378688694,0.0714299464323527,0.0933602719681705,0.138778105311832,0.0892790042075809,0.115648378688694,0.212831890191799,0.0892790042075809,0.138778105311832,0.527498700621427,0.421998728397202,0.0933602719681705,0.138778105311832,0.0571439257166366,0.0714299464323527,0.1734727270499989,0.0999899660382537,0.115648378688694,0.0476199206365212,0.138778105311832,0.0999899660382537,0.1734727270499989,0.138778105311832,0.0892790042075809,0.115648378688694,0.138778105311832,0.138778105311832,0.421998728397202,0.138778105311832,0.138778105311832,0.0892790042075809,0.1734727270499989,0.115648378688694,0.0714299464323527,0.0367619429090039,0.0476199206365212,0.0999899660382537,0.1734727270499989,0.1734727270499989,0.138778105311832,0.1734727270499989,0.0999899660382537,0.0714299464323527,0.138778105311832,0.226732089065557,0.0316202950567523,0.0714299464323527,0.226732089065557,0.115648378688694,0.0933602719681705,0.0999899660382537,0.115648378688694,1.0,0.115648378688694,0.138778105311832,0.041172338956928,0.1734727270499989,0.138778105311832,0.138778105311832,0.041172338956928,0.0714299464323527,0.1734727270499989,0.0476199206365212,0.138778105311832,0.138778105311832,0.527498700621427,0.138778105311832,0.226732089065557,0.138778105311832,0.296376456737466,0.115648378688694,0.128249502550101,0.115648378688694,0.138778105311832,0.0892790042075809,0.0571439257166366,0.0999899660382537,0.115648378688694,0.311463077621673,0.115648378688694,0.0714299464323527,0.0999899660382537,0.0714299464323527,0.115648378688694,0.138778105311832,0.1734727270499989,0.138778105311832,0.138778105311832,0.0571439257166366,0.138778105311832,0.0571439257166366,0.212831890191799,0.1734727270499989,0.041172338956928,0.1734727270499989,0.041172338956928,0.128249502550101,0.0,0.0,0.115648378688694,0.128249502550101,0.138778105311832,0.0714299464323527,0.226732089065557,0.115648378688694,0.115648378688694,0.1734727270499989,0.138778105311832,0.0933602719681705,0.138778105311832,0.0,0.0714299464323527,0.138778105311832,0.115648378688694,0.0,0.1734727270499989,0.115648378688694,0.0571439257166366,0.0933602719681705,0.1734727270499989,0.138778105311832,0.1734727270499989,0.0933602719681705,0.115648378688694,0.0714299464323527,0.115648378688694,0.351665478053376,0.115648378688694,0.226732089065557,0.128249502550101,0.212831890191799,0.0571439257166366,0.0714299464323527,0.115648378688694,0.138778105311832,0.115648378688694,0.0714299464323527,0.0999899660382537,0.138778105311832,0.351665478053376,0.138778105311832,0.0714299464323527,0.0,0.041172338956928,0.115648378688694,0.1734727270499989,0.138778105311832,0.0999899660382537,0.138778105311832,0.138778105311832,0.0892790042075809,0.138778105311832,0.0819002213950383,0.0476199206365212,0.115648378688694,0.351665478053376,0.0714299464323527,0.0337236205744276,0.0367619429090039,0.226732089065557,0.115648378688694,0.1734727270499989,0.1734727270499989,0.1734727270499989,0.1734727270499989,0.0,0.527498700621427,0.0,0.115648378688694,0.041172338956928,0.0571439257166366,0.0476199206365212,0.0,0.421998728397202,0.0999899660382537,0.0571439257166366,0.0,0.138778105311832,0.0571439257166366,0.138778105311832,0.421998728397202,0.0714299464323527,0.1734727270499989,0.115648378688694
Transient Ischemic Attack,0.0476199206365212,0.115648378688694,0.115648378688694,0.093408272931481,0.148976520421494,0.115648378688694,0.0322586368373393,0.0476199206365212,0.093408272931481,0.148976520421494,0.0613432731147329,0.0384622300306098,0.148976520421494,0.115768709113422,0.093408272931481,0.0322586368373393,0.148976520421494,0.0476199206365212,0.0613432731147329,0.115768709113422,0.093408272931481,0.093408272931481,0.115648378688694,0.238224860376036,0.093408272931481,0.0280132767810044,0.0476199206365212,0.0746915486002605,0.200063521369343,0.093408272931481,0.078342403747824,0.148976520421494,0.0680322436110106,0.115648378688694,0.093408272931481,0.0613432731147329,0.0823790970344355,0.115648378688694,0.0680322436110106,0.284037401363075,0.093408272931481,0.0680322436110106,0.351665478053376,0.148976520421494,0.115648378688694,0.0823790970344355,0.115648378688694,0.0476199206365212,0.0613432731147329,0.148976520421494,0.078342403747824,0.093408272931481,0.0384622300306098,0.115648378688694,0.078342403747824,0.148976520421494,0.115648378688694,0.0680322436110106,0.093408272931481,0.115648378688694,0.212831890191799,0.115648378688694,0.115648378688694,0.351665478053376,0.0680322436110106,0.148976520421494,0.093408272931481,0.0613432731147329,0.0280132767810044,0.0384622300306098,0.078342403747824,0.148976520421494,0.148976520421494,0.115648378688694,0.148976520421494,0.078342403747824,0.0613432731147329,0.351665478053376,0.200063521369343,0.023062117726601,0.0613432731147329,0.200063521369343,0.093408272931481,0.0823790970344355,0.078342403747824,0.093408272931481,0.115648378688694,1.0,0.115648378688694,0.0322586368373393,0.148976520421494,0.115648378688694,0.115648378688694,0.0322586368373393,0.0613432731147329,0.148976520421494,0.0384622300306098,0.351665478053376,0.115648378688694,0.148976520421494,0.115648378688694,0.200063521369343,0.115648378688694,0.275363104390711,0.093408272931481,0.115768709113422,0.093408272931481,0.115648378688694,0.0680322436110106,0.0476199206365212,0.078342403747824,0.093408272931481,0.517415250935496,0.093408272931481,0.0613432731147329,0.078342403747824,0.0613432731147329,0.093408272931481,0.115648378688694,0.148976520421494,0.115648378688694,0.115648378688694,0.0476199206365212,0.115648378688694,0.0476199206365212,0.093408272931481,0.148976520421494,0.0322586368373393,0.148976520421494,0.0322586368373393,0.115768709113422,0.0,0.0,0.093408272931481,0.115768709113422,0.115648378688694,0.0613432731147329,0.200063521369343,0.093408272931481,0.093408272931481,0.148976520421494,0.115648378688694,0.0823790970344355,0.115648378688694,0.0,0.0613432731147329,0.115648378688694,0.093408272931481,0.0,0.148976520421494,0.093408272931481,0.0476199206365212,0.0823790970344355,0.148976520421494,0.115648378688694,0.148976520421494,0.0823790970344355,0.284037401363075,0.0613432731147329,0.284037401363075,0.093408272931481,0.093408272931481,0.200063521369343,0.115768709113422,0.093408272931481,0.0476199206365212,0.0613432731147329,0.093408272931481,0.115648378688694,0.093408272931481,0.0613432731147329,0.078342403747824,0.115648378688694,0.093408272931481,0.115648378688694,0.0613432731147329,0.0,0.0322586368373393,0.093408272931481,0.148976520421494,0.115648378688694,0.078342403747824,0.115648378688694,0.115648378688694,0.0680322436110106,0.351665478053376,0.0609274353162256,0.0384622300306098,0.093408272931481,0.093408272931481,0.0613432731147329,0.0250877674831517,0.0280132767810044,0.200063521369343,0.093408272931481,0.148976520421494,0.148976520421494,0.148976520421494,0.148976520421494,0.0,0.148976520421494,0.0,0.093408272931481,0.0322586368373393,0.0476199206365212,0.0384622300306098,0.0,0.115648378688694,0.078342403747824,0.0476199206365212,0.0,0.115648378688694,0.0476199206365212,0.115648378688694,0.115648378688694,0.0613432731147329,0.148976520421494,0.093408272931481
Denture Stomatitis,0.0571439257166366,0.138778105311832,0.255398361876396,0.212831890191799,0.3192481279323519,0.255398361876396,0.041172338956928,0.0571439257166366,0.115648378688694,0.3192481279323519,0.0714299464323527,0.0476199206365212,0.1734727270499989,0.128249502550101,0.115648378688694,0.041172338956928,0.3192481279323519,0.0571439257166366,0.0714299464323527,0.128249502550101,0.115648378688694,0.115648378688694,0.255398361876396,0.0999899660382537,0.351665478053376,0.0367619429090039,0.0571439257166366,0.0921133696066727,0.4172632563475379,0.351665478053376,0.0999899660382537,0.3192481279323519,0.0892790042075809,0.138778105311832,0.115648378688694,0.0714299464323527,0.0933602719681705,0.138778105311832,0.164303377491262,0.115648378688694,0.115648378688694,0.0892790042075809,0.138778105311832,0.1734727270499989,0.138778105311832,0.0933602719681705,0.659999251998354,0.0571439257166366,0.0714299464323527,0.1734727270499989,0.0999899660382537,0.115648378688694,0.0476199206365212,0.138778105311832,0.0999899660382537,0.527498700621427,0.138778105311832,0.0892790042075809,0.115648378688694,0.138778105311832,0.138778105311832,0.138778105311832,0.138778105311832,0.138778105311832,0.0892790042075809,0.1734727270499989,0.115648378688694,0.0714299464323527,0.0367619429090039,0.0476199206365212,0.0999899660382537,0.3192481279323519,0.3192481279323519,0.138778105311832,0.527498700621427,0.0999899660382537,0.0714299464323527,0.138778105311832,0.6894506381789389,0.0316202950567523,0.0714299464323527,0.4172632563475379,0.115648378688694,0.0933602719681705,0.0999899660382537,0.115648378688694,0.138778105311832,0.115648378688694,1.0,0.041172338956928,0.3192481279323519,0.255398361876396,0.255398361876396,0.041172338956928,0.0714299464323527,0.1734727270499989,0.0476199206365212,0.138778105311832,0.138778105311832,0.1734727270499989,0.255398361876396,0.4172632563475379,0.255398361876396,0.296376456737466,0.115648378688694,0.128249502550101,0.115648378688694,0.659999251998354,0.164303377491262,0.0571439257166366,0.0999899660382537,0.115648378688694,0.311463077621673,0.212831890191799,0.0714299464323527,0.0999899660382537,0.0714299464323527,0.351665478053376,0.138778105311832,0.1734727270499989,0.255398361876396,0.138778105311832,0.0571439257166366,0.421998728397202,0.0571439257166366,0.115648378688694,0.1734727270499989,0.041172338956928,0.1734727270499989,0.041172338956928,0.128249502550101,0.0,0.0,0.212831890191799,0.128249502550101,0.138778105311832,0.0714299464323527,0.4172632563475379,0.212831890191799,0.115648378688694,0.1734727270499989,0.255398361876396,0.0933602719681705,0.255398361876396,0.0,0.0714299464323527,0.255398361876396,0.115648378688694,0.0,0.1734727270499989,0.115648378688694,0.0571439257166366,0.0933602719681705,0.1734727270499989,0.138778105311832,0.1734727270499989,0.0933602719681705,0.115648378688694,0.0714299464323527,0.115648378688694,0.115648378688694,0.115648378688694,0.4172632563475379,0.128249502550101,0.115648378688694,0.0571439257166366,0.0714299464323527,0.115648378688694,0.138778105311832,0.212831890191799,0.0714299464323527,0.0999899660382537,0.255398361876396,0.115648378688694,0.138778105311832,0.0714299464323527,0.0,0.041172338956928,0.115648378688694,0.1734727270499989,0.138778105311832,0.0999899660382537,0.138778105311832,0.138778105311832,0.0892790042075809,0.138778105311832,0.0819002213950383,0.0476199206365212,0.115648378688694,0.115648378688694,0.0714299464323527,0.0337236205744276,0.0367619429090039,0.226732089065557,0.212831890191799,0.527498700621427,0.1734727270499989,0.1734727270499989,0.1734727270499989,0.0,0.1734727270499989,0.0,0.115648378688694,0.041172338956928,0.0571439257166366,0.0476199206365212,0.0,0.138778105311832,0.0999899660382537,0.0571439257166366,0.0,0.138778105311832,0.0571439257166366,0.138778105311832,0.138778105311832,0.0714299464323527,0.1734727270499989,0.212831890191799
Spinal cord injury,0.041172338956928,0.041172338956928,0.041172338956928,0.0322586368373393,0.0545213728963117,0.041172338956928,0.0262176875118606,0.041172338956928,0.0322586368373393,0.0545213728963117,0.0545213728963117,0.078342403747824,0.0545213728963117,0.107359912685637,0.0322586368373393,0.0636715268145186,0.0545213728963117,0.041172338956928,0.0545213728963117,0.107359912685637,0.0322586368373393,0.0322586368373393,0.041172338956928,0.0262176875118606,0.0322586368373393,0.0220824020542819,0.0999899660382537,0.0258636362537177,0.0749632197522059,0.0322586368373393,0.0262176875118606,0.0545213728963117,0.0220824020542819,0.041172338956928,0.0322586368373393,0.0545213728963117,0.0749632197522059,0.041172338956928,0.0220824020542819,0.0322586368373393,0.0322586368373393,0.0220824020542819,0.041172338956928,0.0545213728963117,0.041172338956928,0.0749632197522059,0.041172338956928,0.0999899660382537,0.0545213728963117,0.0545213728963117,0.0262176875118606,0.0322586368373393,0.078342403747824,0.041172338956928,0.0262176875118606,0.0545213728963117,0.041172338956928,0.0220824020542819,0.0322586368373393,0.041172338956928,0.041172338956928,0.041172338956928,0.041172338956928,0.041172338956928,0.0220824020542819,0.0545213728963117,0.0322586368373393,0.0545213728963117,0.053628690703256,0.0322586368373393,0.0262176875118606,0.0545213728963117,0.0545213728963117,0.041172338956928,0.0545213728963117,0.0262176875118606,0.1324090484624709,0.041172338956928,0.0749632197522059,0.04191314957563,0.0545213728963117,0.0749632197522059,0.0322586368373393,0.0749632197522059,0.0262176875118606,0.0322586368373393,0.041172338956928,0.0322586368373393,0.041172338956928,1.0,0.0545213728963117,0.041172338956928,0.041172338956928,0.0636715268145186,0.0545213728963117,0.0545213728963117,0.238224860376036,0.041172338956928,0.041172338956928,0.0545213728963117,0.041172338956928,0.0749632197522059,0.041172338956928,0.261364164595575,0.0322586368373393,0.107359912685637,0.0322586368373393,0.041172338956928,0.0220824020542819,0.0999899660382537,0.0262176875118606,0.0322586368373393,0.107359912685637,0.0322586368373393,0.0545213728963117,0.0262176875118606,0.0545213728963117,0.0322586368373393,0.041172338956928,0.0545213728963117,0.041172338956928,0.041172338956928,0.041172338956928,0.041172338956928,0.041172338956928,0.0322586368373393,0.0545213728963117,0.0262176875118606,0.0545213728963117,0.0262176875118606,0.107359912685637,0.0,0.0,0.0322586368373393,0.107359912685637,0.041172338956928,0.0545213728963117,0.0749632197522059,0.0322586368373393,0.0322586368373393,0.0545213728963117,0.041172338956928,0.0749632197522059,0.041172338956928,0.0,0.0545213728963117,0.041172338956928,0.0322586368373393,0.0,0.0545213728963117,0.0322586368373393,0.041172338956928,0.0749632197522059,0.0545213728963117,0.041172338956928,0.0545213728963117,0.0749632197522059,0.0322586368373393,0.0545213728963117,0.0322586368373393,0.0322586368373393,0.0322586368373393,0.0749632197522059,0.107359912685637,0.0322586368373393,0.041172338956928,0.0545213728963117,0.0322586368373393,0.041172338956928,0.0322586368373393,0.0545213728963117,0.0262176875118606,0.041172338956928,0.0322586368373393,0.041172338956928,0.0545213728963117,0.0,0.0636715268145186,0.0322586368373393,0.0545213728963117,0.041172338956928,0.0262176875118606,0.041172338956928,0.041172338956928,0.0220824020542819,0.041172338956928,0.0192321645820291,0.078342403747824,0.0322586368373393,0.0322586368373393,0.0545213728963117,0.0467066854134993,0.053628690703256,0.0749632197522059,0.0322586368373393,0.0545213728963117,0.0545213728963117,0.0545213728963117,0.0545213728963117,0.0,0.0545213728963117,0.0,0.0322586368373393,0.0262176875118606,0.0999899660382537,0.238224860376036,0.0,0.041172338956928,0.0262176875118606,0.0999899660382537,0.0,0.041172338956928,0.0999899660382537,0.041172338956928,0.041172338956928,0.0545213728963117,0.0545213728963117,0.0322586368373393
Osmotic diarrhea,0.0714299464323527,0.1734727270499989,0.3192481279323519,0.274166873716867,0.386967653528542,0.3192481279323519,0.0545213728963117,0.0714299464323527,0.148976520421494,0.386967653528542,0.0865818037575277,0.0613432731147329,0.21027009483971,0.147105639620399,0.148976520421494,0.0545213728963117,0.386967653528542,0.0714299464323527,0.0865818037575277,0.147105639620399,0.148976520421494,0.148976520421494,0.3192481279323519,0.1324090484624709,0.274166873716867,0.0498579928542293,0.0714299464323527,0.117967217290509,0.491151693334087,0.274166873716867,0.1324090484624709,0.386967653528542,0.1210836969317,0.1734727270499989,0.148976520421494,0.0865818037575277,0.1098923880062569,0.1734727270499989,0.222834702756658,0.148976520421494,0.148976520421494,0.1210836969317,0.1734727270499989,0.21027009483971,0.1734727270499989,0.1098923880062569,0.3192481279323519,0.0714299464323527,0.0865818037575277,0.21027009483971,0.1324090484624709,0.148976520421494,0.0613432731147329,0.1734727270499989,0.1324090484624709,0.386967653528542,0.1734727270499989,0.1210836969317,0.148976520421494,0.1734727270499989,0.1734727270499989,0.1734727270499989,0.1734727270499989,0.1734727270499989,0.1210836969317,0.21027009483971,0.148976520421494,0.0865818037575277,0.0498579928542293,0.0613432731147329,0.1324090484624709,0.386967653528542,0.386967653528542,0.1734727270499989,0.386967653528542,0.1324090484624709,0.0865818037575277,0.1734727270499989,0.491151693334087,0.0444245555713213,0.0865818037575277,0.81153766419781,0.148976520421494,0.1098923880062569,0.1324090484624709,0.148976520421494,0.1734727270499989,0.148976520421494,0.3192481279323519,0.0545213728963117,1.0,0.3192481279323519,0.3192481279323519,0.0545213728963117,0.0865818037575277,0.21027009483971,0.0613432731147329,0.1734727270499989,0.1734727270499989,0.21027009483971,0.3192481279323519,0.491151693334087,0.3192481279323519,0.32866873393231,0.148976520421494,0.147105639620399,0.148976520421494,0.3192481279323519,0.222834702756658,0.0714299464323527,0.1324090484624709,0.148976520421494,0.357256553363825,0.274166873716867,0.0865818037575277,0.1324090484624709,0.0865818037575277,0.274166873716867,0.1734727270499989,0.21027009483971,0.3192481279323519,0.1734727270499989,0.0714299464323527,0.3192481279323519,0.0714299464323527,0.148976520421494,0.21027009483971,0.0545213728963117,0.21027009483971,0.0545213728963117,0.147105639620399,0.0,0.0,0.274166873716867,0.147105639620399,0.1734727270499989,0.0865818037575277,0.491151693334087,0.274166873716867,0.148976520421494,0.21027009483971,0.3192481279323519,0.1098923880062569,0.3192481279323519,0.0,0.0865818037575277,0.3192481279323519,0.148976520421494,0.0,0.21027009483971,0.148976520421494,0.0714299464323527,0.1098923880062569,0.21027009483971,0.1734727270499989,0.21027009483971,0.1098923880062569,0.148976520421494,0.0865818037575277,0.148976520421494,0.148976520421494,0.148976520421494,0.491151693334087,0.147105639620399,0.148976520421494,0.0714299464323527,0.0865818037575277,0.148976520421494,0.1734727270499989,0.274166873716867,0.0865818037575277,0.1324090484624709,0.3192481279323519,0.148976520421494,0.1734727270499989,0.0865818037575277,0.0,0.0545213728963117,0.148976520421494,0.21027009483971,0.1734727270499989,0.1324090484624709,0.1734727270499989,0.1734727270499989,0.1210836969317,0.1734727270499989,0.113285175146291,0.0613432731147329,0.148976520421494,0.148976520421494,0.0865818037575277,0.0466468368249435,0.0498579928542293,0.266881513729481,0.274166873716867,0.386967653528542,0.21027009483971,0.21027009483971,0.21027009483971,0.0,0.21027009483971,0.0,0.148976520421494,0.0545213728963117,0.0714299464323527,0.0613432731147329,0.0,0.1734727270499989,0.1324090484624709,0.0714299464323527,0.0,0.1734727270499989,0.0714299464323527,0.1734727270499989,0.1734727270499989,0.0865818037575277,0.21027009483971,0.274166873716867
Reflux esophagitis,0.0571439257166366,0.138778105311832,0.255398361876396,0.212831890191799,0.3192481279323519,0.255398361876396,0.041172338956928,0.0571439257166366,0.115648378688694,0.3192481279323519,0.0714299464323527,0.0476199206365212,0.1734727270499989,0.128249502550101,0.115648378688694,0.041172338956928,0.3192481279323519,0.0571439257166366,0.0714299464323527,0.128249502550101,0.115648378688694,0.115648378688694,0.255398361876396,0.0999899660382537,0.212831890191799,0.0367619429090039,0.0571439257166366,0.0921133696066727,0.4172632563475379,0.212831890191799,0.0999899660382537,0.3192481279323519,0.0892790042075809,0.138778105311832,0.115648378688694,0.0714299464323527,0.0933602719681705,0.138778105311832,0.164303377491262,0.115648378688694,0.115648378688694,0.0892790042075809,0.138778105311832,0.1734727270499989,0.138778105311832,0.0933602719681705,0.255398361876396,0.0571439257166366,0.0714299464323527,0.1734727270499989,0.0999899660382537,0.115648378688694,0.0476199206365212,0.138778105311832,0.0999899660382537,0.3192481279323519,0.138778105311832,0.0892790042075809,0.115648378688694,0.138778105311832,0.138778105311832,0.138778105311832,0.138778105311832,0.138778105311832,0.0892790042075809,0.1734727270499989,0.115648378688694,0.0714299464323527,0.0367619429090039,0.0476199206365212,0.0999899660382537,0.527498700621427,0.527498700621427,0.138778105311832,0.3192481279323519,0.0999899660382537,0.0714299464323527,0.138778105311832,0.4172632563475379,0.0316202950567523,0.0714299464323527,0.4172632563475379,0.115648378688694,0.0933602719681705,0.0999899660382537,0.115648378688694,0.138778105311832,0.115648378688694,0.255398361876396,0.041172338956928,0.3192481279323519,1.0,0.255398361876396,0.041172338956928,0.0714299464323527,0.1734727270499989,0.0476199206365212,0.138778105311832,0.138778105311832,0.1734727270499989,0.255398361876396,0.4172632563475379,0.255398361876396,0.296376456737466,0.115648378688694,0.128249502550101,0.115648378688694,0.255398361876396,0.164303377491262,0.0571439257166366,0.0999899660382537,0.115648378688694,0.311463077621673,0.212831890191799,0.0714299464323527,0.0999899660382537,0.0714299464323527,0.212831890191799,0.138778105311832,0.1734727270499989,0.659999251998354,0.138778105311832,0.0571439257166366,0.255398361876396,0.0571439257166366,0.115648378688694,0.1734727270499989,0.041172338956928,0.1734727270499989,0.041172338956928,0.128249502550101,0.0,0.0,0.212831890191799,0.128249502550101,0.138778105311832,0.0714299464323527,0.4172632563475379,0.212831890191799,0.115648378688694,0.1734727270499989,0.255398361876396,0.0933602719681705,0.255398361876396,0.0,0.0714299464323527,0.255398361876396,0.115648378688694,0.0,0.1734727270499989,0.115648378688694,0.0571439257166366,0.0933602719681705,0.1734727270499989,0.138778105311832,0.1734727270499989,0.0933602719681705,0.115648378688694,0.0714299464323527,0.115648378688694,0.115648378688694,0.115648378688694,0.4172632563475379,0.128249502550101,0.115648378688694,0.0571439257166366,0.0714299464323527,0.115648378688694,0.138778105311832,0.212831890191799,0.0714299464323527,0.0999899660382537,0.255398361876396,0.115648378688694,0.138778105311832,0.0714299464323527,0.0,0.041172338956928,0.115648378688694,0.1734727270499989,0.138778105311832,0.0999899660382537,0.138778105311832,0.138778105311832,0.0892790042075809,0.138778105311832,0.0819002213950383,0.0476199206365212,0.115648378688694,0.115648378688694,0.0714299464323527,0.0337236205744276,0.0367619429090039,0.226732089065557,0.212831890191799,0.3192481279323519,0.1734727270499989,0.1734727270499989,0.1734727270499989,0.0,0.1734727270499989,0.0,0.115648378688694,0.041172338956928,0.0571439257166366,0.0476199206365212,0.0,0.138778105311832,0.0999899660382537,0.0571439257166366,0.0,0.138778105311832,0.0571439257166366,0.138778105311832,0.138778105311832,0.0714299464323527,0.1734727270499989,0.212831890191799
Inactive Crohn's Disease,0.0571439257166366,0.138778105311832,1.0,0.549999174998487,0.527498700621427,0.255398361876396,0.041172338956928,0.0571439257166366,0.115648378688694,0.527498700621427,0.0714299464323527,0.0476199206365212,0.1734727270499989,0.128249502550101,0.115648378688694,0.041172338956928,0.8249995187486758,0.0571439257166366,0.0714299464323527,0.128249502550101,0.115648378688694,0.115648378688694,0.659999251998354,0.0999899660382537,0.212831890191799,0.0367619429090039,0.0571439257166366,0.0921133696066727,0.4172632563475379,0.212831890191799,0.0999899660382537,0.527498700621427,0.0892790042075809,0.138778105311832,0.115648378688694,0.0714299464323527,0.0933602719681705,0.138778105311832,0.164303377491262,0.115648378688694,0.115648378688694,0.0892790042075809,0.138778105311832,0.1734727270499989,0.138778105311832,0.0933602719681705,0.255398361876396,0.0571439257166366,0.0714299464323527,0.1734727270499989,0.0999899660382537,0.115648378688694,0.0476199206365212,0.138778105311832,0.0999899660382537,0.3192481279323519,0.138778105311832,0.0892790042075809,0.115648378688694,0.138778105311832,0.138778105311832,0.138778105311832,0.138778105311832,0.138778105311832,0.0892790042075809,0.1734727270499989,0.115648378688694,0.0714299464323527,0.0367619429090039,0.0476199206365212,0.0999899660382537,0.3192481279323519,0.3192481279323519,0.138778105311832,0.3192481279323519,0.0999899660382537,0.0714299464323527,0.138778105311832,0.4172632563475379,0.0316202950567523,0.0714299464323527,0.4172632563475379,0.115648378688694,0.0933602719681705,0.0999899660382537,0.115648378688694,0.138778105311832,0.115648378688694,0.255398361876396,0.041172338956928,0.3192481279323519,0.255398361876396,1.0,0.041172338956928,0.0714299464323527,0.1734727270499989,0.0476199206365212,0.138778105311832,0.138778105311832,0.1734727270499989,0.421998728397202,0.4172632563475379,0.421998728397202,0.296376456737466,0.115648378688694,0.128249502550101,0.115648378688694,0.255398361876396,0.164303377491262,0.0571439257166366,0.0999899660382537,0.115648378688694,0.311463077621673,0.549999174998487,0.0714299464323527,0.0999899660382537,0.0714299464323527,0.212831890191799,0.138778105311832,0.1734727270499989,0.255398361876396,0.138778105311832,0.0571439257166366,0.255398361876396,0.0571439257166366,0.115648378688694,0.1734727270499989,0.041172338956928,0.1734727270499989,0.041172338956928,0.128249502550101,0.0,0.0,0.212831890191799,0.128249502550101,0.138778105311832,0.0714299464323527,0.4172632563475379,0.212831890191799,0.115648378688694,0.1734727270499989,0.255398361876396,0.0933602719681705,0.421998728397202,0.0,0.0714299464323527,0.255398361876396,0.115648378688694,0.0,0.1734727270499989,0.115648378688694,0.0571439257166366,0.0933602719681705,0.1734727270499989,0.138778105311832,0.1734727270499989,0.0933602719681705,0.115648378688694,0.0714299464323527,0.115648378688694,0.115648378688694,0.115648378688694,0.4172632563475379,0.128249502550101,0.115648378688694,0.0571439257166366,0.0714299464323527,0.115648378688694,0.138778105311832,0.212831890191799,0.0714299464323527,0.0999899660382537,0.421998728397202,0.115648378688694,0.138778105311832,0.0714299464323527,0.0,0.041172338956928,0.115648378688694,0.1734727270499989,0.138778105311832,0.0999899660382537,0.138778105311832,0.138778105311832,0.0892790042075809,0.138778105311832,0.0819002213950383,0.0476199206365212,0.115648378688694,0.115648378688694,0.0714299464323527,0.0337236205744276,0.0367619429090039,0.226732089065557,0.351665478053376,0.3192481279323519,0.1734727270499989,0.1734727270499989,0.1734727270499989,0.0,0.1734727270499989,0.0,0.115648378688694,0.041172338956928,0.0571439257166366,0.0476199206365212,0.0,0.138778105311832,0.0999899660382537,0.0571439257166366,0.0,0.138778105311832,0.0571439257166366,0.138778105311832,0.138778105311832,0.0714299464323527,0.1734727270499989,0.549999174998487
Endometrial cancer,0.041172338956928,0.041172338956928,0.041172338956928,0.0322586368373393,0.0545213728963117,0.041172338956928,0.0262176875118606,0.041172338956928,0.0322586368373393,0.0545213728963117,0.0545213728963117,0.238224860376036,0.0545213728963117,0.107359912685637,0.0322586368373393,0.19361341827272,0.0545213728963117,0.041172338956928,0.0545213728963117,0.107359912685637,0.0322586368373393,0.0322586368373393,0.041172338956928,0.0262176875118606,0.0322586368373393,0.0220824020542819,0.304051121218363,0.0258636362537177,0.0749632197522059,0.0322586368373393,0.0262176875118606,0.0545213728963117,0.0220824020542819,0.041172338956928,0.0322586368373393,0.0545213728963117,0.0749632197522059,0.041172338956928,0.0220824020542819,0.0322586368373393,0.0322586368373393,0.0220824020542819,0.041172338956928,0.0545213728963117,0.041172338956928,0.0749632197522059,0.041172338956928,0.304051121218363,0.0545213728963117,0.0545213728963117,0.0262176875118606,0.0322586368373393,0.5645155881887141,0.041172338956928,0.0262176875118606,0.0545213728963117,0.041172338956928,0.0220824020542819,0.0322586368373393,0.041172338956928,0.041172338956928,0.041172338956928,0.041172338956928,0.041172338956928,0.0220824020542819,0.0545213728963117,0.0322586368373393,0.0545213728963117,0.163074998260921,0.0322586368373393,0.0262176875118606,0.0545213728963117,0.0545213728963117,0.041172338956928,0.0545213728963117,0.0262176875118606,0.402631596345066,0.041172338956928,0.0749632197522059,0.127450189525895,0.0545213728963117,0.0749632197522059,0.0322586368373393,0.0749632197522059,0.0262176875118606,0.0322586368373393,0.041172338956928,0.0322586368373393,0.041172338956928,0.0636715268145186,0.0545213728963117,0.041172338956928,0.041172338956928,1.0,0.0545213728963117,0.0545213728963117,0.078342403747824,0.041172338956928,0.041172338956928,0.0545213728963117,0.041172338956928,0.0749632197522059,0.041172338956928,0.261364164595575,0.0322586368373393,0.107359912685637,0.0322586368373393,0.041172338956928,0.0220824020542819,0.304051121218363,0.0262176875118606,0.0322586368373393,0.107359912685637,0.0322586368373393,0.0545213728963117,0.0262176875118606,0.0545213728963117,0.0322586368373393,0.041172338956928,0.0545213728963117,0.041172338956928,0.041172338956928,0.041172338956928,0.041172338956928,0.041172338956928,0.0322586368373393,0.0545213728963117,0.0262176875118606,0.0545213728963117,0.0262176875118606,0.107359912685637,0.0,0.0,0.0322586368373393,0.107359912685637,0.041172338956928,0.0545213728963117,0.0749632197522059,0.0322586368373393,0.0322586368373393,0.0545213728963117,0.041172338956928,0.0749632197522059,0.041172338956928,0.0,0.0545213728963117,0.041172338956928,0.0322586368373393,0.0,0.0545213728963117,0.0322586368373393,0.041172338956928,0.0749632197522059,0.0545213728963117,0.041172338956928,0.0545213728963117,0.0749632197522059,0.0322586368373393,0.0545213728963117,0.0322586368373393,0.0322586368373393,0.0322586368373393,0.0749632197522059,0.107359912685637,0.0322586368373393,0.041172338956928,0.0545213728963117,0.0322586368373393,0.041172338956928,0.0322586368373393,0.0545213728963117,0.0262176875118606,0.041172338956928,0.0322586368373393,0.041172338956928,0.0545213728963117,0.0,0.19361341827272,0.0322586368373393,0.0545213728963117,0.041172338956928,0.0262176875118606,0.041172338956928,0.041172338956928,0.0220824020542819,0.041172338956928,0.0192321645820291,0.3725798659459621,0.0322586368373393,0.0322586368373393,0.0545213728963117,0.142026451563498,0.163074998260921,0.0749632197522059,0.0322586368373393,0.0545213728963117,0.0545213728963117,0.0545213728963117,0.0545213728963117,0.0,0.0545213728963117,0.0,0.0322586368373393,0.0262176875118606,0.304051121218363,0.078342403747824,0.0,0.041172338956928,0.0262176875118606,0.304051121218363,0.0,0.041172338956928,0.304051121218363,0.041172338956928,0.041172338956928,0.0545213728963117,0.0545213728963117,0.0322586368373393
Infantile eczema,0.0714299464323527,0.0714299464323527,0.0714299464323527,0.0613432731147329,0.0865818037575277,0.0714299464323527,0.0545213728963117,0.0714299464323527,0.0613432731147329,0.0865818037575277,0.386967653528542,0.0613432731147329,0.0865818037575277,0.147105639620399,0.0613432731147329,0.0545213728963117,0.0865818037575277,0.0714299464323527,0.0865818037575277,0.147105639620399,0.0613432731147329,0.0613432731147329,0.0714299464323527,0.0545213728963117,0.0613432731147329,0.0498579928542293,0.0714299464323527,0.0485747365313862,0.1098923880062569,0.0613432731147329,0.0545213728963117,0.0865818037575277,0.0498579928542293,0.0714299464323527,0.0613432731147329,1.0,0.491151693334087,0.0714299464323527,0.0498579928542293,0.0613432731147329,0.0613432731147329,0.0498579928542293,0.0714299464323527,0.0865818037575277,0.0714299464323527,0.491151693334087,0.0714299464323527,0.0714299464323527,0.21027009483971,0.0865818037575277,0.0545213728963117,0.0613432731147329,0.0613432731147329,0.0714299464323527,0.0545213728963117,0.0865818037575277,0.0714299464323527,0.0498579928542293,0.0613432731147329,0.0714299464323527,0.0714299464323527,0.0714299464323527,0.0714299464323527,0.0714299464323527,0.0498579928542293,0.0865818037575277,0.0613432731147329,0.21027009483971,0.0498579928542293,0.0613432731147329,0.0545213728963117,0.0865818037575277,0.0865818037575277,0.0714299464323527,0.0865818037575277,0.0545213728963117,0.0865818037575277,0.0714299464323527,0.1098923880062569,0.0444245555713213,0.21027009483971,0.1098923880062569,0.0613432731147329,0.1098923880062569,0.0545213728963117,0.0613432731147329,0.0714299464323527,0.0613432731147329,0.0714299464323527,0.0545213728963117,0.0865818037575277,0.0714299464323527,0.0714299464323527,0.0545213728963117,1.0,0.0865818037575277,0.0613432731147329,0.0714299464323527,0.0714299464323527,0.0865818037575277,0.0714299464323527,0.1098923880062569,0.0714299464323527,0.32866873393231,0.0613432731147329,0.147105639620399,0.0613432731147329,0.0714299464323527,0.0498579928542293,0.0714299464323527,0.0545213728963117,0.0613432731147329,0.147105639620399,0.0613432731147329,0.21027009483971,0.0545213728963117,0.0865818037575277,0.0613432731147329,0.0714299464323527,0.0865818037575277,0.0714299464323527,0.0714299464323527,0.1734727270499989,0.0714299464323527,0.0714299464323527,0.0613432731147329,0.0865818037575277,0.0545213728963117,0.0865818037575277,0.0545213728963117,0.147105639620399,0.0,0.0,0.0613432731147329,0.147105639620399,0.0714299464323527,0.0865818037575277,0.1098923880062569,0.0613432731147329,0.0613432731147329,0.0865818037575277,0.0714299464323527,0.491151693334087,0.0714299464323527,0.0,0.0865818037575277,0.0714299464323527,0.0613432731147329,0.0,0.0865818037575277,0.0613432731147329,0.1734727270499989,0.491151693334087,0.0865818037575277,0.0714299464323527,0.0865818037575277,0.1098923880062569,0.0613432731147329,0.0865818037575277,0.0613432731147329,0.0613432731147329,0.0613432731147329,0.1098923880062569,0.147105639620399,0.0613432731147329,0.0714299464323527,0.21027009483971,0.0613432731147329,0.0714299464323527,0.0613432731147329,0.0865818037575277,0.0545213728963117,0.0714299464323527,0.0613432731147329,0.0714299464323527,0.0865818037575277,0.0,0.0545213728963117,0.0613432731147329,0.0865818037575277,0.0714299464323527,0.0545213728963117,0.0714299464323527,0.0714299464323527,0.0498579928542293,0.0714299464323527,0.0466468368249435,0.0613432731147329,0.0613432731147329,0.0613432731147329,0.0865818037575277,0.0466468368249435,0.0498579928542293,0.1098923880062569,0.0613432731147329,0.0865818037575277,0.0865818037575277,0.0865818037575277,0.0865818037575277,0.0,0.0865818037575277,0.0,0.0613432731147329,0.0545213728963117,0.0714299464323527,0.0613432731147329,0.0,0.0714299464323527,0.0545213728963117,0.0714299464323527,0.0,0.0714299464323527,0.0714299464323527,0.0714299464323527,0.0714299464323527,0.0865818037575277,0.0865818037575277,0.0613432731147329
Granulomatous mastitis,0.0714299464323527,0.1734727270499989,0.1734727270499989,0.148976520421494,0.21027009483971,0.1734727270499989,0.0545213728963117,0.0714299464323527,0.148976520421494,0.21027009483971,0.0865818037575277,0.0613432731147329,0.21027009483971,0.147105639620399,0.148976520421494,0.0545213728963117,0.21027009483971,0.0714299464323527,0.0865818037575277,0.147105639620399,0.148976520421494,0.148976520421494,0.1734727270499989,0.1324090484624709,0.148976520421494,0.0498579928542293,0.0714299464323527,0.117967217290509,0.266881513729481,0.148976520421494,0.1324090484624709,0.21027009483971,0.1210836969317,0.1734727270499989,0.148976520421494,0.0865818037575277,0.1098923880062569,0.1734727270499989,0.1210836969317,0.148976520421494,0.148976520421494,0.1210836969317,0.1734727270499989,0.21027009483971,0.1734727270499989,0.1098923880062569,0.1734727270499989,0.0714299464323527,0.0865818037575277,0.21027009483971,0.1324090484624709,0.148976520421494,0.0613432731147329,0.1734727270499989,0.1324090484624709,0.21027009483971,0.1734727270499989,0.1210836969317,0.148976520421494,0.1734727270499989,0.1734727270499989,0.1734727270499989,0.1734727270499989,0.1734727270499989,0.1210836969317,0.21027009483971,0.148976520421494,0.0865818037575277,0.0498579928542293,0.0613432731147329,0.1324090484624709,0.21027009483971,0.21027009483971,0.1734727270499989,0.21027009483971,0.1324090484624709,0.0865818037575277,0.1734727270499989,0.266881513729481,0.0444245555713213,0.0865818037575277,0.266881513729481,0.148976520421494,0.1098923880062569,0.1324090484624709,0.148976520421494,0.1734727270499989,0.148976520421494,0.1734727270499989,0.0545213728963117,0.21027009483971,0.1734727270499989,0.1734727270499989,0.0545213728963117,0.0865818037575277,1.0,0.0613432731147329,0.1734727270499989,0.1734727270499989,0.21027009483971,0.1734727270499989,0.266881513729481,0.1734727270499989,0.32866873393231,0.148976520421494,0.147105639620399,0.148976520421494,0.1734727270499989,0.1210836969317,0.0714299464323527,0.1324090484624709,0.148976520421494,0.357256553363825,0.148976520421494,0.0865818037575277,0.1324090484624709,0.0865818037575277,0.148976520421494,0.1734727270499989,0.21027009483971,0.1734727270499989,0.1734727270499989,0.0714299464323527,0.1734727270499989,0.0714299464323527,0.148976520421494,0.21027009483971,0.0545213728963117,0.21027009483971,0.0545213728963117,0.147105639620399,0.0,0.0,0.148976520421494,0.147105639620399,0.1734727270499989,0.0865818037575277,0.266881513729481,0.148976520421494,0.148976520421494,0.21027009483971,0.1734727270499989,0.1098923880062569,0.1734727270499989,0.0,0.0865818037575277,0.1734727270499989,0.148976520421494,0.0,0.21027009483971,0.148976520421494,0.0714299464323527,0.1098923880062569,0.21027009483971,0.1734727270499989,0.21027009483971,0.1098923880062569,0.148976520421494,0.0865818037575277,0.148976520421494,0.148976520421494,0.148976520421494,0.266881513729481,0.147105639620399,0.148976520421494,0.0714299464323527,0.0865818037575277,0.148976520421494,0.1734727270499989,0.148976520421494,0.0865818037575277,0.1324090484624709,0.1734727270499989,0.148976520421494,0.1734727270499989,0.0865818037575277,0.0,0.0545213728963117,0.148976520421494,0.21027009483971,0.1734727270499989,0.1324090484624709,0.1734727270499989,0.1734727270499989,0.1210836969317,0.1734727270499989,0.113285175146291,0.0613432731147329,0.148976520421494,0.148976520421494,0.0865818037575277,0.0466468368249435,0.0498579928542293,0.266881513729481,0.148976520421494,0.21027009483971,0.21027009483971,0.21027009483971,0.21027009483971,0.0,0.21027009483971,0.0,0.148976520421494,0.0545213728963117,0.0714299464323527,0.0613432731147329,0.0,0.1734727270499989,0.1324090484624709,0.0714299464323527,0.0,0.1734727270499989,0.0714299464323527,0.1734727270499989,0.1734727270499989,0.0865818037575277,0.21027009483971,0.148976520421494
severe skin and soft tissue infection,0.0476199206365212,0.0476199206365212,0.0476199206365212,0.0384622300306098,0.0613432731147329,0.0476199206365212,0.0322586368373393,0.0476199206365212,0.0384622300306098,0.0613432731147329,0.0613432731147329,0.093408272931481,0.0613432731147329,0.115768709113422,0.0384622300306098,0.078342403747824,0.0613432731147329,0.0476199206365212,0.0613432731147329,0.115768709113422,0.0384622300306098,0.0384622300306098,0.0476199206365212,0.0322586368373393,0.0384622300306098,0.0280132767810044,0.115648378688694,0.0307553435412837,0.0823790970344355,0.0384622300306098,0.0322586368373393,0.0613432731147329,0.0280132767810044,0.0476199206365212,0.0384622300306098,0.0613432731147329,0.0823790970344355,0.0476199206365212,0.0280132767810044,0.0384622300306098,0.0384622300306098,0.0280132767810044,0.0476199206365212,0.0613432731147329,0.0476199206365212,0.0823790970344355,0.0476199206365212,0.115648378688694,0.0613432731147329,0.0613432731147329,0.0322586368373393,0.0384622300306098,0.093408272931481,0.0476199206365212,0.0322586368373393,0.0613432731147329,0.0476199206365212,0.0280132767810044,0.0384622300306098,0.0476199206365212,0.0476199206365212,0.0476199206365212,0.0476199206365212,0.0476199206365212,0.0280132767810044,0.0613432731147329,0.0384622300306098,0.0613432731147329,0.0680322436110106,0.0384622300306098,0.0322586368373393,0.0613432731147329,0.0613432731147329,0.0476199206365212,0.0613432731147329,0.0322586368373393,0.148976520421494,0.0476199206365212,0.0823790970344355,0.0560080001931739,0.0613432731147329,0.0823790970344355,0.0384622300306098,0.0823790970344355,0.0322586368373393,0.0384622300306098,0.0476199206365212,0.0384622300306098,0.0476199206365212,0.238224860376036,0.0613432731147329,0.0476199206365212,0.0476199206365212,0.078342403747824,0.0613432731147329,0.0613432731147329,1.0,0.0476199206365212,0.0476199206365212,0.0613432731147329,0.0476199206365212,0.0823790970344355,0.0476199206365212,0.275363104390711,0.0384622300306098,0.115768709113422,0.0384622300306098,0.0476199206365212,0.0280132767810044,0.115648378688694,0.0322586368373393,0.0384622300306098,0.115768709113422,0.0384622300306098,0.0613432731147329,0.0322586368373393,0.0613432731147329,0.0384622300306098,0.0476199206365212,0.0613432731147329,0.0476199206365212,0.0476199206365212,0.0476199206365212,0.0476199206365212,0.0476199206365212,0.0384622300306098,0.0613432731147329,0.0322586368373393,0.0613432731147329,0.0322586368373393,0.115768709113422,0.0,0.0,0.0384622300306098,0.115768709113422,0.0476199206365212,0.0613432731147329,0.0823790970344355,0.0384622300306098,0.0384622300306098,0.0613432731147329,0.0476199206365212,0.0823790970344355,0.0476199206365212,0.0,0.0613432731147329,0.0476199206365212,0.0384622300306098,0.0,0.0613432731147329,0.0384622300306098,0.0476199206365212,0.0823790970344355,0.0613432731147329,0.0476199206365212,0.0613432731147329,0.0823790970344355,0.0384622300306098,0.0613432731147329,0.0384622300306098,0.0384622300306098,0.0384622300306098,0.0823790970344355,0.115768709113422,0.0384622300306098,0.0476199206365212,0.0613432731147329,0.0384622300306098,0.0476199206365212,0.0384622300306098,0.0613432731147329,0.0322586368373393,0.0476199206365212,0.0384622300306098,0.0476199206365212,0.0613432731147329,0.0,0.078342403747824,0.0384622300306098,0.0613432731147329,0.0476199206365212,0.0322586368373393,0.0476199206365212,0.0476199206365212,0.0280132767810044,0.0476199206365212,0.0250877674831517,0.093408272931481,0.0384622300306098,0.0384622300306098,0.0613432731147329,0.0609274353162256,0.0680322436110106,0.0823790970344355,0.0384622300306098,0.0613432731147329,0.0613432731147329,0.0613432731147329,0.0613432731147329,0.0,0.0613432731147329,0.0,0.0384622300306098,0.0322586368373393,0.115648378688694,0.284037401363075,0.0,0.0476199206365212,0.0322586368373393,0.115648378688694,0.0,0.0476199206365212,0.115648378688694,0.0476199206365212,0.0476199206365212,0.0613432731147329,0.0613432731147329,0.0384622300306098
Coronary Heart Disease,0.0571439257166366,0.138778105311832,0.138778105311832,0.115648378688694,0.1734727270499989,0.138778105311832,0.041172338956928,0.0571439257166366,0.115648378688694,0.1734727270499989,0.0714299464323527,0.0476199206365212,0.1734727270499989,0.128249502550101,0.115648378688694,0.041172338956928,0.1734727270499989,0.0571439257166366,0.0714299464323527,0.128249502550101,0.115648378688694,0.115648378688694,0.138778105311832,0.47553108355459,0.115648378688694,0.0367619429090039,0.0571439257166366,0.0921133696066727,0.226732089065557,0.115648378688694,0.0999899660382537,0.1734727270499989,0.0892790042075809,0.138778105311832,0.115648378688694,0.0714299464323527,0.0933602719681705,0.138778105311832,0.0892790042075809,0.549999174998487,0.115648378688694,0.0892790042075809,0.421998728397202,0.1734727270499989,0.138778105311832,0.0933602719681705,0.138778105311832,0.0571439257166366,0.0714299464323527,0.1734727270499989,0.0999899660382537,0.115648378688694,0.0476199206365212,0.138778105311832,0.0999899660382537,0.1734727270499989,0.138778105311832,0.0892790042075809,0.115648378688694,0.138778105311832,0.255398361876396,0.138778105311832,0.138778105311832,1.0,0.0892790042075809,0.1734727270499989,0.115648378688694,0.0714299464323527,0.0367619429090039,0.0476199206365212,0.0999899660382537,0.1734727270499989,0.1734727270499989,0.138778105311832,0.1734727270499989,0.0999899660382537,0.0714299464323527,0.659999251998354,0.226732089065557,0.0316202950567523,0.0714299464323527,0.226732089065557,0.115648378688694,0.0933602719681705,0.0999899660382537,0.115648378688694,0.138778105311832,0.351665478053376,0.138778105311832,0.041172338956928,0.1734727270499989,0.138778105311832,0.138778105311832,0.041172338956928,0.0714299464323527,0.1734727270499989,0.0476199206365212,1.0,0.138778105311832,0.1734727270499989,0.138778105311832,0.226732089065557,0.138778105311832,0.296376456737466,0.115648378688694,0.128249502550101,0.115648378688694,0.138778105311832,0.0892790042075809,0.0571439257166366,0.0999899660382537,0.115648378688694,0.573196756295348,0.115648378688694,0.0714299464323527,0.0999899660382537,0.0714299464323527,0.115648378688694,0.138778105311832,0.1734727270499989,0.138778105311832,0.138778105311832,0.0571439257166366,0.138778105311832,0.0571439257166366,0.115648378688694,0.1734727270499989,0.041172338956928,0.1734727270499989,0.041172338956928,0.128249502550101,0.0,0.0,0.115648378688694,0.128249502550101,0.138778105311832,0.0714299464323527,0.226732089065557,0.115648378688694,0.115648378688694,0.1734727270499989,0.138778105311832,0.0933602719681705,0.138778105311832,0.0,0.0714299464323527,0.138778105311832,0.115648378688694,0.0,0.1734727270499989,0.115648378688694,0.0571439257166366,0.0933602719681705,0.1734727270499989,0.138778105311832,0.1734727270499989,0.0933602719681705,0.549999174998487,0.0714299464323527,0.549999174998487,0.115648378688694,0.115648378688694,0.226732089065557,0.128249502550101,0.115648378688694,0.0571439257166366,0.0714299464323527,0.115648378688694,0.138778105311832,0.115648378688694,0.0714299464323527,0.0999899660382537,0.138778105311832,0.115648378688694,0.138778105311832,0.0714299464323527,0.0,0.041172338956928,0.115648378688694,0.1734727270499989,0.138778105311832,0.0999899660382537,0.138778105311832,0.138778105311832,0.0892790042075809,0.421998728397202,0.0819002213950383,0.0476199206365212,0.115648378688694,0.115648378688694,0.0714299464323527,0.0337236205744276,0.0367619429090039,0.226732089065557,0.115648378688694,0.1734727270499989,0.1734727270499989,0.1734727270499989,0.1734727270499989,0.0,0.1734727270499989,0.0,0.115648378688694,0.041172338956928,0.0571439257166366,0.0476199206365212,0.0,0.138778105311832,0.0999899660382537,0.0571439257166366,0.0,0.138778105311832,0.0571439257166366,0.138778105311832,0.138778105311832,0.0714299464323527,0.1734727270499989,0.115648378688694
Acne,0.0571439257166366,0.138778105311832,0.138778105311832,0.115648378688694,0.1734727270499989,0.138778105311832,0.041172338956928,0.0571439257166366,0.115648378688694,0.1734727270499989,0.0714299464323527,0.0476199206365212,0.527498700621427,0.128249502550101,0.115648378688694,0.041172338956928,0.1734727270499989,0.0571439257166366,0.0714299464323527,0.128249502550101,0.115648378688694,0.115648378688694,0.138778105311832,0.0999899660382537,0.115648378688694,0.0367619429090039,0.0571439257166366,0.0921133696066727,0.226732089065557,0.115648378688694,0.304051121218363,0.1734727270499989,0.0892790042075809,0.138778105311832,0.115648378688694,0.0714299464323527,0.0933602719681705,0.138778105311832,0.0892790042075809,0.115648378688694,0.115648378688694,0.0892790042075809,0.138778105311832,0.1734727270499989,0.138778105311832,0.0933602719681705,0.138778105311832,0.0571439257166366,0.0714299464323527,0.1734727270499989,0.304051121218363,0.115648378688694,0.0476199206365212,0.138778105311832,0.0999899660382537,0.1734727270499989,0.421998728397202,0.0892790042075809,0.115648378688694,0.421998728397202,0.138778105311832,0.138778105311832,0.138778105311832,0.138778105311832,0.0892790042075809,0.1734727270499989,0.115648378688694,0.0714299464323527,0.0367619429090039,0.0476199206365212,0.0999899660382537,0.1734727270499989,0.1734727270499989,0.138778105311832,0.1734727270499989,0.0999899660382537,0.0714299464323527,0.138778105311832,0.226732089065557,0.0316202950567523,0.0714299464323527,0.226732089065557,0.115648378688694,0.0933602719681705,0.0999899660382537,0.115648378688694,0.138778105311832,0.115648378688694,0.138778105311832,0.041172338956928,0.1734727270499989,0.138778105311832,0.138778105311832,0.041172338956928,0.0714299464323527,0.1734727270499989,0.0476199206365212,0.138778105311832,1.0,0.1734727270499989,0.138778105311832,0.226732089065557,0.138778105311832,0.296376456737466,0.115648378688694,0.128249502550101,0.115648378688694,0.138778105311832,0.0892790042075809,0.0571439257166366,0.0999899660382537,0.115648378688694,0.311463077621673,0.115648378688694,0.0714299464323527,0.0999899660382537,0.0714299464323527,0.115648378688694,0.138778105311832,0.1734727270499989,0.138778105311832,0.138778105311832,0.0571439257166366,0.138778105311832,0.0571439257166366,0.115648378688694,0.1734727270499989,0.041172338956928,0.1734727270499989,0.041172338956928,0.128249502550101,0.0,0.0,0.115648378688694,0.128249502550101,0.138778105311832,0.0714299464323527,0.226732089065557,0.115648378688694,0.115648378688694,0.1734727270499989,0.138778105311832,0.0933602719681705,0.138778105311832,0.0,0.0714299464323527,0.138778105311832,0.115648378688694,0.0,0.1734727270499989,0.115648378688694,0.0571439257166366,0.0933602719681705,0.1734727270499989,0.138778105311832,0.1734727270499989,0.0933602719681705,0.115648378688694,0.0714299464323527,0.115648378688694,0.115648378688694,0.115648378688694,0.226732089065557,0.128249502550101,0.115648378688694,0.0571439257166366,0.0714299464323527,0.115648378688694,0.138778105311832,0.115648378688694,0.0714299464323527,0.0999899660382537,0.138778105311832,0.115648378688694,0.138778105311832,0.0714299464323527,0.0,0.041172338956928,0.115648378688694,0.1734727270499989,0.138778105311832,0.0999899660382537,0.138778105311832,0.138778105311832,0.0892790042075809,0.138778105311832,0.0819002213950383,0.0476199206365212,0.115648378688694,0.115648378688694,0.0714299464323527,0.0337236205744276,0.0367619429090039,0.226732089065557,0.115648378688694,0.1734727270499989,0.1734727270499989,0.1734727270499989,0.1734727270499989,0.0,0.1734727270499989,0.0,0.115648378688694,0.041172338956928,0.0571439257166366,0.0476199206365212,0.0,0.138778105311832,0.0999899660382537,0.0571439257166366,0.0,0.138778105311832,0.0571439257166366,0.138778105311832,0.138778105311832,0.0714299464323527,0.527498700621427,0.115648378688694
Vitiligo,0.0714299464323527,0.1734727270499989,0.1734727270499989,0.148976520421494,0.21027009483971,0.1734727270499989,0.0545213728963117,0.0714299464323527,0.148976520421494,0.21027009483971,0.0865818037575277,0.0613432731147329,0.21027009483971,0.147105639620399,0.148976520421494,0.0545213728963117,0.21027009483971,0.0714299464323527,0.0865818037575277,0.147105639620399,0.148976520421494,0.148976520421494,0.1734727270499989,0.1324090484624709,0.148976520421494,0.0498579928542293,0.0714299464323527,0.117967217290509,0.266881513729481,0.148976520421494,0.1324090484624709,0.21027009483971,0.222834702756658,0.527498700621427,0.148976520421494,0.0865818037575277,0.1098923880062569,0.1734727270499989,0.1210836969317,0.148976520421494,0.274166873716867,0.1210836969317,0.1734727270499989,0.639392737369731,0.527498700621427,0.1098923880062569,0.1734727270499989,0.0714299464323527,0.0865818037575277,0.21027009483971,0.1324090484624709,0.148976520421494,0.0613432731147329,0.1734727270499989,0.1324090484624709,0.21027009483971,0.1734727270499989,0.1210836969317,0.148976520421494,0.1734727270499989,0.1734727270499989,0.527498700621427,0.1734727270499989,0.1734727270499989,0.1210836969317,0.21027009483971,0.148976520421494,0.0865818037575277,0.0498579928542293,0.0613432731147329,0.1324090484624709,0.21027009483971,0.21027009483971,0.1734727270499989,0.21027009483971,0.1324090484624709,0.0865818037575277,0.1734727270499989,0.266881513729481,0.0444245555713213,0.0865818037575277,0.266881513729481,0.148976520421494,0.1098923880062569,0.1324090484624709,0.148976520421494,0.527498700621427,0.148976520421494,0.1734727270499989,0.0545213728963117,0.21027009483971,0.1734727270499989,0.1734727270499989,0.0545213728963117,0.0865818037575277,0.21027009483971,0.0613432731147329,0.1734727270499989,0.1734727270499989,1.0,0.1734727270499989,0.266881513729481,0.1734727270499989,0.32866873393231,0.148976520421494,0.147105639620399,0.148976520421494,0.1734727270499989,0.1210836969317,0.0714299464323527,0.1324090484624709,0.148976520421494,0.357256553363825,0.148976520421494,0.0865818037575277,0.1324090484624709,0.0865818037575277,0.148976520421494,0.1734727270499989,0.21027009483971,0.1734727270499989,0.1734727270499989,0.0714299464323527,0.1734727270499989,0.0714299464323527,0.274166873716867,0.21027009483971,0.0545213728963117,0.21027009483971,0.0545213728963117,0.147105639620399,0.0,0.0,0.148976520421494,0.147105639620399,0.1734727270499989,0.0865818037575277,0.266881513729481,0.148976520421494,0.148976520421494,0.21027009483971,0.1734727270499989,0.1098923880062569,0.1734727270499989,0.0,0.0865818037575277,0.1734727270499989,0.148976520421494,0.0,0.21027009483971,0.148976520421494,0.0714299464323527,0.1098923880062569,0.21027009483971,0.1734727270499989,0.21027009483971,0.1098923880062569,0.148976520421494,0.0865818037575277,0.148976520421494,0.453010235567401,0.148976520421494,0.266881513729481,0.147105639620399,0.274166873716867,0.0714299464323527,0.0865818037575277,0.148976520421494,0.1734727270499989,0.148976520421494,0.0865818037575277,0.1324090484624709,0.1734727270499989,0.453010235567401,0.1734727270499989,0.0865818037575277,0.0,0.0545213728963117,0.148976520421494,0.21027009483971,0.1734727270499989,0.1324090484624709,0.1734727270499989,0.1734727270499989,0.1210836969317,0.1734727270499989,0.113285175146291,0.0613432731147329,0.148976520421494,0.453010235567401,0.0865818037575277,0.0466468368249435,0.0498579928542293,0.266881513729481,0.148976520421494,0.21027009483971,0.21027009483971,0.21027009483971,0.21027009483971,0.0,0.639392737369731,0.0,0.148976520421494,0.0545213728963117,0.0714299464323527,0.0613432731147329,0.0,0.527498700621427,0.1324090484624709,0.0714299464323527,0.0,0.1734727270499989,0.0714299464323527,0.1734727270499989,0.527498700621427,0.0865818037575277,0.21027009483971,0.148976520421494
Appendicitis,0.0571439257166366,0.138778105311832,0.421998728397202,0.351665478053376,0.527498700621427,0.255398361876396,0.041172338956928,0.0571439257166366,0.115648378688694,0.527498700621427,0.0714299464323527,0.0476199206365212,0.1734727270499989,0.128249502550101,0.115648378688694,0.041172338956928,0.527498700621427,0.0571439257166366,0.0714299464323527,0.128249502550101,0.115648378688694,0.115648378688694,0.421998728397202,0.0999899660382537,0.212831890191799,0.0367619429090039,0.0571439257166366,0.0921133696066727,0.4172632563475379,0.212831890191799,0.0999899660382537,0.527498700621427,0.0892790042075809,0.138778105311832,0.115648378688694,0.0714299464323527,0.0933602719681705,0.138778105311832,0.164303377491262,0.115648378688694,0.115648378688694,0.0892790042075809,0.138778105311832,0.1734727270499989,0.138778105311832,0.0933602719681705,0.255398361876396,0.0571439257166366,0.0714299464323527,0.1734727270499989,0.0999899660382537,0.115648378688694,0.0476199206365212,0.138778105311832,0.0999899660382537,0.3192481279323519,0.138778105311832,0.0892790042075809,0.115648378688694,0.138778105311832,0.138778105311832,0.138778105311832,0.138778105311832,0.138778105311832,0.0892790042075809,0.1734727270499989,0.115648378688694,0.0714299464323527,0.0367619429090039,0.0476199206365212,0.0999899660382537,0.3192481279323519,0.3192481279323519,0.138778105311832,0.3192481279323519,0.0999899660382537,0.0714299464323527,0.138778105311832,0.4172632563475379,0.0316202950567523,0.0714299464323527,0.4172632563475379,0.115648378688694,0.0933602719681705,0.0999899660382537,0.115648378688694,0.138778105311832,0.115648378688694,0.255398361876396,0.041172338956928,0.3192481279323519,0.255398361876396,0.421998728397202,0.041172338956928,0.0714299464323527,0.1734727270499989,0.0476199206365212,0.138778105311832,0.138778105311832,0.1734727270499989,1.0,0.4172632563475379,0.421998728397202,0.296376456737466,0.115648378688694,0.128249502550101,0.115648378688694,0.255398361876396,0.164303377491262,0.0571439257166366,0.0999899660382537,0.115648378688694,0.311463077621673,0.351665478053376,0.0714299464323527,0.0999899660382537,0.0714299464323527,0.212831890191799,0.138778105311832,0.1734727270499989,0.255398361876396,0.138778105311832,0.0571439257166366,0.255398361876396,0.0571439257166366,0.115648378688694,0.1734727270499989,0.041172338956928,0.1734727270499989,0.041172338956928,0.128249502550101,0.0,0.0,0.212831890191799,0.128249502550101,0.138778105311832,0.0714299464323527,0.4172632563475379,0.212831890191799,0.115648378688694,0.1734727270499989,0.255398361876396,0.0933602719681705,0.421998728397202,0.0,0.0714299464323527,0.255398361876396,0.115648378688694,0.0,0.1734727270499989,0.115648378688694,0.0571439257166366,0.0933602719681705,0.1734727270499989,0.138778105311832,0.1734727270499989,0.0933602719681705,0.115648378688694,0.0714299464323527,0.115648378688694,0.115648378688694,0.115648378688694,0.4172632563475379,0.128249502550101,0.115648378688694,0.0571439257166366,0.0714299464323527,0.115648378688694,0.138778105311832,0.212831890191799,0.0714299464323527,0.0999899660382537,0.421998728397202,0.115648378688694,0.138778105311832,0.0714299464323527,0.0,0.041172338956928,0.115648378688694,0.1734727270499989,0.138778105311832,0.0999899660382537,0.138778105311832,0.138778105311832,0.0892790042075809,0.138778105311832,0.0819002213950383,0.0476199206365212,0.115648378688694,0.115648378688694,0.0714299464323527,0.0337236205744276,0.0367619429090039,0.226732089065557,0.351665478053376,0.3192481279323519,0.1734727270499989,0.1734727270499989,0.1734727270499989,0.0,0.1734727270499989,0.0,0.115648378688694,0.041172338956928,0.0571439257166366,0.0476199206365212,0.0,0.138778105311832,0.0999899660382537,0.0571439257166366,0.0,0.138778105311832,0.0571439257166366,0.138778105311832,0.138778105311832,0.0714299464323527,0.1734727270499989,0.351665478053376
Gastro-oesophageal reflux disease,0.0933602719681705,0.226732089065557,0.4172632563475379,0.368184127562069,0.491151693334087,0.4172632563475379,0.0749632197522059,0.0933602719681705,0.200063521369343,0.491151693334087,0.1098923880062569,0.0823790970344355,0.266881513729481,0.1763709506669489,0.200063521369343,0.0749632197522059,0.491151693334087,0.0933602719681705,0.1098923880062569,0.1763709506669489,0.200063521369343,0.200063521369343,0.4172632563475379,0.182053533683929,0.368184127562069,0.0698989009481177,0.0933602719681705,0.157017181769811,0.6052112120015789,0.368184127562069,0.182053533683929,0.491151693334087,0.169754473731143,0.226732089065557,0.200063521369343,0.1098923880062569,0.135412554283458,0.226732089065557,0.312405291992608,0.200063521369343,0.200063521369343,0.169754473731143,0.226732089065557,0.266881513729481,0.226732089065557,0.135412554283458,0.4172632563475379,0.0933602719681705,0.1098923880062569,0.266881513729481,0.182053533683929,0.200063521369343,0.0823790970344355,0.226732089065557,0.182053533683929,0.491151693334087,0.226732089065557,0.169754473731143,0.200063521369343,0.226732089065557,0.226732089065557,0.226732089065557,0.226732089065557,0.226732089065557,0.169754473731143,0.266881513729481,0.200063521369343,0.1098923880062569,0.0698989009481177,0.0823790970344355,0.182053533683929,0.491151693334087,0.491151693334087,0.226732089065557,0.491151693334087,0.182053533683929,0.1098923880062569,0.226732089065557,0.6052112120015789,0.0640035322631421,0.1098923880062569,0.6052112120015789,0.200063521369343,0.135412554283458,0.182053533683929,0.200063521369343,0.226732089065557,0.200063521369343,0.4172632563475379,0.0749632197522059,0.491151693334087,0.4172632563475379,0.4172632563475379,0.0749632197522059,0.1098923880062569,0.266881513729481,0.0823790970344355,0.226732089065557,0.226732089065557,0.266881513729481,0.4172632563475379,1.0,0.4172632563475379,0.380130200962355,0.200063521369343,0.1763709506669489,0.200063521369343,0.4172632563475379,0.312405291992608,0.0933602719681705,0.182053533683929,0.200063521369343,0.4283294516197329,0.368184127562069,0.1098923880062569,0.182053533683929,0.1098923880062569,0.368184127562069,0.226732089065557,0.266881513729481,0.4172632563475379,0.226732089065557,0.0933602719681705,0.4172632563475379,0.0933602719681705,0.200063521369343,0.266881513729481,0.0749632197522059,0.266881513729481,0.0749632197522059,0.1763709506669489,0.0,0.0,0.368184127562069,0.1763709506669489,0.226732089065557,0.1098923880062569,0.6052112120015789,0.368184127562069,0.200063521369343,0.266881513729481,0.4172632563475379,0.135412554283458,0.4172632563475379,0.0,0.1098923880062569,0.4172632563475379,0.200063521369343,0.0,0.266881513729481,0.200063521369343,0.0933602719681705,0.135412554283458,0.266881513729481,0.226732089065557,0.266881513729481,0.135412554283458,0.200063521369343,0.1098923880062569,0.200063521369343,0.200063521369343,0.200063521369343,0.6052112120015789,0.1763709506669489,0.200063521369343,0.0933602719681705,0.1098923880062569,0.200063521369343,0.226732089065557,0.368184127562069,0.1098923880062569,0.182053533683929,0.4172632563475379,0.200063521369343,0.226732089065557,0.1098923880062569,0.0,0.0749632197522059,0.200063521369343,0.266881513729481,0.226732089065557,0.182053533683929,0.226732089065557,0.226732089065557,0.169754473731143,0.226732089065557,0.161291303605171,0.0823790970344355,0.200063521369343,0.200063521369343,0.1098923880062569,0.0664140661903645,0.0698989009481177,0.328859060402685,0.368184127562069,0.491151693334087,0.266881513729481,0.266881513729481,0.266881513729481,0.0,0.266881513729481,0.0,0.200063521369343,0.0749632197522059,0.0933602719681705,0.0823790970344355,0.0,0.226732089065557,0.182053533683929,0.0933602719681705,0.0,0.226732089065557,0.0933602719681705,0.226732089065557,0.226732089065557,0.1098923880062569,0.266881513729481,0.368184127562069
Constipation,0.0571439257166366,0.138778105311832,0.421998728397202,0.351665478053376,0.527498700621427,0.255398361876396,0.041172338956928,0.0571439257166366,0.115648378688694,0.527498700621427,0.0714299464323527,0.0476199206365212,0.1734727270499989,0.128249502550101,0.115648378688694,0.041172338956928,0.527498700621427,0.0571439257166366,0.0714299464323527,0.128249502550101,0.115648378688694,0.115648378688694,0.421998728397202,0.0999899660382537,0.212831890191799,0.0367619429090039,0.0571439257166366,0.0921133696066727,0.4172632563475379,0.212831890191799,0.0999899660382537,0.527498700621427,0.0892790042075809,0.138778105311832,0.115648378688694,0.0714299464323527,0.0933602719681705,0.138778105311832,0.164303377491262,0.115648378688694,0.115648378688694,0.0892790042075809,0.138778105311832,0.1734727270499989,0.138778105311832,0.0933602719681705,0.255398361876396,0.0571439257166366,0.0714299464323527,0.1734727270499989,0.0999899660382537,0.115648378688694,0.0476199206365212,0.138778105311832,0.0999899660382537,0.3192481279323519,0.138778105311832,0.0892790042075809,0.115648378688694,0.138778105311832,0.138778105311832,0.138778105311832,0.138778105311832,0.138778105311832,0.0892790042075809,0.1734727270499989,0.115648378688694,0.0714299464323527,0.0367619429090039,0.0476199206365212,0.0999899660382537,0.3192481279323519,0.3192481279323519,0.138778105311832,0.3192481279323519,0.0999899660382537,0.0714299464323527,0.138778105311832,0.4172632563475379,0.0316202950567523,0.0714299464323527,0.4172632563475379,0.115648378688694,0.0933602719681705,0.0999899660382537,0.115648378688694,0.138778105311832,0.115648378688694,0.255398361876396,0.041172338956928,0.3192481279323519,0.255398361876396,0.421998728397202,0.041172338956928,0.0714299464323527,0.1734727270499989,0.0476199206365212,0.138778105311832,0.138778105311832,0.1734727270499989,0.421998728397202,0.4172632563475379,1.0,0.296376456737466,0.115648378688694,0.128249502550101,0.115648378688694,0.255398361876396,0.164303377491262,0.0571439257166366,0.0999899660382537,0.115648378688694,0.311463077621673,0.351665478053376,0.0714299464323527,0.0999899660382537,0.0714299464323527,0.212831890191799,0.138778105311832,0.1734727270499989,0.255398361876396,0.138778105311832,0.0571439257166366,0.255398361876396,0.0571439257166366,0.115648378688694,0.1734727270499989,0.041172338956928,0.1734727270499989,0.041172338956928,0.128249502550101,0.0,0.0,0.212831890191799,0.128249502550101,0.138778105311832,0.0714299464323527,0.4172632563475379,0.212831890191799,0.115648378688694,0.1734727270499989,0.255398361876396,0.0933602719681705,0.421998728397202,0.0,0.0714299464323527,0.255398361876396,0.115648378688694,0.0,0.1734727270499989,0.115648378688694,0.0571439257166366,0.0933602719681705,0.1734727270499989,0.138778105311832,0.1734727270499989,0.0933602719681705,0.115648378688694,0.0714299464323527,0.115648378688694,0.115648378688694,0.115648378688694,0.4172632563475379,0.128249502550101,0.115648378688694,0.0571439257166366,0.0714299464323527,0.115648378688694,0.138778105311832,0.212831890191799,0.0714299464323527,0.0999899660382537,0.421998728397202,0.115648378688694,0.138778105311832,0.0714299464323527,0.0,0.041172338956928,0.115648378688694,0.1734727270499989,0.138778105311832,0.0999899660382537,0.138778105311832,0.138778105311832,0.0892790042075809,0.138778105311832,0.0819002213950383,0.0476199206365212,0.115648378688694,0.115648378688694,0.0714299464323527,0.0337236205744276,0.0367619429090039,0.226732089065557,0.351665478053376,0.3192481279323519,0.1734727270499989,0.1734727270499989,0.1734727270499989,0.0,0.1734727270499989,0.0,0.115648378688694,0.041172338956928,0.0571439257166366,0.0476199206365212,0.0,0.138778105311832,0.0999899660382537,0.0571439257166366,0.0,0.138778105311832,0.0571439257166366,0.138778105311832,0.138778105311832,0.0714299464323527,0.1734727270499989,0.351665478053376
Disease-free ,0.296376456737466,0.296376456737466,0.296376456737466,0.275363104390711,0.32866873393231,0.296376456737466,0.261364164595575,0.296376456737466,0.275363104390711,0.32866873393231,0.32866873393231,0.275363104390711,0.32866873393231,0.4670846394984329,0.275363104390711,0.261364164595575,0.32866873393231,0.296376456737466,0.32866873393231,0.4670846394984329,0.275363104390711,0.275363104390711,0.296376456737466,0.261364164595575,0.275363104390711,0.251891645753317,0.296376456737466,0.199872170397504,0.380130200962355,0.275363104390711,0.261364164595575,0.32866873393231,0.251891645753317,0.296376456737466,0.275363104390711,0.32866873393231,0.380130200962355,0.296376456737466,0.251891645753317,0.275363104390711,0.275363104390711,0.251891645753317,0.296376456737466,0.32866873393231,0.296376456737466,0.380130200962355,0.296376456737466,0.296376456737466,0.32866873393231,0.32866873393231,0.261364164595575,0.275363104390711,0.275363104390711,0.296376456737466,0.261364164595575,0.32866873393231,0.296376456737466,0.251891645753317,0.275363104390711,0.296376456737466,0.296376456737466,0.296376456737466,0.296376456737466,0.296376456737466,0.251891645753317,0.32866873393231,0.275363104390711,0.32866873393231,0.251891645753317,0.275363104390711,0.261364164595575,0.32866873393231,0.32866873393231,0.296376456737466,0.32866873393231,0.261364164595575,0.32866873393231,0.296376456737466,0.380130200962355,0.2409528325117469,0.32866873393231,0.380130200962355,0.275363104390711,0.380130200962355,0.261364164595575,0.275363104390711,0.296376456737466,0.275363104390711,0.296376456737466,0.261364164595575,0.32866873393231,0.296376456737466,0.296376456737466,0.261364164595575,0.32866873393231,0.32866873393231,0.275363104390711,0.296376456737466,0.296376456737466,0.32866873393231,0.296376456737466,0.380130200962355,0.296376456737466,1.0,0.275363104390711,0.4670846394984329,0.275363104390711,0.296376456737466,0.251891645753317,0.296376456737466,0.261364164595575,0.275363104390711,0.4670846394984329,0.275363104390711,0.32866873393231,0.261364164595575,0.32866873393231,0.275363104390711,0.296376456737466,0.32866873393231,0.296376456737466,0.296376456737466,0.296376456737466,0.296376456737466,0.296376456737466,0.275363104390711,0.32866873393231,0.261364164595575,0.32866873393231,0.261364164595575,0.4670846394984329,0.0,0.0,0.275363104390711,0.4670846394984329,0.296376456737466,0.32866873393231,0.380130200962355,0.275363104390711,0.275363104390711,0.32866873393231,0.296376456737466,0.380130200962355,0.296376456737466,0.0,0.32866873393231,0.296376456737466,0.275363104390711,0.0,0.32866873393231,0.275363104390711,0.296376456737466,0.380130200962355,0.32866873393231,0.296376456737466,0.32866873393231,0.380130200962355,0.275363104390711,0.32866873393231,0.275363104390711,0.275363104390711,0.275363104390711,0.380130200962355,0.4670846394984329,0.275363104390711,0.296376456737466,0.32866873393231,0.275363104390711,0.296376456737466,0.275363104390711,0.32866873393231,0.261364164595575,0.296376456737466,0.275363104390711,0.296376456737466,0.32866873393231,0.0,0.261364164595575,0.275363104390711,0.32866873393231,0.296376456737466,0.261364164595575,0.296376456737466,0.296376456737466,0.251891645753317,0.296376456737466,0.245414173127879,0.275363104390711,0.275363104390711,0.275363104390711,0.32866873393231,0.245414173127879,0.251891645753317,0.380130200962355,0.275363104390711,0.32866873393231,0.32866873393231,0.32866873393231,0.32866873393231,0.0,0.32866873393231,0.0,0.275363104390711,0.261364164595575,0.296376456737466,0.275363104390711,0.0,0.296376456737466,0.261364164595575,0.296376456737466,0.0,0.296376456737466,0.296376456737466,0.296376456737466,0.296376456737466,0.32866873393231,0.32866873393231,0.275363104390711
Chronic Rhinosinusitis with asthma,0.0476199206365212,0.115648378688694,0.115648378688694,0.093408272931481,0.148976520421494,0.115648378688694,0.0322586368373393,0.0476199206365212,0.093408272931481,0.148976520421494,0.0613432731147329,0.0384622300306098,0.148976520421494,0.115768709113422,0.284037401363075,0.0322586368373393,0.148976520421494,0.0476199206365212,0.0613432731147329,0.115768709113422,0.093408272931481,0.093408272931481,0.115648378688694,0.078342403747824,0.093408272931481,0.0280132767810044,0.0476199206365212,0.0746915486002605,0.200063521369343,0.093408272931481,0.078342403747824,0.148976520421494,0.0680322436110106,0.115648378688694,0.093408272931481,0.0613432731147329,0.0823790970344355,0.115648378688694,0.0680322436110106,0.093408272931481,0.093408272931481,0.0680322436110106,0.115648378688694,0.148976520421494,0.115648378688694,0.0823790970344355,0.115648378688694,0.0476199206365212,0.0613432731147329,0.274166873716867,0.078342403747824,0.093408272931481,0.0384622300306098,0.8333330277772181,0.078342403747824,0.148976520421494,0.115648378688694,0.1252021962253049,0.093408272931481,0.115648378688694,0.115648378688694,0.115648378688694,0.115648378688694,0.115648378688694,0.0680322436110106,0.148976520421494,0.093408272931481,0.0613432731147329,0.0280132767810044,0.0384622300306098,0.078342403747824,0.148976520421494,0.148976520421494,0.351665478053376,0.148976520421494,0.238224860376036,0.0613432731147329,0.115648378688694,0.200063521369343,0.023062117726601,0.0613432731147329,0.200063521369343,0.284037401363075,0.0823790970344355,0.078342403747824,0.093408272931481,0.115648378688694,0.093408272931481,0.115648378688694,0.0322586368373393,0.148976520421494,0.115648378688694,0.115648378688694,0.0322586368373393,0.0613432731147329,0.148976520421494,0.0384622300306098,0.115648378688694,0.115648378688694,0.148976520421494,0.115648378688694,0.200063521369343,0.115648378688694,0.275363104390711,1.0,0.115768709113422,0.093408272931481,0.115648378688694,0.0680322436110106,0.0476199206365212,0.078342403747824,0.284037401363075,0.2811525792754519,0.093408272931481,0.0613432731147329,0.238224860376036,0.0613432731147329,0.093408272931481,0.115648378688694,0.148976520421494,0.115648378688694,0.115648378688694,0.0476199206365212,0.115648378688694,0.0476199206365212,0.093408272931481,0.274166873716867,0.0322586368373393,0.148976520421494,0.0322586368373393,0.115768709113422,0.0,0.0,0.093408272931481,0.115768709113422,0.115648378688694,0.0613432731147329,0.200063521369343,0.093408272931481,0.093408272931481,0.148976520421494,0.115648378688694,0.0823790970344355,0.115648378688694,0.0,0.0613432731147329,0.115648378688694,0.093408272931481,0.0,0.148976520421494,0.093408272931481,0.0476199206365212,0.0823790970344355,0.148976520421494,0.115648378688694,0.148976520421494,0.0823790970344355,0.093408272931481,0.0613432731147329,0.093408272931481,0.093408272931481,0.093408272931481,0.200063521369343,0.115768709113422,0.093408272931481,0.0476199206365212,0.0613432731147329,0.093408272931481,0.115648378688694,0.093408272931481,0.0613432731147329,0.078342403747824,0.115648378688694,0.093408272931481,0.115648378688694,0.0613432731147329,0.0,0.0322586368373393,0.284037401363075,0.148976520421494,0.549999174998487,0.078342403747824,0.115648378688694,0.115648378688694,0.728332100315302,0.115648378688694,0.652270226224164,0.0384622300306098,0.093408272931481,0.093408272931481,0.0613432731147329,0.0250877674831517,0.0280132767810044,0.608356422123105,0.093408272931481,0.148976520421494,0.148976520421494,0.148976520421494,0.148976520421494,0.0,0.148976520421494,0.0,0.093408272931481,0.0322586368373393,0.0476199206365212,0.0384622300306098,0.0,0.115648378688694,0.078342403747824,0.0476199206365212,0.0,0.115648378688694,0.0476199206365212,0.549999174998487,0.115648378688694,0.0613432731147329,0.148976520421494,0.093408272931481
Chronic Rhinosinusitis with cystic fibrosis,0.128249502550101,0.128249502550101,0.128249502550101,0.115768709113422,0.147105639620399,0.128249502550101,0.107359912685637,0.128249502550101,0.115768709113422,0.147105639620399,0.147105639620399,0.115768709113422,0.147105639620399,1.0,0.115768709113422,0.107359912685637,0.147105639620399,0.128249502550101,0.147105639620399,0.54337899543379,0.115768709113422,0.115768709113422,0.128249502550101,0.107359912685637,0.115768709113422,0.1016266783579799,0.128249502550101,0.0895997076890433,0.1763709506669489,0.115768709113422,0.107359912685637,0.147105639620399,0.1016266783579799,0.128249502550101,0.115768709113422,0.147105639620399,0.1763709506669489,0.128249502550101,0.1016266783579799,0.115768709113422,0.115768709113422,0.1016266783579799,0.128249502550101,0.147105639620399,0.128249502550101,0.1763709506669489,0.128249502550101,0.128249502550101,0.147105639620399,0.147105639620399,0.107359912685637,0.115768709113422,0.115768709113422,0.128249502550101,0.107359912685637,0.147105639620399,0.128249502550101,0.1016266783579799,0.115768709113422,0.128249502550101,0.128249502550101,0.128249502550101,0.128249502550101,0.128249502550101,0.1016266783579799,0.147105639620399,0.115768709113422,0.147105639620399,0.1016266783579799,0.115768709113422,0.107359912685637,0.147105639620399,0.147105639620399,0.128249502550101,0.147105639620399,0.107359912685637,0.147105639620399,0.128249502550101,0.1763709506669489,0.0949619587666687,0.147105639620399,0.1763709506669489,0.115768709113422,0.1763709506669489,0.107359912685637,0.115768709113422,0.128249502550101,0.115768709113422,0.128249502550101,0.107359912685637,0.147105639620399,0.128249502550101,0.128249502550101,0.107359912685637,0.147105639620399,0.147105639620399,0.115768709113422,0.128249502550101,0.128249502550101,0.147105639620399,0.128249502550101,0.1763709506669489,0.128249502550101,0.4670846394984329,0.115768709113422,1.0,0.115768709113422,0.128249502550101,0.1016266783579799,0.128249502550101,0.107359912685637,0.115768709113422,0.223744292237443,0.115768709113422,0.147105639620399,0.107359912685637,0.147105639620399,0.115768709113422,0.128249502550101,0.147105639620399,0.128249502550101,0.128249502550101,0.128249502550101,0.128249502550101,0.128249502550101,0.115768709113422,0.147105639620399,0.107359912685637,0.147105639620399,0.107359912685637,0.54337899543379,0.0,0.0,0.115768709113422,1.0,0.128249502550101,0.147105639620399,0.1763709506669489,0.115768709113422,0.115768709113422,0.147105639620399,0.128249502550101,0.1763709506669489,0.128249502550101,0.0,0.147105639620399,0.128249502550101,0.115768709113422,0.0,0.147105639620399,0.115768709113422,0.128249502550101,0.1763709506669489,0.147105639620399,0.128249502550101,0.147105639620399,0.1763709506669489,0.115768709113422,0.147105639620399,0.115768709113422,0.115768709113422,0.115768709113422,0.1763709506669489,0.54337899543379,0.115768709113422,0.128249502550101,0.147105639620399,0.115768709113422,0.128249502550101,0.115768709113422,0.147105639620399,0.107359912685637,0.128249502550101,0.115768709113422,0.128249502550101,0.147105639620399,0.0,0.107359912685637,0.115768709113422,0.147105639620399,0.128249502550101,0.107359912685637,0.128249502550101,0.128249502550101,0.1016266783579799,0.128249502550101,0.0976858574475728,0.115768709113422,0.115768709113422,0.115768709113422,0.147105639620399,0.0976858574475728,0.1016266783579799,0.1763709506669489,0.115768709113422,0.147105639620399,0.147105639620399,0.147105639620399,0.147105639620399,0.0,0.147105639620399,0.0,0.115768709113422,0.107359912685637,0.128249502550101,0.115768709113422,0.0,0.128249502550101,0.107359912685637,0.128249502550101,0.0,0.128249502550101,0.128249502550101,0.128249502550101,0.128249502550101,0.147105639620399,0.147105639620399,0.115768709113422
Postmenopausal,0.0476199206365212,0.115648378688694,0.115648378688694,0.093408272931481,0.148976520421494,0.115648378688694,0.0322586368373393,0.0476199206365212,0.093408272931481,0.148976520421494,0.0613432731147329,0.0384622300306098,0.148976520421494,0.115768709113422,0.093408272931481,0.0322586368373393,0.148976520421494,0.0476199206365212,0.0613432731147329,0.115768709113422,0.093408272931481,0.093408272931481,0.115648378688694,0.078342403747824,0.093408272931481,0.0280132767810044,0.0476199206365212,0.0746915486002605,0.200063521369343,0.093408272931481,0.078342403747824,0.148976520421494,0.0680322436110106,0.115648378688694,0.093408272931481,0.0613432731147329,0.0823790970344355,0.115648378688694,0.0680322436110106,0.093408272931481,0.093408272931481,0.0680322436110106,0.115648378688694,0.148976520421494,0.115648378688694,0.0823790970344355,0.115648378688694,0.0476199206365212,0.0613432731147329,0.148976520421494,0.078342403747824,0.6730764389785729,0.0384622300306098,0.115648378688694,0.078342403747824,0.148976520421494,0.115648378688694,0.0680322436110106,0.093408272931481,0.115648378688694,0.115648378688694,0.115648378688694,0.115648378688694,0.115648378688694,0.0680322436110106,0.453010235567401,0.284037401363075,0.0613432731147329,0.0280132767810044,0.0384622300306098,0.078342403747824,0.148976520421494,0.148976520421494,0.115648378688694,0.148976520421494,0.078342403747824,0.0613432731147329,0.115648378688694,0.200063521369343,0.023062117726601,0.0613432731147329,0.200063521369343,0.093408272931481,0.0823790970344355,0.078342403747824,0.093408272931481,0.115648378688694,0.093408272931481,0.115648378688694,0.0322586368373393,0.148976520421494,0.115648378688694,0.115648378688694,0.0322586368373393,0.0613432731147329,0.148976520421494,0.0384622300306098,0.115648378688694,0.115648378688694,0.148976520421494,0.115648378688694,0.200063521369343,0.115648378688694,0.275363104390711,0.093408272931481,0.115768709113422,1.0,0.115648378688694,0.0680322436110106,0.0476199206365212,0.078342403747824,0.093408272931481,0.2811525792754519,0.093408272931481,0.0613432731147329,0.078342403747824,0.0613432731147329,0.093408272931481,0.212831890191799,0.148976520421494,0.115648378688694,0.115648378688694,0.0476199206365212,0.115648378688694,0.0476199206365212,0.093408272931481,0.148976520421494,0.0322586368373393,0.148976520421494,0.0322586368373393,0.115768709113422,0.0,0.0,0.093408272931481,0.115768709113422,0.115648378688694,0.0613432731147329,0.200063521369343,0.093408272931481,0.093408272931481,0.148976520421494,0.115648378688694,0.0823790970344355,0.115648378688694,0.0,0.0613432731147329,0.115648378688694,0.284037401363075,0.0,0.453010235567401,0.171902619932726,0.0476199206365212,0.0823790970344355,0.148976520421494,0.351665478053376,0.148976520421494,0.0823790970344355,0.093408272931481,0.0613432731147329,0.093408272931481,0.093408272931481,0.093408272931481,0.200063521369343,0.115768709113422,0.093408272931481,0.0476199206365212,0.0613432731147329,0.093408272931481,0.115648378688694,0.093408272931481,0.0613432731147329,0.078342403747824,0.115648378688694,0.093408272931481,0.212831890191799,0.0613432731147329,0.0,0.0322586368373393,0.093408272931481,0.148976520421494,0.115648378688694,0.078342403747824,0.212831890191799,0.212831890191799,0.0680322436110106,0.115648378688694,0.0609274353162256,0.0384622300306098,0.093408272931481,0.093408272931481,0.0613432731147329,0.0250877674831517,0.0280132767810044,0.200063521369343,0.093408272931481,0.148976520421494,0.148976520421494,0.453010235567401,0.148976520421494,0.0,0.148976520421494,0.0,0.6730764389785729,0.0322586368373393,0.0476199206365212,0.0384622300306098,0.0,0.115648378688694,0.078342403747824,0.0476199206365212,0.0,0.115648378688694,0.0476199206365212,0.115648378688694,0.115648378688694,0.0613432731147329,0.148976520421494,0.093408272931481
Aphthous stomatitis,0.0571439257166366,0.138778105311832,0.255398361876396,0.212831890191799,0.3192481279323519,0.255398361876396,0.041172338956928,0.0571439257166366,0.115648378688694,0.3192481279323519,0.0714299464323527,0.0476199206365212,0.1734727270499989,0.128249502550101,0.115648378688694,0.041172338956928,0.3192481279323519,0.0571439257166366,0.0714299464323527,0.128249502550101,0.115648378688694,0.115648378688694,0.255398361876396,0.0999899660382537,0.351665478053376,0.0367619429090039,0.0571439257166366,0.0921133696066727,0.4172632563475379,0.351665478053376,0.0999899660382537,0.3192481279323519,0.0892790042075809,0.138778105311832,0.115648378688694,0.0714299464323527,0.0933602719681705,0.138778105311832,0.164303377491262,0.115648378688694,0.115648378688694,0.0892790042075809,0.138778105311832,0.1734727270499989,0.138778105311832,0.0933602719681705,1.0,0.0571439257166366,0.0714299464323527,0.1734727270499989,0.0999899660382537,0.115648378688694,0.0476199206365212,0.138778105311832,0.0999899660382537,0.527498700621427,0.138778105311832,0.0892790042075809,0.115648378688694,0.138778105311832,0.138778105311832,0.138778105311832,0.138778105311832,0.138778105311832,0.0892790042075809,0.1734727270499989,0.115648378688694,0.0714299464323527,0.0367619429090039,0.0476199206365212,0.0999899660382537,0.3192481279323519,0.3192481279323519,0.138778105311832,0.527498700621427,0.0999899660382537,0.0714299464323527,0.138778105311832,0.6894506381789389,0.0316202950567523,0.0714299464323527,0.4172632563475379,0.115648378688694,0.0933602719681705,0.0999899660382537,0.115648378688694,0.138778105311832,0.115648378688694,0.659999251998354,0.041172338956928,0.3192481279323519,0.255398361876396,0.255398361876396,0.041172338956928,0.0714299464323527,0.1734727270499989,0.0476199206365212,0.138778105311832,0.138778105311832,0.1734727270499989,0.255398361876396,0.4172632563475379,0.255398361876396,0.296376456737466,0.115648378688694,0.128249502550101,0.115648378688694,1.0,0.164303377491262,0.0571439257166366,0.0999899660382537,0.115648378688694,0.311463077621673,0.212831890191799,0.0714299464323527,0.0999899660382537,0.0714299464323527,0.351665478053376,0.138778105311832,0.1734727270499989,0.255398361876396,0.138778105311832,0.0571439257166366,0.421998728397202,0.0571439257166366,0.115648378688694,0.1734727270499989,0.041172338956928,0.1734727270499989,0.041172338956928,0.128249502550101,0.0,0.0,0.212831890191799,0.128249502550101,0.138778105311832,0.0714299464323527,0.4172632563475379,0.212831890191799,0.115648378688694,0.1734727270499989,0.255398361876396,0.0933602719681705,0.255398361876396,0.0,0.0714299464323527,0.255398361876396,0.115648378688694,0.0,0.1734727270499989,0.115648378688694,0.0571439257166366,0.0933602719681705,0.1734727270499989,0.138778105311832,0.1734727270499989,0.0933602719681705,0.115648378688694,0.0714299464323527,0.115648378688694,0.115648378688694,0.115648378688694,0.4172632563475379,0.128249502550101,0.115648378688694,0.0571439257166366,0.0714299464323527,0.115648378688694,0.138778105311832,0.212831890191799,0.0714299464323527,0.0999899660382537,0.255398361876396,0.115648378688694,0.138778105311832,0.0714299464323527,0.0,0.041172338956928,0.115648378688694,0.1734727270499989,0.138778105311832,0.0999899660382537,0.138778105311832,0.138778105311832,0.0892790042075809,0.138778105311832,0.0819002213950383,0.0476199206365212,0.115648378688694,0.115648378688694,0.0714299464323527,0.0337236205744276,0.0367619429090039,0.226732089065557,0.212831890191799,0.527498700621427,0.1734727270499989,0.1734727270499989,0.1734727270499989,0.0,0.1734727270499989,0.0,0.115648378688694,0.041172338956928,0.0571439257166366,0.0476199206365212,0.0,0.138778105311832,0.0999899660382537,0.0571439257166366,0.0,0.138778105311832,0.0571439257166366,0.138778105311832,0.138778105311832,0.0714299464323527,0.1734727270499989,0.212831890191799
Primary sclerosing cholangitis-IBD,0.0367619429090039,0.0892790042075809,0.164303377491262,0.1252021962253049,0.222834702756658,0.271481053610807,0.0220824020542819,0.0367619429090039,0.0680322436110106,0.222834702756658,0.0498579928542293,0.0280132767810044,0.1210836969317,0.1016266783579799,0.0680322436110106,0.0220824020542819,0.222834702756658,0.0367619429090039,0.0498579928542293,0.1016266783579799,0.0680322436110106,0.0680322436110106,0.164303377491262,0.053628690703256,0.1252021962253049,0.0180216412275933,0.0367619429090039,0.0546452272290825,0.312405291992608,0.1252021962253049,0.053628690703256,0.222834702756658,0.0437668429812979,0.0892790042075809,0.0680322436110106,0.0498579928542293,0.0698989009481177,0.0892790042075809,1.0,0.0680322436110106,0.0680322436110106,0.0437668429812979,0.0892790042075809,0.1210836969317,0.0892790042075809,0.0698989009481177,0.164303377491262,0.0367619429090039,0.0498579928542293,0.1210836969317,0.053628690703256,0.0680322436110106,0.0280132767810044,0.0892790042075809,0.053628690703256,0.222834702756658,0.0892790042075809,0.0437668429812979,0.0680322436110106,0.0892790042075809,0.0892790042075809,0.0892790042075809,0.0892790042075809,0.0892790042075809,0.0437668429812979,0.1210836969317,0.0680322436110106,0.0498579928542293,0.0180216412275933,0.0280132767810044,0.053628690703256,0.222834702756658,0.222834702756658,0.0892790042075809,0.222834702756658,0.053628690703256,0.0498579928542293,0.0892790042075809,0.312405291992608,0.013283683417403,0.0498579928542293,0.312405291992608,0.0680322436110106,0.0698989009481177,0.053628690703256,0.0680322436110106,0.0892790042075809,0.0680322436110106,0.164303377491262,0.0220824020542819,0.222834702756658,0.164303377491262,0.164303377491262,0.0220824020542819,0.0498579928542293,0.1210836969317,0.0280132767810044,0.0892790042075809,0.0892790042075809,0.1210836969317,0.164303377491262,0.312405291992608,0.164303377491262,0.251891645753317,0.0680322436110106,0.1016266783579799,0.0680322436110106,0.164303377491262,1.0,0.0367619429090039,0.053628690703256,0.0680322436110106,0.2468076474408089,0.1252021962253049,0.0498579928542293,0.053628690703256,0.0498579928542293,0.1252021962253049,0.0892790042075809,0.1210836969317,0.164303377491262,0.0892790042075809,0.0367619429090039,0.164303377491262,0.0367619429090039,0.0680322436110106,0.1210836969317,0.0220824020542819,0.1210836969317,0.0220824020542819,0.1016266783579799,0.0,0.0,0.206873557102869,0.1016266783579799,0.0892790042075809,0.0498579928542293,0.312405291992608,0.206873557102869,0.0680322436110106,0.1210836969317,0.271481053610807,0.0698989009481177,0.164303377491262,0.0,0.0498579928542293,0.164303377491262,0.0680322436110106,0.0,0.1210836969317,0.0680322436110106,0.0367619429090039,0.0698989009481177,0.1210836969317,0.0892790042075809,0.1210836969317,0.0698989009481177,0.0680322436110106,0.0498579928542293,0.0680322436110106,0.0680322436110106,0.0680322436110106,0.312405291992608,0.1016266783579799,0.0680322436110106,0.0367619429090039,0.0498579928542293,0.0680322436110106,0.0892790042075809,0.206873557102869,0.0498579928542293,0.053628690703256,0.164303377491262,0.0680322436110106,0.0892790042075809,0.0498579928542293,0.0,0.0220824020542819,0.0680322436110106,0.1210836969317,0.0892790042075809,0.053628690703256,0.0892790042075809,0.0892790042075809,0.0437668429812979,0.0892790042075809,0.0369686341228109,0.0280132767810044,0.0680322436110106,0.0680322436110106,0.0498579928542293,0.0152223787564515,0.0180216412275933,0.169754473731143,0.1252021962253049,0.222834702756658,0.1210836969317,0.1210836969317,0.1210836969317,0.0,0.1210836969317,0.0,0.0680322436110106,0.0220824020542819,0.0367619429090039,0.0280132767810044,0.0,0.0892790042075809,0.053628690703256,0.0367619429090039,0.0,0.0892790042075809,0.0367619429090039,0.0892790042075809,0.0892790042075809,0.0498579928542293,0.1210836969317,0.1252021962253049
Oral cancer,0.0571439257166366,0.0571439257166366,0.0571439257166366,0.0476199206365212,0.0714299464323527,0.0571439257166366,0.041172338956928,0.0571439257166366,0.0476199206365212,0.0714299464323527,0.0714299464323527,0.351665478053376,0.0714299464323527,0.128249502550101,0.0476199206365212,0.47553108355459,0.0714299464323527,0.0571439257166366,0.0714299464323527,0.128249502550101,0.0476199206365212,0.0476199206365212,0.0571439257166366,0.041172338956928,0.0476199206365212,0.0367619429090039,0.659999251998354,0.0379290345439241,0.0933602719681705,0.0476199206365212,0.041172338956928,0.0714299464323527,0.0367619429090039,0.0571439257166366,0.0476199206365212,0.0714299464323527,0.0933602719681705,0.0571439257166366,0.0367619429090039,0.0476199206365212,0.0476199206365212,0.0367619429090039,0.0571439257166366,0.0714299464323527,0.0571439257166366,0.0933602719681705,0.0571439257166366,0.421998728397202,0.0714299464323527,0.0714299464323527,0.041172338956928,0.0476199206365212,0.351665478053376,0.0571439257166366,0.041172338956928,0.0714299464323527,0.0571439257166366,0.0367619429090039,0.0476199206365212,0.0571439257166366,0.0571439257166366,0.0571439257166366,0.0571439257166366,0.0571439257166366,0.0367619429090039,0.0714299464323527,0.0476199206365212,0.0714299464323527,0.424592019495871,0.0476199206365212,0.041172338956928,0.0714299464323527,0.0714299464323527,0.0571439257166366,0.0714299464323527,0.041172338956928,0.527498700621427,0.0571439257166366,0.0933602719681705,0.3652071646059129,0.0714299464323527,0.0933602719681705,0.0476199206365212,0.0933602719681705,0.041172338956928,0.0476199206365212,0.0571439257166366,0.0476199206365212,0.0571439257166366,0.0999899660382537,0.0714299464323527,0.0571439257166366,0.0571439257166366,0.304051121218363,0.0714299464323527,0.0714299464323527,0.115648378688694,0.0571439257166366,0.0571439257166366,0.0714299464323527,0.0571439257166366,0.0933602719681705,0.0571439257166366,0.296376456737466,0.0476199206365212,0.128249502550101,0.0476199206365212,0.0571439257166366,0.0367619429090039,1.0,0.041172338956928,0.0476199206365212,0.128249502550101,0.0476199206365212,0.0714299464323527,0.041172338956928,0.0714299464323527,0.0476199206365212,0.0571439257166366,0.0714299464323527,0.0571439257166366,0.0571439257166366,0.0571439257166366,0.0571439257166366,0.0571439257166366,0.0476199206365212,0.0714299464323527,0.041172338956928,0.0714299464323527,0.041172338956928,0.128249502550101,0.0,0.0,0.0476199206365212,0.128249502550101,0.0571439257166366,0.0714299464323527,0.0933602719681705,0.0476199206365212,0.0476199206365212,0.0714299464323527,0.0571439257166366,0.0933602719681705,0.0571439257166366,0.0,0.0714299464323527,0.0571439257166366,0.0476199206365212,0.0,0.0714299464323527,0.0476199206365212,0.0571439257166366,0.0933602719681705,0.0714299464323527,0.0571439257166366,0.0714299464323527,0.0933602719681705,0.0476199206365212,0.0714299464323527,0.0476199206365212,0.0476199206365212,0.0476199206365212,0.0933602719681705,0.128249502550101,0.0476199206365212,0.0571439257166366,0.0714299464323527,0.0476199206365212,0.0571439257166366,0.0476199206365212,0.0714299464323527,0.041172338956928,0.0571439257166366,0.0476199206365212,0.0571439257166366,0.0714299464323527,0.0,0.47553108355459,0.0476199206365212,0.0714299464323527,0.0571439257166366,0.041172338956928,0.0571439257166366,0.0571439257166366,0.0367619429090039,0.0571439257166366,0.0337236205744276,0.351665478053376,0.0476199206365212,0.0476199206365212,0.0714299464323527,0.38950009252372,0.271481053610807,0.0933602719681705,0.0476199206365212,0.0714299464323527,0.0714299464323527,0.0714299464323527,0.0714299464323527,0.0,0.0714299464323527,0.0,0.0476199206365212,0.041172338956928,0.659999251998354,0.115648378688694,0.0,0.0571439257166366,0.041172338956928,0.421998728397202,0.0,0.0571439257166366,0.421998728397202,0.0571439257166366,0.0571439257166366,0.0714299464323527,0.0714299464323527,0.0476199206365212
Psoriatic Arthritis,0.041172338956928,0.0999899660382537,0.0999899660382537,0.078342403747824,0.1324090484624709,0.0999899660382537,0.0262176875118606,0.041172338956928,0.3725798659459621,0.1324090484624709,0.0545213728963117,0.0322586368373393,0.1324090484624709,0.107359912685637,0.078342403747824,0.0262176875118606,0.1324090484624709,0.041172338956928,0.0545213728963117,0.107359912685637,0.078342403747824,0.078342403747824,0.0999899660382537,0.0636715268145186,0.078342403747824,0.0220824020542819,0.041172338956928,0.0628116880447429,0.182053533683929,0.078342403747824,0.0636715268145186,0.1324090484624709,0.053628690703256,0.0999899660382537,0.5645155881887141,0.0545213728963117,0.0749632197522059,0.184015147583005,0.053628690703256,0.078342403747824,0.078342403747824,0.5741321300587039,0.0999899660382537,0.1324090484624709,0.0999899660382537,0.0749632197522059,0.0999899660382537,0.041172338956928,0.0545213728963117,0.1324090484624709,0.0636715268145186,0.078342403747824,0.0322586368373393,0.0999899660382537,0.681647618741698,0.1324090484624709,0.0999899660382537,0.053628690703256,0.078342403747824,0.0999899660382537,0.0999899660382537,0.0999899660382537,0.0999899660382537,0.0999899660382537,0.5741321300587039,0.1324090484624709,0.078342403747824,0.0545213728963117,0.0220824020542819,0.0322586368373393,0.0636715268145186,0.1324090484624709,0.1324090484624709,0.0999899660382537,0.1324090484624709,0.0636715268145186,0.0545213728963117,0.0999899660382537,0.182053533683929,0.0172583557076123,0.0545213728963117,0.182053533683929,0.078342403747824,0.0749632197522059,0.0636715268145186,0.8387094771069309,0.0999899660382537,0.078342403747824,0.0999899660382537,0.0262176875118606,0.1324090484624709,0.0999899660382537,0.0999899660382537,0.0262176875118606,0.0545213728963117,0.1324090484624709,0.0322586368373393,0.0999899660382537,0.0999899660382537,0.1324090484624709,0.0999899660382537,0.182053533683929,0.0999899660382537,0.261364164595575,0.078342403747824,0.107359912685637,0.078342403747824,0.0999899660382537,0.053628690703256,0.041172338956928,1.0,0.078342403747824,0.260731216522262,0.078342403747824,0.0545213728963117,0.0636715268145186,0.0545213728963117,0.078342403747824,0.0999899660382537,0.1324090484624709,0.0999899660382537,0.0999899660382537,0.041172338956928,0.0999899660382537,0.041172338956928,0.078342403747824,0.1324090484624709,0.0262176875118606,0.1324090484624709,0.0262176875118606,0.107359912685637,0.0,0.0,0.078342403747824,0.107359912685637,0.0999899660382537,0.0545213728963117,0.182053533683929,0.078342403747824,0.078342403747824,0.1324090484624709,0.0999899660382537,0.0749632197522059,0.0999899660382537,0.0,0.0545213728963117,0.0999899660382537,0.078342403747824,0.0,0.1324090484624709,0.078342403747824,0.041172338956928,0.0749632197522059,0.1324090484624709,0.0999899660382537,0.1324090484624709,0.0749632197522059,0.078342403747824,0.0545213728963117,0.078342403747824,0.078342403747824,0.078342403747824,0.182053533683929,0.107359912685637,0.078342403747824,0.041172338956928,0.0545213728963117,0.8387094771069309,0.0999899660382537,0.078342403747824,0.0545213728963117,0.0636715268145186,0.0999899660382537,0.078342403747824,0.0999899660382537,0.0545213728963117,0.0,0.0262176875118606,0.078342403747824,0.1324090484624709,0.0999899660382537,0.681647618741698,0.0999899660382537,0.0999899660382537,0.053628690703256,0.0999899660382537,0.0467066854134993,0.0322586368373393,0.078342403747824,0.078342403747824,0.0545213728963117,0.0192321645820291,0.0220824020542819,0.182053533683929,0.078342403747824,0.1324090484624709,0.1324090484624709,0.1324090484624709,0.1324090484624709,0.0,0.1324090484624709,0.0,0.078342403747824,0.0262176875118606,0.041172338956928,0.0322586368373393,0.0,0.0999899660382537,0.681647618741698,0.041172338956928,0.0,0.0999899660382537,0.041172338956928,0.0999899660382537,0.0999899660382537,0.0545213728963117,0.1324090484624709,0.078342403747824
Chronic lung disease,0.0476199206365212,0.115648378688694,0.115648378688694,0.093408272931481,0.148976520421494,0.115648378688694,0.0322586368373393,0.0476199206365212,0.093408272931481,0.148976520421494,0.0613432731147329,0.0384622300306098,0.148976520421494,0.115768709113422,1.0,0.0322586368373393,0.148976520421494,0.0476199206365212,0.0613432731147329,0.115768709113422,0.093408272931481,0.093408272931481,0.115648378688694,0.078342403747824,0.093408272931481,0.0280132767810044,0.0476199206365212,0.0746915486002605,0.200063521369343,0.093408272931481,0.078342403747824,0.148976520421494,0.0680322436110106,0.115648378688694,0.093408272931481,0.0613432731147329,0.0823790970344355,0.115648378688694,0.0680322436110106,0.093408272931481,0.093408272931481,0.0680322436110106,0.115648378688694,0.148976520421494,0.115648378688694,0.0823790970344355,0.115648378688694,0.0476199206365212,0.0613432731147329,0.274166873716867,0.078342403747824,0.093408272931481,0.0384622300306098,0.351665478053376,0.078342403747824,0.148976520421494,0.115648378688694,0.1252021962253049,0.093408272931481,0.115648378688694,0.115648378688694,0.115648378688694,0.115648378688694,0.115648378688694,0.0680322436110106,0.148976520421494,0.093408272931481,0.0613432731147329,0.0280132767810044,0.0384622300306098,0.078342403747824,0.148976520421494,0.148976520421494,0.549999174998487,0.148976520421494,0.3725798659459621,0.0613432731147329,0.115648378688694,0.200063521369343,0.023062117726601,0.0613432731147329,0.200063521369343,0.444229946263574,0.0823790970344355,0.078342403747824,0.093408272931481,0.115648378688694,0.093408272931481,0.115648378688694,0.0322586368373393,0.148976520421494,0.115648378688694,0.115648378688694,0.0322586368373393,0.0613432731147329,0.148976520421494,0.0384622300306098,0.115648378688694,0.115648378688694,0.148976520421494,0.115648378688694,0.200063521369343,0.115648378688694,0.275363104390711,0.284037401363075,0.115768709113422,0.093408272931481,0.115648378688694,0.0680322436110106,0.0476199206365212,0.078342403747824,1.0,0.2811525792754519,0.093408272931481,0.0613432731147329,0.3725798659459621,0.0613432731147329,0.093408272931481,0.115648378688694,0.148976520421494,0.115648378688694,0.115648378688694,0.0476199206365212,0.115648378688694,0.0476199206365212,0.093408272931481,0.274166873716867,0.0322586368373393,0.148976520421494,0.0322586368373393,0.115768709113422,0.0,0.0,0.093408272931481,0.115768709113422,0.115648378688694,0.0613432731147329,0.200063521369343,0.093408272931481,0.093408272931481,0.148976520421494,0.115648378688694,0.0823790970344355,0.115648378688694,0.0,0.0613432731147329,0.115648378688694,0.093408272931481,0.0,0.148976520421494,0.093408272931481,0.0476199206365212,0.0823790970344355,0.148976520421494,0.115648378688694,0.148976520421494,0.0823790970344355,0.093408272931481,0.0613432731147329,0.093408272931481,0.093408272931481,0.093408272931481,0.200063521369343,0.115768709113422,0.093408272931481,0.0476199206365212,0.0613432731147329,0.093408272931481,0.115648378688694,0.093408272931481,0.0613432731147329,0.078342403747824,0.115648378688694,0.093408272931481,0.115648378688694,0.0613432731147329,0.0,0.0322586368373393,1.0,0.148976520421494,0.351665478053376,0.078342403747824,0.115648378688694,0.115648378688694,0.206873557102869,0.115648378688694,0.1852691400432169,0.0384622300306098,0.093408272931481,0.093408272931481,0.0613432731147329,0.0250877674831517,0.0280132767810044,0.608356422123105,0.093408272931481,0.148976520421494,0.148976520421494,0.148976520421494,0.148976520421494,0.0,0.148976520421494,0.0,0.093408272931481,0.0322586368373393,0.0476199206365212,0.0384622300306098,0.0,0.115648378688694,0.078342403747824,0.0476199206365212,0.0,0.115648378688694,0.0476199206365212,0.351665478053376,0.115648378688694,0.0613432731147329,0.148976520421494,0.093408272931481
Cardiovascular disease,0.128249502550101,0.311463077621673,0.311463077621673,0.2811525792754519,0.357256553363825,0.311463077621673,0.107359912685637,0.128249502550101,0.2811525792754519,0.357256553363825,0.147105639620399,0.115768709113422,0.357256553363825,0.223744292237443,0.2811525792754519,0.107359912685637,0.357256553363825,0.128249502550101,0.147105639620399,0.223744292237443,0.2811525792754519,0.2811525792754519,0.311463077621673,0.479833079146011,0.2811525792754519,0.1016266783579799,0.128249502550101,0.217599290101962,0.4283294516197329,0.2811525792754519,0.260731216522262,0.357256553363825,0.2468076474408089,0.311463077621673,0.2811525792754519,0.147105639620399,0.1763709506669489,0.311463077621673,0.2468076474408089,0.517415250935496,0.2811525792754519,0.2468076474408089,0.573196756295348,0.357256553363825,0.311463077621673,0.1763709506669489,0.311463077621673,0.128249502550101,0.147105639620399,0.357256553363825,0.260731216522262,0.2811525792754519,0.115768709113422,0.311463077621673,0.260731216522262,0.357256553363825,0.311463077621673,0.2468076474408089,0.2811525792754519,0.311463077621673,0.573196756295348,0.311463077621673,0.311463077621673,0.573196756295348,0.2468076474408089,0.357256553363825,0.2811525792754519,0.147105639620399,0.1016266783579799,0.115768709113422,0.260731216522262,0.357256553363825,0.357256553363825,0.311463077621673,0.357256553363825,0.260731216522262,0.147105639620399,0.573196756295348,0.4283294516197329,0.0949619587666687,0.147105639620399,0.4283294516197329,0.2811525792754519,0.1763709506669489,0.260731216522262,0.2811525792754519,0.311463077621673,0.517415250935496,0.311463077621673,0.107359912685637,0.357256553363825,0.311463077621673,0.311463077621673,0.107359912685637,0.147105639620399,0.357256553363825,0.115768709113422,0.573196756295348,0.311463077621673,0.357256553363825,0.311463077621673,0.4283294516197329,0.311463077621673,0.4670846394984329,0.2811525792754519,0.223744292237443,0.2811525792754519,0.311463077621673,0.2468076474408089,0.128249502550101,0.260731216522262,0.2811525792754519,1.0,0.2811525792754519,0.147105639620399,0.260731216522262,0.147105639620399,0.2811525792754519,0.311463077621673,0.357256553363825,0.311463077621673,0.311463077621673,0.128249502550101,0.311463077621673,0.128249502550101,0.2811525792754519,0.357256553363825,0.107359912685637,0.357256553363825,0.107359912685637,0.223744292237443,0.0,0.0,0.2811525792754519,0.223744292237443,0.311463077621673,0.147105639620399,0.4283294516197329,0.2811525792754519,0.2811525792754519,0.357256553363825,0.311463077621673,0.1763709506669489,0.311463077621673,0.0,0.147105639620399,0.311463077621673,0.2811525792754519,0.0,0.357256553363825,0.2811525792754519,0.128249502550101,0.1763709506669489,0.357256553363825,0.311463077621673,0.357256553363825,0.1763709506669489,0.517415250935496,0.147105639620399,0.517415250935496,0.2811525792754519,0.2811525792754519,0.4283294516197329,0.223744292237443,0.2811525792754519,0.128249502550101,0.147105639620399,0.2811525792754519,0.311463077621673,0.2811525792754519,0.147105639620399,0.260731216522262,0.311463077621673,0.2811525792754519,0.311463077621673,0.147105639620399,0.0,0.107359912685637,0.2811525792754519,0.357256553363825,0.311463077621673,0.260731216522262,0.311463077621673,0.311463077621673,0.2468076474408089,0.573196756295348,0.237237082372677,0.115768709113422,0.2811525792754519,0.2811525792754519,0.147105639620399,0.0976858574475728,0.1016266783579799,0.4283294516197329,0.2811525792754519,0.357256553363825,0.357256553363825,0.357256553363825,0.357256553363825,0.0,0.357256553363825,0.0,0.2811525792754519,0.107359912685637,0.128249502550101,0.115768709113422,0.0,0.311463077621673,0.260731216522262,0.128249502550101,0.0,0.311463077621673,0.128249502550101,0.311463077621673,0.311463077621673,0.147105639620399,0.357256553363825,0.2811525792754519
Clostridium difficile associated disease,0.0476199206365212,0.115648378688694,0.549999174998487,0.6730764389785729,0.453010235567401,0.212831890191799,0.0322586368373393,0.0476199206365212,0.093408272931481,0.453010235567401,0.0613432731147329,0.0384622300306098,0.148976520421494,0.115768709113422,0.093408272931481,0.0322586368373393,0.7085007524967339,0.0476199206365212,0.0613432731147329,0.115768709113422,0.093408272931481,0.093408272931481,0.8333330277772181,0.078342403747824,0.171902619932726,0.0280132767810044,0.0476199206365212,0.0746915486002605,0.368184127562069,0.171902619932726,0.078342403747824,0.453010235567401,0.0680322436110106,0.115648378688694,0.093408272931481,0.0613432731147329,0.0823790970344355,0.115648378688694,0.1252021962253049,0.093408272931481,0.093408272931481,0.0680322436110106,0.115648378688694,0.148976520421494,0.115648378688694,0.0823790970344355,0.212831890191799,0.0476199206365212,0.0613432731147329,0.148976520421494,0.078342403747824,0.093408272931481,0.0384622300306098,0.115648378688694,0.078342403747824,0.274166873716867,0.115648378688694,0.0680322436110106,0.093408272931481,0.115648378688694,0.115648378688694,0.115648378688694,0.115648378688694,0.115648378688694,0.0680322436110106,0.148976520421494,0.093408272931481,0.0613432731147329,0.0280132767810044,0.0384622300306098,0.078342403747824,0.274166873716867,0.274166873716867,0.115648378688694,0.274166873716867,0.078342403747824,0.0613432731147329,0.115648378688694,0.368184127562069,0.023062117726601,0.0613432731147329,0.368184127562069,0.093408272931481,0.0823790970344355,0.078342403747824,0.093408272931481,0.115648378688694,0.093408272931481,0.212831890191799,0.0322586368373393,0.274166873716867,0.212831890191799,0.549999174998487,0.0322586368373393,0.0613432731147329,0.148976520421494,0.0384622300306098,0.115648378688694,0.115648378688694,0.148976520421494,0.351665478053376,0.368184127562069,0.351665478053376,0.275363104390711,0.093408272931481,0.115768709113422,0.093408272931481,0.212831890191799,0.1252021962253049,0.0476199206365212,0.078342403747824,0.093408272931481,0.2811525792754519,1.0,0.0613432731147329,0.078342403747824,0.0613432731147329,0.171902619932726,0.115648378688694,0.148976520421494,0.212831890191799,0.115648378688694,0.0476199206365212,0.212831890191799,0.0476199206365212,0.093408272931481,0.148976520421494,0.0322586368373393,0.148976520421494,0.0322586368373393,0.115768709113422,0.0,0.0,0.171902619932726,0.115768709113422,0.115648378688694,0.0613432731147329,0.368184127562069,0.171902619932726,0.093408272931481,0.148976520421494,0.212831890191799,0.0823790970344355,0.351665478053376,0.0,0.0613432731147329,0.212831890191799,0.093408272931481,0.0,0.148976520421494,0.093408272931481,0.0476199206365212,0.0823790970344355,0.148976520421494,0.115648378688694,0.148976520421494,0.0823790970344355,0.093408272931481,0.0613432731147329,0.093408272931481,0.093408272931481,0.093408272931481,0.368184127562069,0.115768709113422,0.093408272931481,0.0476199206365212,0.0613432731147329,0.093408272931481,0.115648378688694,0.171902619932726,0.0613432731147329,0.078342403747824,0.351665478053376,0.093408272931481,0.115648378688694,0.0613432731147329,0.0,0.0322586368373393,0.093408272931481,0.148976520421494,0.115648378688694,0.078342403747824,0.115648378688694,0.115648378688694,0.0680322436110106,0.115648378688694,0.0609274353162256,0.0384622300306098,0.093408272931481,0.093408272931481,0.0613432731147329,0.0250877674831517,0.0280132767810044,0.200063521369343,0.284037401363075,0.274166873716867,0.148976520421494,0.148976520421494,0.148976520421494,0.0,0.148976520421494,0.0,0.093408272931481,0.0322586368373393,0.0476199206365212,0.0384622300306098,0.0,0.115648378688694,0.078342403747824,0.0476199206365212,0.0,0.115648378688694,0.0476199206365212,0.115648378688694,0.115648378688694,0.0613432731147329,0.148976520421494,0.6730764389785729
Botulism,0.0714299464323527,0.0714299464323527,0.0714299464323527,0.0613432731147329,0.0865818037575277,0.0714299464323527,0.0545213728963117,0.0714299464323527,0.0613432731147329,0.0865818037575277,0.21027009483971,0.0613432731147329,0.0865818037575277,0.147105639620399,0.0613432731147329,0.0545213728963117,0.0865818037575277,0.0714299464323527,0.0865818037575277,0.147105639620399,0.0613432731147329,0.0613432731147329,0.0714299464323527,0.0545213728963117,0.0613432731147329,0.0498579928542293,0.0714299464323527,0.0485747365313862,0.1098923880062569,0.0613432731147329,0.0545213728963117,0.0865818037575277,0.0498579928542293,0.0714299464323527,0.0613432731147329,0.21027009483971,0.266881513729481,0.0714299464323527,0.0498579928542293,0.0613432731147329,0.0613432731147329,0.0498579928542293,0.0714299464323527,0.0865818037575277,0.0714299464323527,0.266881513729481,0.0714299464323527,0.0714299464323527,0.639392737369731,0.0865818037575277,0.0545213728963117,0.0613432731147329,0.0613432731147329,0.0714299464323527,0.0545213728963117,0.0865818037575277,0.0714299464323527,0.0498579928542293,0.0613432731147329,0.0714299464323527,0.0714299464323527,0.0714299464323527,0.0714299464323527,0.0714299464323527,0.0498579928542293,0.0865818037575277,0.0613432731147329,0.386967653528542,0.0498579928542293,0.0613432731147329,0.0545213728963117,0.0865818037575277,0.0865818037575277,0.0714299464323527,0.0865818037575277,0.0545213728963117,0.0865818037575277,0.0714299464323527,0.1098923880062569,0.0444245555713213,0.21027009483971,0.1098923880062569,0.0613432731147329,0.1098923880062569,0.0545213728963117,0.0613432731147329,0.0714299464323527,0.0613432731147329,0.0714299464323527,0.0545213728963117,0.0865818037575277,0.0714299464323527,0.0714299464323527,0.0545213728963117,0.21027009483971,0.0865818037575277,0.0613432731147329,0.0714299464323527,0.0714299464323527,0.0865818037575277,0.0714299464323527,0.1098923880062569,0.0714299464323527,0.32866873393231,0.0613432731147329,0.147105639620399,0.0613432731147329,0.0714299464323527,0.0498579928542293,0.0714299464323527,0.0545213728963117,0.0613432731147329,0.147105639620399,0.0613432731147329,1.0,0.0545213728963117,0.0865818037575277,0.0613432731147329,0.0714299464323527,0.0865818037575277,0.0714299464323527,0.0714299464323527,0.1734727270499989,0.0714299464323527,0.0714299464323527,0.0613432731147329,0.0865818037575277,0.0545213728963117,0.0865818037575277,0.0545213728963117,0.147105639620399,0.0,0.0,0.0613432731147329,0.147105639620399,0.0714299464323527,0.0865818037575277,0.1098923880062569,0.0613432731147329,0.0613432731147329,0.0865818037575277,0.0714299464323527,0.266881513729481,0.0714299464323527,0.0,0.0865818037575277,0.0714299464323527,0.0613432731147329,0.0,0.0865818037575277,0.0613432731147329,0.1734727270499989,0.266881513729481,0.0865818037575277,0.0714299464323527,0.0865818037575277,0.1098923880062569,0.0613432731147329,0.0865818037575277,0.0613432731147329,0.0613432731147329,0.0613432731147329,0.1098923880062569,0.147105639620399,0.0613432731147329,0.0714299464323527,0.386967653528542,0.0613432731147329,0.0714299464323527,0.0613432731147329,0.0865818037575277,0.0545213728963117,0.0714299464323527,0.0613432731147329,0.0714299464323527,0.0865818037575277,0.0,0.0545213728963117,0.0613432731147329,0.0865818037575277,0.0714299464323527,0.0545213728963117,0.0714299464323527,0.0714299464323527,0.0498579928542293,0.0714299464323527,0.0466468368249435,0.0613432731147329,0.0613432731147329,0.0613432731147329,0.0865818037575277,0.0466468368249435,0.0498579928542293,0.1098923880062569,0.0613432731147329,0.0865818037575277,0.0865818037575277,0.0865818037575277,0.0865818037575277,0.0,0.0865818037575277,0.0,0.0613432731147329,0.0545213728963117,0.0714299464323527,0.0613432731147329,0.0,0.0714299464323527,0.0545213728963117,0.0714299464323527,0.0,0.0714299464323527,0.0714299464323527,0.0714299464323527,0.0714299464323527,0.0865818037575277,0.0865818037575277,0.0613432731147329
Idiopathic Pulmonary Fibrosis,0.041172338956928,0.0999899660382537,0.0999899660382537,0.078342403747824,0.1324090484624709,0.0999899660382537,0.0262176875118606,0.041172338956928,0.078342403747824,0.1324090484624709,0.0545213728963117,0.0322586368373393,0.1324090484624709,0.107359912685637,0.3725798659459621,0.0262176875118606,0.1324090484624709,0.041172338956928,0.0545213728963117,0.107359912685637,0.078342403747824,0.078342403747824,0.0999899660382537,0.0636715268145186,0.078342403747824,0.0220824020542819,0.041172338956928,0.0628116880447429,0.182053533683929,0.078342403747824,0.0636715268145186,0.1324090484624709,0.053628690703256,0.0999899660382537,0.078342403747824,0.0545213728963117,0.0749632197522059,0.0999899660382537,0.053628690703256,0.078342403747824,0.078342403747824,0.053628690703256,0.0999899660382537,0.1324090484624709,0.0999899660382537,0.0749632197522059,0.0999899660382537,0.041172338956928,0.0545213728963117,0.243677156414128,0.0636715268145186,0.078342403747824,0.0322586368373393,0.304051121218363,0.0636715268145186,0.1324090484624709,0.0999899660382537,0.0986948173446475,0.078342403747824,0.0999899660382537,0.0999899660382537,0.0999899660382537,0.0999899660382537,0.0999899660382537,0.053628690703256,0.1324090484624709,0.078342403747824,0.0545213728963117,0.0220824020542819,0.0322586368373393,0.0636715268145186,0.1324090484624709,0.1324090484624709,0.47553108355459,0.1324090484624709,1.0,0.0545213728963117,0.0999899660382537,0.182053533683929,0.0172583557076123,0.0545213728963117,0.182053533683929,0.3725798659459621,0.0749632197522059,0.0636715268145186,0.078342403747824,0.0999899660382537,0.078342403747824,0.0999899660382537,0.0262176875118606,0.1324090484624709,0.0999899660382537,0.0999899660382537,0.0262176875118606,0.0545213728963117,0.1324090484624709,0.0322586368373393,0.0999899660382537,0.0999899660382537,0.1324090484624709,0.0999899660382537,0.182053533683929,0.0999899660382537,0.261364164595575,0.238224860376036,0.107359912685637,0.078342403747824,0.0999899660382537,0.053628690703256,0.041172338956928,0.0636715268145186,0.3725798659459621,0.260731216522262,0.078342403747824,0.0545213728963117,1.0,0.0545213728963117,0.078342403747824,0.0999899660382537,0.1324090484624709,0.0999899660382537,0.0999899660382537,0.041172338956928,0.0999899660382537,0.041172338956928,0.078342403747824,0.243677156414128,0.0262176875118606,0.1324090484624709,0.0262176875118606,0.107359912685637,0.0,0.0,0.078342403747824,0.107359912685637,0.0999899660382537,0.0545213728963117,0.182053533683929,0.078342403747824,0.078342403747824,0.1324090484624709,0.0999899660382537,0.0749632197522059,0.0999899660382537,0.0,0.0545213728963117,0.0999899660382537,0.078342403747824,0.0,0.1324090484624709,0.078342403747824,0.041172338956928,0.0749632197522059,0.1324090484624709,0.0999899660382537,0.1324090484624709,0.0749632197522059,0.078342403747824,0.0545213728963117,0.078342403747824,0.078342403747824,0.078342403747824,0.182053533683929,0.107359912685637,0.078342403747824,0.041172338956928,0.0545213728963117,0.078342403747824,0.0999899660382537,0.078342403747824,0.0545213728963117,0.0636715268145186,0.0999899660382537,0.078342403747824,0.0999899660382537,0.0545213728963117,0.0,0.0262176875118606,0.3725798659459621,0.1324090484624709,0.304051121218363,0.0636715268145186,0.0999899660382537,0.0999899660382537,0.163074998260921,0.0999899660382537,0.142026451563498,0.0322586368373393,0.078342403747824,0.078342403747824,0.0545213728963117,0.0192321645820291,0.0220824020542819,0.5535913575286819,0.078342403747824,0.1324090484624709,0.1324090484624709,0.1324090484624709,0.1324090484624709,0.0,0.1324090484624709,0.0,0.078342403747824,0.0262176875118606,0.041172338956928,0.0322586368373393,0.0,0.0999899660382537,0.0636715268145186,0.041172338956928,0.0,0.0999899660382537,0.041172338956928,0.304051121218363,0.0999899660382537,0.0545213728963117,0.1324090484624709,0.078342403747824
Rett Syndrome,0.527498700621427,0.0714299464323527,0.0714299464323527,0.0613432731147329,0.0865818037575277,0.0714299464323527,0.0545213728963117,0.0714299464323527,0.0613432731147329,0.0865818037575277,0.0865818037575277,0.0613432731147329,0.0865818037575277,0.147105639620399,0.0613432731147329,0.0545213728963117,0.0865818037575277,0.1734727270499989,0.21027009483971,0.147105639620399,0.0613432731147329,0.0613432731147329,0.0714299464323527,0.0545213728963117,0.0613432731147329,0.0498579928542293,0.0714299464323527,0.0485747365313862,0.1098923880062569,0.0613432731147329,0.0545213728963117,0.0865818037575277,0.0498579928542293,0.0714299464323527,0.0613432731147329,0.0865818037575277,0.1098923880062569,0.0714299464323527,0.0498579928542293,0.0613432731147329,0.0613432731147329,0.0498579928542293,0.0714299464323527,0.0865818037575277,0.0714299464323527,0.1098923880062569,0.0714299464323527,0.0714299464323527,0.0865818037575277,0.0865818037575277,0.0545213728963117,0.0613432731147329,0.0613432731147329,0.0714299464323527,0.0545213728963117,0.0865818037575277,0.0714299464323527,0.0498579928542293,0.0613432731147329,0.0714299464323527,0.0714299464323527,0.0714299464323527,0.0714299464323527,0.0714299464323527,0.0498579928542293,0.0865818037575277,0.0613432731147329,0.0865818037575277,0.0498579928542293,0.0613432731147329,0.0545213728963117,0.0865818037575277,0.0865818037575277,0.0714299464323527,0.0865818037575277,0.0545213728963117,0.0865818037575277,0.0714299464323527,0.1098923880062569,0.0444245555713213,0.0865818037575277,0.1098923880062569,0.0613432731147329,0.81153766419781,0.0545213728963117,0.0613432731147329,0.0714299464323527,0.0613432731147329,0.0714299464323527,0.0545213728963117,0.0865818037575277,0.0714299464323527,0.0714299464323527,0.0545213728963117,0.0865818037575277,0.0865818037575277,0.0613432731147329,0.0714299464323527,0.0714299464323527,0.0865818037575277,0.0714299464323527,0.1098923880062569,0.0714299464323527,0.32866873393231,0.0613432731147329,0.147105639620399,0.0613432731147329,0.0714299464323527,0.0498579928542293,0.0714299464323527,0.0545213728963117,0.0613432731147329,0.147105639620399,0.0613432731147329,0.0865818037575277,0.0545213728963117,1.0,0.0613432731147329,0.0714299464323527,0.0865818037575277,0.0714299464323527,0.0714299464323527,0.0714299464323527,0.0714299464323527,0.3192481279323519,0.0613432731147329,0.0865818037575277,0.0545213728963117,0.0865818037575277,0.0545213728963117,0.147105639620399,0.0,0.0,0.0613432731147329,0.147105639620399,0.0714299464323527,0.21027009483971,0.1098923880062569,0.0613432731147329,0.0613432731147329,0.0865818037575277,0.0714299464323527,0.1098923880062569,0.0714299464323527,0.0,0.21027009483971,0.0714299464323527,0.0613432731147329,0.0,0.0865818037575277,0.0613432731147329,0.0714299464323527,0.1098923880062569,0.0865818037575277,0.0714299464323527,0.0865818037575277,0.266881513729481,0.0613432731147329,0.0865818037575277,0.0613432731147329,0.0613432731147329,0.0613432731147329,0.1098923880062569,0.147105639620399,0.0613432731147329,0.0714299464323527,0.0865818037575277,0.0613432731147329,0.0714299464323527,0.0613432731147329,0.639392737369731,0.0545213728963117,0.0714299464323527,0.0613432731147329,0.0714299464323527,0.0865818037575277,0.0,0.0545213728963117,0.0613432731147329,0.0865818037575277,0.0714299464323527,0.0545213728963117,0.0714299464323527,0.0714299464323527,0.0498579928542293,0.0714299464323527,0.0466468368249435,0.0613432731147329,0.0613432731147329,0.0613432731147329,0.386967653528542,0.0466468368249435,0.0498579928542293,0.1098923880062569,0.0613432731147329,0.0865818037575277,0.0865818037575277,0.0865818037575277,0.0865818037575277,0.0,0.0865818037575277,0.0,0.0613432731147329,0.0545213728963117,0.0714299464323527,0.0613432731147329,0.0,0.0714299464323527,0.0545213728963117,0.0714299464323527,0.0,0.0714299464323527,0.0714299464323527,0.0714299464323527,0.0714299464323527,0.0865818037575277,0.0865818037575277,0.0613432731147329
Gingivitis,0.0476199206365212,0.115648378688694,0.212831890191799,0.171902619932726,0.274166873716867,0.212831890191799,0.0322586368373393,0.0476199206365212,0.093408272931481,0.274166873716867,0.0613432731147329,0.0384622300306098,0.148976520421494,0.115768709113422,0.093408272931481,0.0322586368373393,0.274166873716867,0.0476199206365212,0.0613432731147329,0.115768709113422,0.093408272931481,0.093408272931481,0.212831890191799,0.078342403747824,0.444229946263574,0.0280132767810044,0.0476199206365212,0.0746915486002605,0.368184127562069,0.284037401363075,0.078342403747824,0.274166873716867,0.0680322436110106,0.115648378688694,0.093408272931481,0.0613432731147329,0.0823790970344355,0.115648378688694,0.1252021962253049,0.093408272931481,0.093408272931481,0.0680322436110106,0.115648378688694,0.148976520421494,0.115648378688694,0.0823790970344355,0.351665478053376,0.0476199206365212,0.0613432731147329,0.148976520421494,0.078342403747824,0.093408272931481,0.0384622300306098,0.115648378688694,0.078342403747824,0.7085007524967339,0.115648378688694,0.0680322436110106,0.093408272931481,0.115648378688694,0.115648378688694,0.115648378688694,0.115648378688694,0.115648378688694,0.0680322436110106,0.148976520421494,0.093408272931481,0.0613432731147329,0.0280132767810044,0.0384622300306098,0.078342403747824,0.274166873716867,0.274166873716867,0.115648378688694,0.453010235567401,0.078342403747824,0.0613432731147329,0.115648378688694,0.608356422123105,0.023062117726601,0.0613432731147329,0.368184127562069,0.093408272931481,0.0823790970344355,0.078342403747824,0.093408272931481,0.115648378688694,0.093408272931481,0.351665478053376,0.0322586368373393,0.274166873716867,0.212831890191799,0.212831890191799,0.0322586368373393,0.0613432731147329,0.148976520421494,0.0384622300306098,0.115648378688694,0.115648378688694,0.148976520421494,0.212831890191799,0.368184127562069,0.212831890191799,0.275363104390711,0.093408272931481,0.115768709113422,0.093408272931481,0.351665478053376,0.1252021962253049,0.0476199206365212,0.078342403747824,0.093408272931481,0.2811525792754519,0.171902619932726,0.0613432731147329,0.078342403747824,0.0613432731147329,1.0,0.115648378688694,0.148976520421494,0.212831890191799,0.115648378688694,0.0476199206365212,0.549999174998487,0.0476199206365212,0.093408272931481,0.148976520421494,0.0322586368373393,0.148976520421494,0.0322586368373393,0.115768709113422,0.0,0.0,0.171902619932726,0.115768709113422,0.115648378688694,0.0613432731147329,0.368184127562069,0.171902619932726,0.093408272931481,0.148976520421494,0.212831890191799,0.0823790970344355,0.212831890191799,0.0,0.0613432731147329,0.212831890191799,0.093408272931481,0.0,0.148976520421494,0.093408272931481,0.0476199206365212,0.0823790970344355,0.148976520421494,0.115648378688694,0.148976520421494,0.0823790970344355,0.093408272931481,0.0613432731147329,0.093408272931481,0.093408272931481,0.093408272931481,0.368184127562069,0.115768709113422,0.093408272931481,0.0476199206365212,0.0613432731147329,0.093408272931481,0.115648378688694,0.171902619932726,0.0613432731147329,0.078342403747824,0.212831890191799,0.093408272931481,0.115648378688694,0.0613432731147329,0.0,0.0322586368373393,0.093408272931481,0.148976520421494,0.115648378688694,0.078342403747824,0.115648378688694,0.115648378688694,0.0680322436110106,0.115648378688694,0.0609274353162256,0.0384622300306098,0.093408272931481,0.093408272931481,0.0613432731147329,0.0250877674831517,0.0280132767810044,0.200063521369343,0.171902619932726,0.453010235567401,0.148976520421494,0.148976520421494,0.148976520421494,0.0,0.148976520421494,0.0,0.093408272931481,0.0322586368373393,0.0476199206365212,0.0384622300306098,0.0,0.115648378688694,0.078342403747824,0.0476199206365212,0.0,0.115648378688694,0.0476199206365212,0.115648378688694,0.115648378688694,0.0613432731147329,0.148976520421494,0.171902619932726
Chronic prostatitis / Chronic pelvic pain syndrome,0.0571439257166366,0.138778105311832,0.138778105311832,0.115648378688694,0.1734727270499989,0.138778105311832,0.041172338956928,0.0571439257166366,0.115648378688694,0.1734727270499989,0.0714299464323527,0.0476199206365212,0.1734727270499989,0.128249502550101,0.115648378688694,0.041172338956928,0.1734727270499989,0.0571439257166366,0.0714299464323527,0.128249502550101,0.115648378688694,0.115648378688694,0.138778105311832,0.0999899660382537,0.115648378688694,0.0367619429090039,0.0571439257166366,0.0921133696066727,0.226732089065557,0.115648378688694,0.0999899660382537,0.1734727270499989,0.0892790042075809,0.138778105311832,0.115648378688694,0.0714299464323527,0.0933602719681705,0.138778105311832,0.0892790042075809,0.115648378688694,0.115648378688694,0.0892790042075809,0.138778105311832,0.1734727270499989,0.138778105311832,0.0933602719681705,0.138778105311832,0.0571439257166366,0.0714299464323527,0.1734727270499989,0.0999899660382537,0.212831890191799,0.0476199206365212,0.138778105311832,0.0999899660382537,0.1734727270499989,0.138778105311832,0.0892790042075809,0.115648378688694,0.138778105311832,0.138778105311832,0.138778105311832,0.138778105311832,0.138778105311832,0.0892790042075809,0.3192481279323519,0.212831890191799,0.0714299464323527,0.0367619429090039,0.0476199206365212,0.0999899660382537,0.1734727270499989,0.1734727270499989,0.138778105311832,0.1734727270499989,0.0999899660382537,0.0714299464323527,0.138778105311832,0.226732089065557,0.0316202950567523,0.0714299464323527,0.226732089065557,0.115648378688694,0.0933602719681705,0.0999899660382537,0.115648378688694,0.138778105311832,0.115648378688694,0.138778105311832,0.041172338956928,0.1734727270499989,0.138778105311832,0.138778105311832,0.041172338956928,0.0714299464323527,0.1734727270499989,0.0476199206365212,0.138778105311832,0.138778105311832,0.1734727270499989,0.138778105311832,0.226732089065557,0.138778105311832,0.296376456737466,0.115648378688694,0.128249502550101,0.212831890191799,0.138778105311832,0.0892790042075809,0.0571439257166366,0.0999899660382537,0.115648378688694,0.311463077621673,0.115648378688694,0.0714299464323527,0.0999899660382537,0.0714299464323527,0.115648378688694,1.0,0.1734727270499989,0.138778105311832,0.138778105311832,0.0571439257166366,0.138778105311832,0.0571439257166366,0.115648378688694,0.1734727270499989,0.041172338956928,0.1734727270499989,0.041172338956928,0.128249502550101,0.0,0.0,0.115648378688694,0.128249502550101,0.138778105311832,0.0714299464323527,0.226732089065557,0.115648378688694,0.115648378688694,0.1734727270499989,0.138778105311832,0.0933602719681705,0.138778105311832,0.0,0.0714299464323527,0.138778105311832,0.212831890191799,0.0,0.3192481279323519,0.351665478053376,0.0571439257166366,0.0933602719681705,0.1734727270499989,0.255398361876396,0.1734727270499989,0.0933602719681705,0.115648378688694,0.0714299464323527,0.115648378688694,0.115648378688694,0.115648378688694,0.226732089065557,0.128249502550101,0.115648378688694,0.0571439257166366,0.0714299464323527,0.115648378688694,0.138778105311832,0.115648378688694,0.0714299464323527,0.0999899660382537,0.138778105311832,0.115648378688694,0.421998728397202,0.0714299464323527,0.0,0.041172338956928,0.115648378688694,0.1734727270499989,0.138778105311832,0.0999899660382537,0.421998728397202,0.421998728397202,0.0892790042075809,0.138778105311832,0.0819002213950383,0.0476199206365212,0.115648378688694,0.115648378688694,0.0714299464323527,0.0337236205744276,0.0367619429090039,0.226732089065557,0.115648378688694,0.1734727270499989,0.1734727270499989,0.3192481279323519,0.1734727270499989,0.0,0.1734727270499989,0.0,0.212831890191799,0.041172338956928,0.0571439257166366,0.0476199206365212,0.0,0.138778105311832,0.0999899660382537,0.0571439257166366,0.0,0.138778105311832,0.0571439257166366,0.138778105311832,0.138778105311832,0.0714299464323527,0.1734727270499989,0.115648378688694
Kidney stone,0.0714299464323527,0.1734727270499989,0.1734727270499989,0.148976520421494,0.21027009483971,0.1734727270499989,0.0545213728963117,0.0714299464323527,0.148976520421494,0.21027009483971,0.0865818037575277,0.0613432731147329,0.21027009483971,0.147105639620399,0.148976520421494,0.0545213728963117,0.21027009483971,0.0714299464323527,0.0865818037575277,0.147105639620399,0.148976520421494,0.148976520421494,0.1734727270499989,0.1324090484624709,0.148976520421494,0.0498579928542293,0.0714299464323527,0.117967217290509,0.266881513729481,0.148976520421494,0.1324090484624709,0.21027009483971,0.1210836969317,0.1734727270499989,0.148976520421494,0.0865818037575277,0.1098923880062569,0.1734727270499989,0.1210836969317,0.148976520421494,0.148976520421494,0.1210836969317,0.1734727270499989,0.21027009483971,0.1734727270499989,0.1098923880062569,0.1734727270499989,0.0714299464323527,0.0865818037575277,0.21027009483971,0.1324090484624709,0.148976520421494,0.0613432731147329,0.1734727270499989,0.1324090484624709,0.21027009483971,0.1734727270499989,0.1210836969317,0.148976520421494,0.1734727270499989,0.1734727270499989,0.1734727270499989,0.3192481279323519,0.1734727270499989,0.1210836969317,0.21027009483971,0.148976520421494,0.0865818037575277,0.0498579928542293,0.0613432731147329,0.1324090484624709,0.21027009483971,0.21027009483971,0.1734727270499989,0.21027009483971,0.1324090484624709,0.0865818037575277,0.1734727270499989,0.266881513729481,0.0444245555713213,0.0865818037575277,0.266881513729481,0.148976520421494,0.1098923880062569,0.1324090484624709,0.148976520421494,0.1734727270499989,0.148976520421494,0.1734727270499989,0.0545213728963117,0.21027009483971,0.1734727270499989,0.1734727270499989,0.0545213728963117,0.0865818037575277,0.21027009483971,0.0613432731147329,0.1734727270499989,0.1734727270499989,0.21027009483971,0.1734727270499989,0.266881513729481,0.1734727270499989,0.32866873393231,0.148976520421494,0.147105639620399,0.148976520421494,0.1734727270499989,0.1210836969317,0.0714299464323527,0.1324090484624709,0.148976520421494,0.357256553363825,0.148976520421494,0.0865818037575277,0.1324090484624709,0.0865818037575277,0.148976520421494,0.1734727270499989,1.0,0.1734727270499989,0.527498700621427,0.0714299464323527,0.1734727270499989,0.0714299464323527,0.148976520421494,0.21027009483971,0.0545213728963117,0.21027009483971,0.0545213728963117,0.147105639620399,0.0,0.0,0.148976520421494,0.147105639620399,0.1734727270499989,0.0865818037575277,0.266881513729481,0.148976520421494,0.148976520421494,0.21027009483971,0.1734727270499989,0.1098923880062569,0.1734727270499989,0.0,0.0865818037575277,0.1734727270499989,0.148976520421494,0.0,0.21027009483971,0.148976520421494,0.0714299464323527,0.1098923880062569,0.386967653528542,0.1734727270499989,0.21027009483971,0.1098923880062569,0.148976520421494,0.0865818037575277,0.148976520421494,0.148976520421494,0.148976520421494,0.266881513729481,0.147105639620399,0.148976520421494,0.0714299464323527,0.0865818037575277,0.148976520421494,0.1734727270499989,0.148976520421494,0.0865818037575277,0.402631596345066,0.1734727270499989,0.148976520421494,0.1734727270499989,0.0865818037575277,0.0,0.0545213728963117,0.148976520421494,0.21027009483971,0.1734727270499989,0.1324090484624709,0.1734727270499989,0.1734727270499989,0.1210836969317,0.1734727270499989,0.113285175146291,0.0613432731147329,0.148976520421494,0.148976520421494,0.0865818037575277,0.0466468368249435,0.0498579928542293,0.266881513729481,0.148976520421494,0.21027009483971,0.386967653528542,0.21027009483971,0.386967653528542,0.0,0.21027009483971,0.0,0.148976520421494,0.0545213728963117,0.0714299464323527,0.0613432731147329,0.0,0.1734727270499989,0.1324090484624709,0.0714299464323527,0.0,0.1734727270499989,0.0714299464323527,0.1734727270499989,0.1734727270499989,0.0865818037575277,0.21027009483971,0.148976520421494
Eosinophilic esophagitis,0.0571439257166366,0.138778105311832,0.255398361876396,0.212831890191799,0.3192481279323519,0.255398361876396,0.041172338956928,0.0571439257166366,0.115648378688694,0.3192481279323519,0.0714299464323527,0.0476199206365212,0.1734727270499989,0.128249502550101,0.115648378688694,0.041172338956928,0.3192481279323519,0.0571439257166366,0.0714299464323527,0.128249502550101,0.115648378688694,0.115648378688694,0.255398361876396,0.0999899660382537,0.212831890191799,0.0367619429090039,0.0571439257166366,0.0921133696066727,0.4172632563475379,0.212831890191799,0.0999899660382537,0.3192481279323519,0.0892790042075809,0.138778105311832,0.115648378688694,0.0714299464323527,0.0933602719681705,0.138778105311832,0.164303377491262,0.115648378688694,0.115648378688694,0.0892790042075809,0.138778105311832,0.1734727270499989,0.138778105311832,0.0933602719681705,0.255398361876396,0.0571439257166366,0.0714299464323527,0.1734727270499989,0.0999899660382537,0.115648378688694,0.0476199206365212,0.138778105311832,0.0999899660382537,0.3192481279323519,0.138778105311832,0.0892790042075809,0.115648378688694,0.138778105311832,0.138778105311832,0.138778105311832,0.138778105311832,0.138778105311832,0.0892790042075809,0.1734727270499989,0.115648378688694,0.0714299464323527,0.0367619429090039,0.0476199206365212,0.0999899660382537,0.527498700621427,0.527498700621427,0.138778105311832,0.3192481279323519,0.0999899660382537,0.0714299464323527,0.138778105311832,0.4172632563475379,0.0316202950567523,0.0714299464323527,0.4172632563475379,0.115648378688694,0.0933602719681705,0.0999899660382537,0.115648378688694,0.138778105311832,0.115648378688694,0.255398361876396,0.041172338956928,0.3192481279323519,0.659999251998354,0.255398361876396,0.041172338956928,0.0714299464323527,0.1734727270499989,0.0476199206365212,0.138778105311832,0.138778105311832,0.1734727270499989,0.255398361876396,0.4172632563475379,0.255398361876396,0.296376456737466,0.115648378688694,0.128249502550101,0.115648378688694,0.255398361876396,0.164303377491262,0.0571439257166366,0.0999899660382537,0.115648378688694,0.311463077621673,0.212831890191799,0.0714299464323527,0.0999899660382537,0.0714299464323527,0.212831890191799,0.138778105311832,0.1734727270499989,1.0,0.138778105311832,0.0571439257166366,0.255398361876396,0.0571439257166366,0.115648378688694,0.1734727270499989,0.041172338956928,0.1734727270499989,0.041172338956928,0.128249502550101,0.0,0.0,0.212831890191799,0.128249502550101,0.138778105311832,0.0714299464323527,0.4172632563475379,0.212831890191799,0.115648378688694,0.1734727270499989,0.255398361876396,0.0933602719681705,0.255398361876396,0.0,0.0714299464323527,0.255398361876396,0.115648378688694,0.0,0.1734727270499989,0.115648378688694,0.0571439257166366,0.0933602719681705,0.1734727270499989,0.138778105311832,0.1734727270499989,0.0933602719681705,0.115648378688694,0.0714299464323527,0.115648378688694,0.115648378688694,0.115648378688694,0.4172632563475379,0.128249502550101,0.115648378688694,0.0571439257166366,0.0714299464323527,0.115648378688694,0.138778105311832,0.212831890191799,0.0714299464323527,0.0999899660382537,0.255398361876396,0.115648378688694,0.138778105311832,0.0714299464323527,0.0,0.041172338956928,0.115648378688694,0.1734727270499989,0.138778105311832,0.0999899660382537,0.138778105311832,0.138778105311832,0.0892790042075809,0.138778105311832,0.0819002213950383,0.0476199206365212,0.115648378688694,0.115648378688694,0.0714299464323527,0.0337236205744276,0.0367619429090039,0.226732089065557,0.212831890191799,0.3192481279323519,0.1734727270499989,0.1734727270499989,0.1734727270499989,0.0,0.1734727270499989,0.0,0.115648378688694,0.041172338956928,0.0571439257166366,0.0476199206365212,0.0,0.138778105311832,0.0999899660382537,0.0571439257166366,0.0,0.138778105311832,0.0571439257166366,0.138778105311832,0.138778105311832,0.0714299464323527,0.1734727270499989,0.212831890191799
Chronic kidney disease,0.0571439257166366,0.138778105311832,0.138778105311832,0.115648378688694,0.1734727270499989,0.138778105311832,0.041172338956928,0.0571439257166366,0.115648378688694,0.1734727270499989,0.0714299464323527,0.0476199206365212,0.1734727270499989,0.128249502550101,0.115648378688694,0.041172338956928,0.1734727270499989,0.0571439257166366,0.0714299464323527,0.128249502550101,0.115648378688694,0.115648378688694,0.138778105311832,0.0999899660382537,0.115648378688694,0.0367619429090039,0.0571439257166366,0.0921133696066727,0.226732089065557,0.115648378688694,0.0999899660382537,0.1734727270499989,0.0892790042075809,0.138778105311832,0.115648378688694,0.0714299464323527,0.0933602719681705,0.138778105311832,0.0892790042075809,0.115648378688694,0.115648378688694,0.0892790042075809,0.138778105311832,0.1734727270499989,0.138778105311832,0.0933602719681705,0.138778105311832,0.0571439257166366,0.0714299464323527,0.1734727270499989,0.0999899660382537,0.115648378688694,0.0476199206365212,0.138778105311832,0.0999899660382537,0.1734727270499989,0.138778105311832,0.0892790042075809,0.115648378688694,0.138778105311832,0.138778105311832,0.138778105311832,0.255398361876396,0.138778105311832,0.0892790042075809,0.1734727270499989,0.115648378688694,0.0714299464323527,0.0367619429090039,0.0476199206365212,0.0999899660382537,0.1734727270499989,0.1734727270499989,0.138778105311832,0.1734727270499989,0.0999899660382537,0.0714299464323527,0.138778105311832,0.226732089065557,0.0316202950567523,0.0714299464323527,0.226732089065557,0.115648378688694,0.0933602719681705,0.0999899660382537,0.115648378688694,0.138778105311832,0.115648378688694,0.138778105311832,0.041172338956928,0.1734727270499989,0.138778105311832,0.138778105311832,0.041172338956928,0.0714299464323527,0.1734727270499989,0.0476199206365212,0.138778105311832,0.138778105311832,0.1734727270499989,0.138778105311832,0.226732089065557,0.138778105311832,0.296376456737466,0.115648378688694,0.128249502550101,0.115648378688694,0.138778105311832,0.0892790042075809,0.0571439257166366,0.0999899660382537,0.115648378688694,0.311463077621673,0.115648378688694,0.0714299464323527,0.0999899660382537,0.0714299464323527,0.115648378688694,0.138778105311832,0.527498700621427,0.138778105311832,1.0,0.0571439257166366,0.138778105311832,0.0571439257166366,0.115648378688694,0.1734727270499989,0.041172338956928,0.1734727270499989,0.041172338956928,0.128249502550101,0.0,0.0,0.115648378688694,0.128249502550101,0.138778105311832,0.0714299464323527,0.226732089065557,0.115648378688694,0.115648378688694,0.1734727270499989,0.138778105311832,0.0933602719681705,0.138778105311832,0.0,0.0714299464323527,0.138778105311832,0.115648378688694,0.0,0.1734727270499989,0.115648378688694,0.0571439257166366,0.0933602719681705,0.3192481279323519,0.138778105311832,0.1734727270499989,0.0933602719681705,0.115648378688694,0.0714299464323527,0.115648378688694,0.115648378688694,0.115648378688694,0.226732089065557,0.128249502550101,0.115648378688694,0.0571439257166366,0.0714299464323527,0.115648378688694,0.138778105311832,0.115648378688694,0.0714299464323527,0.304051121218363,0.138778105311832,0.115648378688694,0.138778105311832,0.0714299464323527,0.0,0.041172338956928,0.115648378688694,0.1734727270499989,0.138778105311832,0.0999899660382537,0.138778105311832,0.138778105311832,0.0892790042075809,0.138778105311832,0.0819002213950383,0.0476199206365212,0.115648378688694,0.115648378688694,0.0714299464323527,0.0337236205744276,0.0367619429090039,0.226732089065557,0.115648378688694,0.1734727270499989,0.3192481279323519,0.1734727270499989,0.3192481279323519,0.0,0.1734727270499989,0.0,0.115648378688694,0.041172338956928,0.0571439257166366,0.0476199206365212,0.0,0.138778105311832,0.0999899660382537,0.0571439257166366,0.0,0.138778105311832,0.0571439257166366,0.138778105311832,0.138778105311832,0.0714299464323527,0.1734727270499989,0.115648378688694
Chagas' disease,0.0571439257166366,0.0571439257166366,0.0571439257166366,0.0476199206365212,0.0714299464323527,0.0571439257166366,0.041172338956928,0.0571439257166366,0.0476199206365212,0.0714299464323527,0.1734727270499989,0.0476199206365212,0.0714299464323527,0.128249502550101,0.0476199206365212,0.041172338956928,0.0714299464323527,0.0571439257166366,0.0714299464323527,0.128249502550101,0.0476199206365212,0.0476199206365212,0.0571439257166366,0.041172338956928,0.0476199206365212,0.0367619429090039,0.0571439257166366,0.0379290345439241,0.0933602719681705,0.0476199206365212,0.041172338956928,0.0714299464323527,0.0367619429090039,0.0571439257166366,0.0476199206365212,0.1734727270499989,0.226732089065557,0.0571439257166366,0.0367619429090039,0.0476199206365212,0.0476199206365212,0.0367619429090039,0.0571439257166366,0.0714299464323527,0.0571439257166366,0.226732089065557,0.0571439257166366,0.0571439257166366,0.1734727270499989,0.0714299464323527,0.041172338956928,0.0476199206365212,0.0476199206365212,0.0571439257166366,0.041172338956928,0.0714299464323527,0.0571439257166366,0.0367619429090039,0.0476199206365212,0.0571439257166366,0.0571439257166366,0.0571439257166366,0.0571439257166366,0.0571439257166366,0.0367619429090039,0.0714299464323527,0.0476199206365212,0.1734727270499989,0.0367619429090039,0.0476199206365212,0.041172338956928,0.0714299464323527,0.0714299464323527,0.0571439257166366,0.0714299464323527,0.041172338956928,0.0714299464323527,0.0571439257166366,0.0933602719681705,0.0316202950567523,0.1734727270499989,0.0933602719681705,0.0476199206365212,0.0933602719681705,0.041172338956928,0.0476199206365212,0.0571439257166366,0.0476199206365212,0.0571439257166366,0.041172338956928,0.0714299464323527,0.0571439257166366,0.0571439257166366,0.041172338956928,0.1734727270499989,0.0714299464323527,0.0476199206365212,0.0571439257166366,0.0571439257166366,0.0714299464323527,0.0571439257166366,0.0933602719681705,0.0571439257166366,0.296376456737466,0.0476199206365212,0.128249502550101,0.0476199206365212,0.0571439257166366,0.0367619429090039,0.0571439257166366,0.041172338956928,0.0476199206365212,0.128249502550101,0.0476199206365212,0.1734727270499989,0.041172338956928,0.0714299464323527,0.0476199206365212,0.0571439257166366,0.0714299464323527,0.0571439257166366,0.0571439257166366,1.0,0.0571439257166366,0.0571439257166366,0.0476199206365212,0.0714299464323527,0.041172338956928,0.0714299464323527,0.041172338956928,0.128249502550101,0.0,0.0,0.0476199206365212,0.128249502550101,0.0571439257166366,0.0714299464323527,0.0933602719681705,0.0476199206365212,0.0476199206365212,0.0714299464323527,0.0571439257166366,0.226732089065557,0.0571439257166366,0.0,0.0714299464323527,0.0571439257166366,0.0476199206365212,0.0,0.0714299464323527,0.0476199206365212,0.421998728397202,0.226732089065557,0.0714299464323527,0.0571439257166366,0.0714299464323527,0.0933602719681705,0.0476199206365212,0.0714299464323527,0.0476199206365212,0.0476199206365212,0.0476199206365212,0.0933602719681705,0.128249502550101,0.0476199206365212,0.0571439257166366,0.1734727270499989,0.0476199206365212,0.0571439257166366,0.0476199206365212,0.0714299464323527,0.041172338956928,0.0571439257166366,0.0476199206365212,0.0571439257166366,0.0714299464323527,0.0,0.041172338956928,0.0476199206365212,0.0714299464323527,0.0571439257166366,0.041172338956928,0.0571439257166366,0.0571439257166366,0.0367619429090039,0.0571439257166366,0.0337236205744276,0.0476199206365212,0.0476199206365212,0.0476199206365212,0.0714299464323527,0.0337236205744276,0.0367619429090039,0.0933602719681705,0.0476199206365212,0.0714299464323527,0.0714299464323527,0.0714299464323527,0.0714299464323527,0.0,0.0714299464323527,0.0,0.0476199206365212,0.041172338956928,0.0571439257166366,0.0476199206365212,0.0,0.0571439257166366,0.041172338956928,0.0571439257166366,0.0,0.0571439257166366,0.0571439257166366,0.0571439257166366,0.0571439257166366,0.0714299464323527,0.0714299464323527,0.0476199206365212
periodontitis,0.0571439257166366,0.138778105311832,0.255398361876396,0.212831890191799,0.3192481279323519,0.255398361876396,0.041172338956928,0.0571439257166366,0.115648378688694,0.3192481279323519,0.0714299464323527,0.0476199206365212,0.1734727270499989,0.128249502550101,0.115648378688694,0.041172338956928,0.3192481279323519,0.0571439257166366,0.0714299464323527,0.128249502550101,0.115648378688694,0.115648378688694,0.255398361876396,0.0999899660382537,0.8333330277772181,0.0367619429090039,0.0571439257166366,0.0921133696066727,0.4172632563475379,0.351665478053376,0.0999899660382537,0.3192481279323519,0.0892790042075809,0.138778105311832,0.115648378688694,0.0714299464323527,0.0933602719681705,0.138778105311832,0.164303377491262,0.115648378688694,0.115648378688694,0.0892790042075809,0.138778105311832,0.1734727270499989,0.138778105311832,0.0933602719681705,0.421998728397202,0.0571439257166366,0.0714299464323527,0.1734727270499989,0.0999899660382537,0.115648378688694,0.0476199206365212,0.138778105311832,0.0999899660382537,0.8249995187486758,0.138778105311832,0.0892790042075809,0.115648378688694,0.138778105311832,0.138778105311832,0.138778105311832,0.138778105311832,0.138778105311832,0.0892790042075809,0.1734727270499989,0.115648378688694,0.0714299464323527,0.0367619429090039,0.0476199206365212,0.0999899660382537,0.3192481279323519,0.3192481279323519,0.138778105311832,0.527498700621427,0.0999899660382537,0.0714299464323527,0.138778105311832,0.6894506381789389,0.0316202950567523,0.0714299464323527,0.4172632563475379,0.115648378688694,0.0933602719681705,0.0999899660382537,0.115648378688694,0.138778105311832,0.115648378688694,0.421998728397202,0.041172338956928,0.3192481279323519,0.255398361876396,0.255398361876396,0.041172338956928,0.0714299464323527,0.1734727270499989,0.0476199206365212,0.138778105311832,0.138778105311832,0.1734727270499989,0.255398361876396,0.4172632563475379,0.255398361876396,0.296376456737466,0.115648378688694,0.128249502550101,0.115648378688694,0.421998728397202,0.164303377491262,0.0571439257166366,0.0999899660382537,0.115648378688694,0.311463077621673,0.212831890191799,0.0714299464323527,0.0999899660382537,0.0714299464323527,0.549999174998487,0.138778105311832,0.1734727270499989,0.255398361876396,0.138778105311832,0.0571439257166366,1.0,0.0571439257166366,0.115648378688694,0.1734727270499989,0.041172338956928,0.1734727270499989,0.041172338956928,0.128249502550101,0.0,0.0,0.212831890191799,0.128249502550101,0.138778105311832,0.0714299464323527,0.4172632563475379,0.212831890191799,0.115648378688694,0.1734727270499989,0.255398361876396,0.0933602719681705,0.255398361876396,0.0,0.0714299464323527,0.255398361876396,0.115648378688694,0.0,0.1734727270499989,0.115648378688694,0.0571439257166366,0.0933602719681705,0.1734727270499989,0.138778105311832,0.1734727270499989,0.0933602719681705,0.115648378688694,0.0714299464323527,0.115648378688694,0.115648378688694,0.115648378688694,0.4172632563475379,0.128249502550101,0.115648378688694,0.0571439257166366,0.0714299464323527,0.115648378688694,0.138778105311832,0.212831890191799,0.0714299464323527,0.0999899660382537,0.255398361876396,0.115648378688694,0.138778105311832,0.0714299464323527,0.0,0.041172338956928,0.115648378688694,0.1734727270499989,0.138778105311832,0.0999899660382537,0.138778105311832,0.138778105311832,0.0892790042075809,0.138778105311832,0.0819002213950383,0.0476199206365212,0.115648378688694,0.115648378688694,0.0714299464323527,0.0337236205744276,0.0367619429090039,0.226732089065557,0.212831890191799,0.527498700621427,0.1734727270499989,0.1734727270499989,0.1734727270499989,0.0,0.1734727270499989,0.0,0.115648378688694,0.041172338956928,0.0571439257166366,0.0476199206365212,0.0,0.138778105311832,0.0999899660382537,0.0571439257166366,0.0,0.138778105311832,0.0571439257166366,0.138778105311832,0.138778105311832,0.0714299464323527,0.1734727270499989,0.212831890191799
Anorexia Nervosa,0.255398361876396,0.0571439257166366,0.0571439257166366,0.0476199206365212,0.0714299464323527,0.0571439257166366,0.041172338956928,0.0571439257166366,0.0476199206365212,0.0714299464323527,0.0714299464323527,0.0476199206365212,0.0714299464323527,0.128249502550101,0.0476199206365212,0.041172338956928,0.0714299464323527,0.138778105311832,0.1734727270499989,0.128249502550101,0.0476199206365212,0.0476199206365212,0.0571439257166366,0.041172338956928,0.0476199206365212,0.0367619429090039,0.0571439257166366,0.0379290345439241,0.0933602719681705,0.0476199206365212,0.041172338956928,0.0714299464323527,0.0367619429090039,0.0571439257166366,0.0476199206365212,0.0714299464323527,0.0933602719681705,0.0571439257166366,0.0367619429090039,0.0476199206365212,0.0476199206365212,0.0367619429090039,0.0571439257166366,0.0714299464323527,0.0571439257166366,0.0933602719681705,0.0571439257166366,0.0571439257166366,0.0714299464323527,0.0714299464323527,0.041172338956928,0.0476199206365212,0.0476199206365212,0.0571439257166366,0.041172338956928,0.0714299464323527,0.0571439257166366,0.0367619429090039,0.0476199206365212,0.0571439257166366,0.0571439257166366,0.0571439257166366,0.0571439257166366,0.0571439257166366,0.0367619429090039,0.0714299464323527,0.0476199206365212,0.0714299464323527,0.0367619429090039,0.0476199206365212,0.041172338956928,0.0714299464323527,0.0714299464323527,0.0571439257166366,0.0714299464323527,0.041172338956928,0.0714299464323527,0.0571439257166366,0.0933602719681705,0.0316202950567523,0.0714299464323527,0.0933602719681705,0.0476199206365212,0.4172632563475379,0.041172338956928,0.0476199206365212,0.0571439257166366,0.0476199206365212,0.0571439257166366,0.041172338956928,0.0714299464323527,0.0571439257166366,0.0571439257166366,0.041172338956928,0.0714299464323527,0.0714299464323527,0.0476199206365212,0.0571439257166366,0.0571439257166366,0.0714299464323527,0.0571439257166366,0.0933602719681705,0.0571439257166366,0.296376456737466,0.0476199206365212,0.128249502550101,0.0476199206365212,0.0571439257166366,0.0367619429090039,0.0571439257166366,0.041172338956928,0.0476199206365212,0.128249502550101,0.0476199206365212,0.0714299464323527,0.041172338956928,0.3192481279323519,0.0476199206365212,0.0571439257166366,0.0714299464323527,0.0571439257166366,0.0571439257166366,0.0571439257166366,0.0571439257166366,1.0,0.0476199206365212,0.0714299464323527,0.041172338956928,0.0714299464323527,0.041172338956928,0.128249502550101,0.0,0.0,0.0476199206365212,0.128249502550101,0.0571439257166366,0.1734727270499989,0.0933602719681705,0.0476199206365212,0.0476199206365212,0.0714299464323527,0.0571439257166366,0.0933602719681705,0.0571439257166366,0.0,0.1734727270499989,0.0571439257166366,0.0476199206365212,0.0,0.0714299464323527,0.0476199206365212,0.0571439257166366,0.0933602719681705,0.0714299464323527,0.0571439257166366,0.0714299464323527,0.226732089065557,0.0476199206365212,0.0714299464323527,0.0476199206365212,0.0476199206365212,0.0476199206365212,0.0933602719681705,0.128249502550101,0.0476199206365212,0.0571439257166366,0.0714299464323527,0.0476199206365212,0.0571439257166366,0.0476199206365212,0.3192481279323519,0.041172338956928,0.0571439257166366,0.0476199206365212,0.0571439257166366,0.0714299464323527,0.0,0.041172338956928,0.0476199206365212,0.0714299464323527,0.0571439257166366,0.041172338956928,0.0571439257166366,0.0571439257166366,0.0367619429090039,0.0571439257166366,0.0337236205744276,0.0476199206365212,0.0476199206365212,0.0476199206365212,0.527498700621427,0.0337236205744276,0.0367619429090039,0.0933602719681705,0.0476199206365212,0.0714299464323527,0.0714299464323527,0.0714299464323527,0.0714299464323527,0.0,0.0714299464323527,0.0,0.0476199206365212,0.041172338956928,0.0571439257166366,0.0476199206365212,0.0,0.0571439257166366,0.041172338956928,0.0571439257166366,0.0,0.0571439257166366,0.0571439257166366,0.0571439257166366,0.0571439257166366,0.0714299464323527,0.0714299464323527,0.0476199206365212
Kawasaki disease,0.0476199206365212,0.115648378688694,0.115648378688694,0.093408272931481,0.148976520421494,0.115648378688694,0.0322586368373393,0.0476199206365212,0.093408272931481,0.148976520421494,0.0613432731147329,0.0384622300306098,0.148976520421494,0.115768709113422,0.093408272931481,0.0322586368373393,0.148976520421494,0.0476199206365212,0.0613432731147329,0.115768709113422,0.093408272931481,0.093408272931481,0.115648378688694,0.078342403747824,0.093408272931481,0.0280132767810044,0.0476199206365212,0.0746915486002605,0.200063521369343,0.093408272931481,0.078342403747824,0.148976520421494,0.1252021962253049,0.212831890191799,0.093408272931481,0.0613432731147329,0.0823790970344355,0.115648378688694,0.0680322436110106,0.093408272931481,0.171902619932726,0.0680322436110106,0.115648378688694,0.274166873716867,0.212831890191799,0.0823790970344355,0.115648378688694,0.0476199206365212,0.0613432731147329,0.148976520421494,0.078342403747824,0.093408272931481,0.0384622300306098,0.115648378688694,0.078342403747824,0.148976520421494,0.115648378688694,0.0680322436110106,0.093408272931481,0.115648378688694,0.115648378688694,0.212831890191799,0.115648378688694,0.115648378688694,0.0680322436110106,0.148976520421494,0.093408272931481,0.0613432731147329,0.0280132767810044,0.0384622300306098,0.078342403747824,0.148976520421494,0.148976520421494,0.115648378688694,0.148976520421494,0.078342403747824,0.0613432731147329,0.115648378688694,0.200063521369343,0.023062117726601,0.0613432731147329,0.200063521369343,0.093408272931481,0.0823790970344355,0.078342403747824,0.093408272931481,0.212831890191799,0.093408272931481,0.115648378688694,0.0322586368373393,0.148976520421494,0.115648378688694,0.115648378688694,0.0322586368373393,0.0613432731147329,0.148976520421494,0.0384622300306098,0.115648378688694,0.115648378688694,0.274166873716867,0.115648378688694,0.200063521369343,0.115648378688694,0.275363104390711,0.093408272931481,0.115768709113422,0.093408272931481,0.115648378688694,0.0680322436110106,0.0476199206365212,0.078342403747824,0.093408272931481,0.2811525792754519,0.093408272931481,0.0613432731147329,0.078342403747824,0.0613432731147329,0.093408272931481,0.115648378688694,0.148976520421494,0.115648378688694,0.115648378688694,0.0476199206365212,0.115648378688694,0.0476199206365212,1.0,0.148976520421494,0.0322586368373393,0.148976520421494,0.0322586368373393,0.115768709113422,0.0,0.0,0.093408272931481,0.115768709113422,0.115648378688694,0.0613432731147329,0.200063521369343,0.093408272931481,0.093408272931481,0.148976520421494,0.115648378688694,0.0823790970344355,0.115648378688694,0.0,0.0613432731147329,0.115648378688694,0.093408272931481,0.0,0.148976520421494,0.093408272931481,0.0476199206365212,0.0823790970344355,0.148976520421494,0.115648378688694,0.148976520421494,0.0823790970344355,0.093408272931481,0.0613432731147329,0.093408272931481,0.171902619932726,0.093408272931481,0.200063521369343,0.115768709113422,0.171902619932726,0.0476199206365212,0.0613432731147329,0.093408272931481,0.115648378688694,0.093408272931481,0.0613432731147329,0.078342403747824,0.115648378688694,0.171902619932726,0.115648378688694,0.0613432731147329,0.0,0.0322586368373393,0.093408272931481,0.148976520421494,0.115648378688694,0.078342403747824,0.115648378688694,0.115648378688694,0.0680322436110106,0.115648378688694,0.0609274353162256,0.0384622300306098,0.093408272931481,0.171902619932726,0.0613432731147329,0.0250877674831517,0.0280132767810044,0.200063521369343,0.093408272931481,0.148976520421494,0.148976520421494,0.148976520421494,0.148976520421494,0.0,0.274166873716867,0.0,0.093408272931481,0.0322586368373393,0.0476199206365212,0.0384622300306098,0.0,0.212831890191799,0.078342403747824,0.0476199206365212,0.0,0.115648378688694,0.0476199206365212,0.115648378688694,0.212831890191799,0.0613432731147329,0.148976520421494,0.093408272931481
Rhinovirus infection,0.0714299464323527,0.1734727270499989,0.1734727270499989,0.148976520421494,0.21027009483971,0.1734727270499989,0.0545213728963117,0.0714299464323527,0.148976520421494,0.21027009483971,0.0865818037575277,0.0613432731147329,0.21027009483971,0.147105639620399,0.274166873716867,0.0545213728963117,0.21027009483971,0.0714299464323527,0.0865818037575277,0.147105639620399,0.148976520421494,0.148976520421494,0.1734727270499989,0.1324090484624709,0.148976520421494,0.0498579928542293,0.0714299464323527,0.117967217290509,0.266881513729481,0.148976520421494,0.1324090484624709,0.21027009483971,0.1210836969317,0.1734727270499989,0.148976520421494,0.0865818037575277,0.1098923880062569,0.1734727270499989,0.1210836969317,0.148976520421494,0.148976520421494,0.1210836969317,0.1734727270499989,0.21027009483971,0.1734727270499989,0.1098923880062569,0.1734727270499989,0.0714299464323527,0.0865818037575277,0.639392737369731,0.1324090484624709,0.148976520421494,0.0613432731147329,0.3192481279323519,0.1324090484624709,0.21027009483971,0.1734727270499989,0.575848396435083,0.148976520421494,0.1734727270499989,0.1734727270499989,0.1734727270499989,0.1734727270499989,0.1734727270499989,0.1210836969317,0.21027009483971,0.148976520421494,0.0865818037575277,0.0498579928542293,0.0613432731147329,0.1324090484624709,0.21027009483971,0.21027009483971,0.3192481279323519,0.21027009483971,0.243677156414128,0.0865818037575277,0.1734727270499989,0.266881513729481,0.0444245555713213,0.0865818037575277,0.266881513729481,0.274166873716867,0.1098923880062569,0.1324090484624709,0.148976520421494,0.1734727270499989,0.148976520421494,0.1734727270499989,0.0545213728963117,0.21027009483971,0.1734727270499989,0.1734727270499989,0.0545213728963117,0.0865818037575277,0.21027009483971,0.0613432731147329,0.1734727270499989,0.1734727270499989,0.21027009483971,0.1734727270499989,0.266881513729481,0.1734727270499989,0.32866873393231,0.274166873716867,0.147105639620399,0.148976520421494,0.1734727270499989,0.1210836969317,0.0714299464323527,0.1324090484624709,0.274166873716867,0.357256553363825,0.148976520421494,0.0865818037575277,0.243677156414128,0.0865818037575277,0.148976520421494,0.1734727270499989,0.21027009483971,0.1734727270499989,0.1734727270499989,0.0714299464323527,0.1734727270499989,0.0714299464323527,0.148976520421494,1.0,0.0545213728963117,0.21027009483971,0.0545213728963117,0.147105639620399,0.0,0.0,0.148976520421494,0.147105639620399,0.1734727270499989,0.0865818037575277,0.266881513729481,0.148976520421494,0.148976520421494,0.21027009483971,0.1734727270499989,0.1098923880062569,0.1734727270499989,0.0,0.0865818037575277,0.1734727270499989,0.148976520421494,0.0,0.21027009483971,0.148976520421494,0.0714299464323527,0.1098923880062569,0.21027009483971,0.1734727270499989,0.21027009483971,0.1098923880062569,0.148976520421494,0.0865818037575277,0.148976520421494,0.148976520421494,0.148976520421494,0.266881513729481,0.147105639620399,0.148976520421494,0.0714299464323527,0.0865818037575277,0.148976520421494,0.1734727270499989,0.148976520421494,0.0865818037575277,0.1324090484624709,0.1734727270499989,0.148976520421494,0.1734727270499989,0.0865818037575277,0.0,0.0545213728963117,0.274166873716867,0.21027009483971,0.3192481279323519,0.1324090484624709,0.1734727270499989,0.1734727270499989,0.222834702756658,0.1734727270499989,0.208482801319646,0.0613432731147329,0.148976520421494,0.148976520421494,0.0865818037575277,0.0466468368249435,0.0498579928542293,0.491151693334087,0.148976520421494,0.21027009483971,0.21027009483971,0.21027009483971,0.21027009483971,0.0,0.21027009483971,0.0,0.148976520421494,0.0545213728963117,0.0714299464323527,0.0613432731147329,0.0,0.1734727270499989,0.1324090484624709,0.0714299464323527,0.0,0.1734727270499989,0.0714299464323527,0.3192481279323519,0.1734727270499989,0.0865818037575277,0.21027009483971,0.148976520421494
Non alcoholic steatohepatitis,0.041172338956928,0.041172338956928,0.041172338956928,0.0322586368373393,0.0545213728963117,0.041172338956928,0.117177011532601,0.0999899660382537,0.0322586368373393,0.0545213728963117,0.0545213728963117,0.0322586368373393,0.0545213728963117,0.107359912685637,0.0322586368373393,0.0262176875118606,0.0545213728963117,0.041172338956928,0.0545213728963117,0.107359912685637,0.0322586368373393,0.0322586368373393,0.041172338956928,0.0262176875118606,0.0322586368373393,0.0986948173446475,0.041172338956928,0.0258636362537177,0.0749632197522059,0.0322586368373393,0.0262176875118606,0.0545213728963117,0.0220824020542819,0.041172338956928,0.0322586368373393,0.0545213728963117,0.0749632197522059,0.041172338956928,0.0220824020542819,0.0322586368373393,0.0322586368373393,0.0220824020542819,0.041172338956928,0.0545213728963117,0.041172338956928,0.0749632197522059,0.041172338956928,0.041172338956928,0.0545213728963117,0.0545213728963117,0.0262176875118606,0.0322586368373393,0.0322586368373393,0.041172338956928,0.0262176875118606,0.0545213728963117,0.041172338956928,0.0220824020542819,0.0322586368373393,0.041172338956928,0.041172338956928,0.041172338956928,0.041172338956928,0.041172338956928,0.0220824020542819,0.0545213728963117,0.0322586368373393,0.0545213728963117,0.0220824020542819,0.144176356477088,0.0262176875118606,0.0545213728963117,0.0545213728963117,0.041172338956928,0.0545213728963117,0.0262176875118606,0.0545213728963117,0.041172338956928,0.0749632197522059,0.0172583557076123,0.0545213728963117,0.0749632197522059,0.0322586368373393,0.0749632197522059,0.0262176875118606,0.0322586368373393,0.041172338956928,0.0322586368373393,0.041172338956928,0.0262176875118606,0.0545213728963117,0.041172338956928,0.041172338956928,0.0262176875118606,0.0545213728963117,0.0545213728963117,0.0322586368373393,0.041172338956928,0.041172338956928,0.0545213728963117,0.041172338956928,0.0749632197522059,0.041172338956928,0.261364164595575,0.0322586368373393,0.107359912685637,0.0322586368373393,0.041172338956928,0.0220824020542819,0.041172338956928,0.0262176875118606,0.0322586368373393,0.107359912685637,0.0322586368373393,0.0545213728963117,0.0262176875118606,0.0545213728963117,0.0322586368373393,0.041172338956928,0.0545213728963117,0.041172338956928,0.041172338956928,0.041172338956928,0.041172338956928,0.041172338956928,0.0322586368373393,0.0545213728963117,1.0,0.0545213728963117,0.681647618741698,0.107359912685637,0.0,0.0,0.0322586368373393,0.107359912685637,0.041172338956928,0.0545213728963117,0.0749632197522059,0.0322586368373393,0.0322586368373393,0.0545213728963117,0.041172338956928,0.0749632197522059,0.041172338956928,0.0,0.0545213728963117,0.041172338956928,0.0322586368373393,0.0,0.0545213728963117,0.0322586368373393,0.041172338956928,0.0749632197522059,0.0545213728963117,0.041172338956928,0.0545213728963117,0.0749632197522059,0.0322586368373393,0.243677156414128,0.0322586368373393,0.0322586368373393,0.0322586368373393,0.0749632197522059,0.107359912685637,0.0322586368373393,0.184015147583005,0.0545213728963117,0.0322586368373393,0.041172338956928,0.0322586368373393,0.0545213728963117,0.0262176875118606,0.041172338956928,0.0322586368373393,0.041172338956928,0.243677156414128,0.0,0.0262176875118606,0.0322586368373393,0.0545213728963117,0.041172338956928,0.0262176875118606,0.041172338956928,0.041172338956928,0.0220824020542819,0.041172338956928,0.0192321645820291,0.0322586368373393,0.0322586368373393,0.0322586368373393,0.0545213728963117,0.0192321645820291,0.0220824020542819,0.0749632197522059,0.0322586368373393,0.0545213728963117,0.0545213728963117,0.0545213728963117,0.0545213728963117,0.0,0.0545213728963117,0.0,0.0322586368373393,0.117177011532601,0.041172338956928,0.0322586368373393,0.0,0.041172338956928,0.0262176875118606,0.041172338956928,0.0,0.041172338956928,0.041172338956928,0.041172338956928,0.041172338956928,0.243677156414128,0.0545213728963117,0.0322586368373393
Pancreatitis,0.0714299464323527,0.1734727270499989,0.1734727270499989,0.148976520421494,0.21027009483971,0.1734727270499989,0.0545213728963117,0.0714299464323527,0.148976520421494,0.21027009483971,0.0865818037575277,0.0613432731147329,0.21027009483971,0.147105639620399,0.148976520421494,0.0545213728963117,0.21027009483971,0.0714299464323527,0.0865818037575277,0.147105639620399,0.148976520421494,0.148976520421494,0.1734727270499989,0.1324090484624709,0.148976520421494,0.0498579928542293,0.0714299464323527,0.117967217290509,0.266881513729481,0.148976520421494,0.1324090484624709,0.21027009483971,0.1210836969317,0.1734727270499989,0.148976520421494,0.0865818037575277,0.1098923880062569,0.1734727270499989,0.1210836969317,0.148976520421494,0.148976520421494,0.1210836969317,0.1734727270499989,0.21027009483971,0.1734727270499989,0.1098923880062569,0.1734727270499989,0.0714299464323527,0.0865818037575277,0.21027009483971,0.1324090484624709,0.148976520421494,0.0613432731147329,0.1734727270499989,0.1324090484624709,0.21027009483971,0.1734727270499989,0.1210836969317,0.148976520421494,0.1734727270499989,0.1734727270499989,0.1734727270499989,0.1734727270499989,0.1734727270499989,0.1210836969317,0.21027009483971,0.148976520421494,0.0865818037575277,0.0498579928542293,0.0613432731147329,0.1324090484624709,0.21027009483971,0.21027009483971,0.1734727270499989,0.21027009483971,0.1324090484624709,0.0865818037575277,0.1734727270499989,0.266881513729481,0.0444245555713213,0.0865818037575277,0.266881513729481,0.148976520421494,0.1098923880062569,0.1324090484624709,0.148976520421494,0.1734727270499989,0.148976520421494,0.1734727270499989,0.0545213728963117,0.21027009483971,0.1734727270499989,0.1734727270499989,0.0545213728963117,0.0865818037575277,0.21027009483971,0.0613432731147329,0.1734727270499989,0.1734727270499989,0.21027009483971,0.1734727270499989,0.266881513729481,0.1734727270499989,0.32866873393231,0.148976520421494,0.147105639620399,0.148976520421494,0.1734727270499989,0.1210836969317,0.0714299464323527,0.1324090484624709,0.148976520421494,0.357256553363825,0.148976520421494,0.0865818037575277,0.1324090484624709,0.0865818037575277,0.148976520421494,0.1734727270499989,0.21027009483971,0.1734727270499989,0.1734727270499989,0.0714299464323527,0.1734727270499989,0.0714299464323527,0.148976520421494,0.21027009483971,0.0545213728963117,1.0,0.0545213728963117,0.147105639620399,0.0,0.0,0.148976520421494,0.147105639620399,0.1734727270499989,0.0865818037575277,0.266881513729481,0.148976520421494,0.148976520421494,0.386967653528542,0.1734727270499989,0.1098923880062569,0.1734727270499989,0.0,0.0865818037575277,0.1734727270499989,0.148976520421494,0.0,0.21027009483971,0.148976520421494,0.0714299464323527,0.1098923880062569,0.21027009483971,0.1734727270499989,0.386967653528542,0.1098923880062569,0.148976520421494,0.0865818037575277,0.148976520421494,0.148976520421494,0.148976520421494,0.266881513729481,0.147105639620399,0.148976520421494,0.0714299464323527,0.0865818037575277,0.148976520421494,0.8249995187486758,0.148976520421494,0.0865818037575277,0.1324090484624709,0.1734727270499989,0.148976520421494,0.1734727270499989,0.0865818037575277,0.0,0.0545213728963117,0.148976520421494,0.21027009483971,0.1734727270499989,0.1324090484624709,0.1734727270499989,0.1734727270499989,0.1210836969317,0.1734727270499989,0.113285175146291,0.0613432731147329,0.148976520421494,0.148976520421494,0.0865818037575277,0.0466468368249435,0.0498579928542293,0.266881513729481,0.148976520421494,0.21027009483971,0.21027009483971,0.21027009483971,0.21027009483971,0.0,0.21027009483971,0.0,0.148976520421494,0.0545213728963117,0.0714299464323527,0.0613432731147329,0.0,0.1734727270499989,0.1324090484624709,0.0714299464323527,0.0,0.1734727270499989,0.0714299464323527,0.1734727270499989,0.1734727270499989,0.0865818037575277,0.21027009483971,0.148976520421494
Non-alcoholic fatty liver disease,0.041172338956928,0.041172338956928,0.041172338956928,0.0322586368373393,0.0545213728963117,0.041172338956928,0.117177011532601,0.0999899660382537,0.0322586368373393,0.0545213728963117,0.0545213728963117,0.0322586368373393,0.0545213728963117,0.107359912685637,0.0322586368373393,0.0262176875118606,0.0545213728963117,0.041172338956928,0.0545213728963117,0.107359912685637,0.0322586368373393,0.0322586368373393,0.041172338956928,0.0262176875118606,0.0322586368373393,0.0986948173446475,0.041172338956928,0.0258636362537177,0.0749632197522059,0.0322586368373393,0.0262176875118606,0.0545213728963117,0.0220824020542819,0.041172338956928,0.0322586368373393,0.0545213728963117,0.0749632197522059,0.041172338956928,0.0220824020542819,0.0322586368373393,0.0322586368373393,0.0220824020542819,0.041172338956928,0.0545213728963117,0.041172338956928,0.0749632197522059,0.041172338956928,0.041172338956928,0.0545213728963117,0.0545213728963117,0.0262176875118606,0.0322586368373393,0.0322586368373393,0.041172338956928,0.0262176875118606,0.0545213728963117,0.041172338956928,0.0220824020542819,0.0322586368373393,0.041172338956928,0.041172338956928,0.041172338956928,0.041172338956928,0.041172338956928,0.0220824020542819,0.0545213728963117,0.0322586368373393,0.0545213728963117,0.0220824020542819,0.144176356477088,0.0262176875118606,0.0545213728963117,0.0545213728963117,0.041172338956928,0.0545213728963117,0.0262176875118606,0.0545213728963117,0.041172338956928,0.0749632197522059,0.0172583557076123,0.0545213728963117,0.0749632197522059,0.0322586368373393,0.0749632197522059,0.0262176875118606,0.0322586368373393,0.041172338956928,0.0322586368373393,0.041172338956928,0.0262176875118606,0.0545213728963117,0.041172338956928,0.041172338956928,0.0262176875118606,0.0545213728963117,0.0545213728963117,0.0322586368373393,0.041172338956928,0.041172338956928,0.0545213728963117,0.041172338956928,0.0749632197522059,0.041172338956928,0.261364164595575,0.0322586368373393,0.107359912685637,0.0322586368373393,0.041172338956928,0.0220824020542819,0.041172338956928,0.0262176875118606,0.0322586368373393,0.107359912685637,0.0322586368373393,0.0545213728963117,0.0262176875118606,0.0545213728963117,0.0322586368373393,0.041172338956928,0.0545213728963117,0.041172338956928,0.041172338956928,0.041172338956928,0.041172338956928,0.041172338956928,0.0322586368373393,0.0545213728963117,0.681647618741698,0.0545213728963117,1.0,0.107359912685637,0.0,0.0,0.0322586368373393,0.107359912685637,0.041172338956928,0.0545213728963117,0.0749632197522059,0.0322586368373393,0.0322586368373393,0.0545213728963117,0.041172338956928,0.0749632197522059,0.041172338956928,0.0,0.0545213728963117,0.041172338956928,0.0322586368373393,0.0,0.0545213728963117,0.0322586368373393,0.041172338956928,0.0749632197522059,0.0545213728963117,0.041172338956928,0.0545213728963117,0.0749632197522059,0.0322586368373393,0.243677156414128,0.0322586368373393,0.0322586368373393,0.0322586368373393,0.0749632197522059,0.107359912685637,0.0322586368373393,0.184015147583005,0.0545213728963117,0.0322586368373393,0.041172338956928,0.0322586368373393,0.0545213728963117,0.0262176875118606,0.041172338956928,0.0322586368373393,0.041172338956928,0.243677156414128,0.0,0.0262176875118606,0.0322586368373393,0.0545213728963117,0.041172338956928,0.0262176875118606,0.041172338956928,0.041172338956928,0.0220824020542819,0.041172338956928,0.0192321645820291,0.0322586368373393,0.0322586368373393,0.0322586368373393,0.0545213728963117,0.0192321645820291,0.0220824020542819,0.0749632197522059,0.0322586368373393,0.0545213728963117,0.0545213728963117,0.0545213728963117,0.0545213728963117,0.0,0.0545213728963117,0.0,0.0322586368373393,0.117177011532601,0.041172338956928,0.0322586368373393,0.0,0.041172338956928,0.0262176875118606,0.041172338956928,0.0,0.041172338956928,0.041172338956928,0.041172338956928,0.041172338956928,0.243677156414128,0.0545213728963117,0.0322586368373393
Ascites,0.128249502550101,0.128249502550101,0.128249502550101,0.115768709113422,0.147105639620399,0.128249502550101,0.107359912685637,0.128249502550101,0.115768709113422,0.147105639620399,0.147105639620399,0.115768709113422,0.147105639620399,0.54337899543379,0.115768709113422,0.107359912685637,0.147105639620399,0.128249502550101,0.147105639620399,0.54337899543379,0.115768709113422,0.115768709113422,0.128249502550101,0.107359912685637,0.115768709113422,0.1016266783579799,0.128249502550101,0.0895997076890433,0.1763709506669489,0.115768709113422,0.107359912685637,0.147105639620399,0.1016266783579799,0.128249502550101,0.115768709113422,0.147105639620399,0.1763709506669489,0.128249502550101,0.1016266783579799,0.115768709113422,0.115768709113422,0.1016266783579799,0.128249502550101,0.147105639620399,0.128249502550101,0.1763709506669489,0.128249502550101,0.128249502550101,0.147105639620399,0.147105639620399,0.107359912685637,0.115768709113422,0.115768709113422,0.128249502550101,0.107359912685637,0.147105639620399,0.128249502550101,0.1016266783579799,0.115768709113422,0.128249502550101,0.128249502550101,0.128249502550101,0.128249502550101,0.128249502550101,0.1016266783579799,0.147105639620399,0.115768709113422,0.147105639620399,0.1016266783579799,0.115768709113422,0.107359912685637,0.147105639620399,0.147105639620399,0.128249502550101,0.147105639620399,0.107359912685637,0.147105639620399,0.128249502550101,0.1763709506669489,0.0949619587666687,0.147105639620399,0.1763709506669489,0.115768709113422,0.1763709506669489,0.107359912685637,0.115768709113422,0.128249502550101,0.115768709113422,0.128249502550101,0.107359912685637,0.147105639620399,0.128249502550101,0.128249502550101,0.107359912685637,0.147105639620399,0.147105639620399,0.115768709113422,0.128249502550101,0.128249502550101,0.147105639620399,0.128249502550101,0.1763709506669489,0.128249502550101,0.4670846394984329,0.115768709113422,0.54337899543379,0.115768709113422,0.128249502550101,0.1016266783579799,0.128249502550101,0.107359912685637,0.115768709113422,0.223744292237443,0.115768709113422,0.147105639620399,0.107359912685637,0.147105639620399,0.115768709113422,0.128249502550101,0.147105639620399,0.128249502550101,0.128249502550101,0.128249502550101,0.128249502550101,0.128249502550101,0.115768709113422,0.147105639620399,0.107359912685637,0.147105639620399,0.107359912685637,1.0,0.0,0.0,0.115768709113422,0.54337899543379,0.128249502550101,0.147105639620399,0.1763709506669489,0.115768709113422,0.115768709113422,0.147105639620399,0.128249502550101,0.1763709506669489,0.128249502550101,0.0,0.147105639620399,0.128249502550101,0.115768709113422,0.0,0.147105639620399,0.115768709113422,0.128249502550101,0.1763709506669489,0.147105639620399,0.128249502550101,0.147105639620399,0.1763709506669489,0.115768709113422,0.147105639620399,0.115768709113422,0.115768709113422,0.115768709113422,0.1763709506669489,0.54337899543379,0.115768709113422,0.128249502550101,0.147105639620399,0.115768709113422,0.128249502550101,0.115768709113422,0.147105639620399,0.107359912685637,0.128249502550101,0.115768709113422,0.128249502550101,0.147105639620399,0.0,0.107359912685637,0.115768709113422,0.147105639620399,0.128249502550101,0.107359912685637,0.128249502550101,0.128249502550101,0.1016266783579799,0.128249502550101,0.0976858574475728,0.115768709113422,0.115768709113422,0.115768709113422,0.147105639620399,0.0976858574475728,0.1016266783579799,0.1763709506669489,0.115768709113422,0.147105639620399,0.147105639620399,0.147105639620399,0.147105639620399,0.0,0.147105639620399,0.0,0.115768709113422,0.107359912685637,0.128249502550101,0.115768709113422,0.0,0.128249502550101,0.107359912685637,0.128249502550101,0.0,0.128249502550101,0.128249502550101,0.128249502550101,0.128249502550101,0.147105639620399,0.147105639620399,0.115768709113422
Opisthorchis felineus infection,0.0,0.0,0.0,0.0,0.0,0.0,0.0,0.0,0.0,0.0,0.0,0.0,0.0,0.0,0.0,0.0,0.0,0.0,0.0,0.0,0.0,0.0,0.0,0.0,0.0,0.0,0.0,0.0,0.0,0.0,0.0,0.0,0.0,0.0,0.0,0.0,0.0,0.0,0.0,0.0,0.0,0.0,0.0,0.0,0.0,0.0,0.0,0.0,0.0,0.0,0.0,0.0,0.0,0.0,0.0,0.0,0.0,0.0,0.0,0.0,0.0,0.0,0.0,0.0,0.0,0.0,0.0,0.0,0.0,0.0,0.0,0.0,0.0,0.0,0.0,0.0,0.0,0.0,0.0,0.0,0.0,0.0,0.0,0.0,0.0,0.0,0.0,0.0,0.0,0.0,0.0,0.0,0.0,0.0,0.0,0.0,0.0,0.0,0.0,0.0,0.0,0.0,0.0,0.0,0.0,0.0,0.0,0.0,0.0,0.0,0.0,0.0,0.0,0.0,0.0,0.0,0.0,0.0,0.0,0.0,0.0,0.0,0.0,0.0,0.0,0.0,0.0,0.0,0.0,0.0,0.0,1.0,1.0,0.0,0.0,0.0,0.0,0.0,0.0,0.0,0.0,0.0,0.0,0.0,1.0,0.0,0.0,0.0,1.0,0.0,0.0,0.0,0.0,0.0,0.0,0.0,0.0,0.0,0.0,0.0,0.0,0.0,0.0,0.0,0.0,0.0,0.0,0.0,0.0,0.0,0.0,0.0,0.0,0.0,0.0,0.0,1.0,0.0,0.0,0.0,0.0,0.0,0.0,0.0,0.0,0.0,0.0,0.0,0.0,0.0,0.0,0.0,0.0,0.0,0.0,0.0,0.0,0.0,0.0,1.0,0.0,0.0,0.0,0.0,0.0,0.0,1.0,0.0,0.0,0.0,1.0,0.0,0.0,0.0,0.0,0.0,0.0,0.0
Helicobacter pylori infection,0.0,0.0,0.0,0.0,0.0,0.0,0.0,0.0,0.0,0.0,0.0,0.0,0.0,0.0,0.0,0.0,0.0,0.0,0.0,0.0,0.0,0.0,0.0,0.0,0.0,0.0,0.0,0.0,0.0,0.0,0.0,0.0,0.0,0.0,0.0,0.0,0.0,0.0,0.0,0.0,0.0,0.0,0.0,0.0,0.0,0.0,0.0,0.0,0.0,0.0,0.0,0.0,0.0,0.0,0.0,0.0,0.0,0.0,0.0,0.0,0.0,0.0,0.0,0.0,0.0,0.0,0.0,0.0,0.0,0.0,0.0,0.0,0.0,0.0,0.0,0.0,0.0,0.0,0.0,0.0,0.0,0.0,0.0,0.0,0.0,0.0,0.0,0.0,0.0,0.0,0.0,0.0,0.0,0.0,0.0,0.0,0.0,0.0,0.0,0.0,0.0,0.0,0.0,0.0,0.0,0.0,0.0,0.0,0.0,0.0,0.0,0.0,0.0,0.0,0.0,0.0,0.0,0.0,0.0,0.0,0.0,0.0,0.0,0.0,0.0,0.0,0.0,0.0,0.0,0.0,0.0,1.0,1.0,0.0,0.0,0.0,0.0,0.0,0.0,0.0,0.0,0.0,0.0,0.0,1.0,0.0,0.0,0.0,1.0,0.0,0.0,0.0,0.0,0.0,0.0,0.0,0.0,0.0,0.0,0.0,0.0,0.0,0.0,0.0,0.0,0.0,0.0,0.0,0.0,0.0,0.0,0.0,0.0,0.0,0.0,0.0,1.0,0.0,0.0,0.0,0.0,0.0,0.0,0.0,0.0,0.0,0.0,0.0,0.0,0.0,0.0,0.0,0.0,0.0,0.0,0.0,0.0,0.0,0.0,1.0,0.0,0.0,0.0,0.0,0.0,0.0,1.0,0.0,0.0,0.0,1.0,0.0,0.0,0.0,0.0,0.0,0.0,0.0
Primary biliary cirrhosis,0.0476199206365212,0.115648378688694,0.212831890191799,0.171902619932726,0.274166873716867,0.8333330277772181,0.0322586368373393,0.0476199206365212,0.093408272931481,0.274166873716867,0.0613432731147329,0.0384622300306098,0.148976520421494,0.115768709113422,0.093408272931481,0.0322586368373393,0.274166873716867,0.0476199206365212,0.0613432731147329,0.115768709113422,0.093408272931481,0.093408272931481,0.212831890191799,0.078342403747824,0.171902619932726,0.0280132767810044,0.0476199206365212,0.0746915486002605,0.368184127562069,0.171902619932726,0.078342403747824,0.274166873716867,0.0680322436110106,0.115648378688694,0.093408272931481,0.0613432731147329,0.0823790970344355,0.115648378688694,0.206873557102869,0.093408272931481,0.093408272931481,0.0680322436110106,0.115648378688694,0.148976520421494,0.115648378688694,0.0823790970344355,0.212831890191799,0.0476199206365212,0.0613432731147329,0.148976520421494,0.078342403747824,0.093408272931481,0.0384622300306098,0.115648378688694,0.078342403747824,0.274166873716867,0.115648378688694,0.0680322436110106,0.093408272931481,0.115648378688694,0.115648378688694,0.115648378688694,0.115648378688694,0.115648378688694,0.0680322436110106,0.148976520421494,0.093408272931481,0.0613432731147329,0.0280132767810044,0.0384622300306098,0.078342403747824,0.274166873716867,0.274166873716867,0.115648378688694,0.274166873716867,0.078342403747824,0.0613432731147329,0.115648378688694,0.368184127562069,0.023062117726601,0.0613432731147329,0.368184127562069,0.093408272931481,0.0823790970344355,0.078342403747824,0.093408272931481,0.115648378688694,0.093408272931481,0.212831890191799,0.0322586368373393,0.274166873716867,0.212831890191799,0.212831890191799,0.0322586368373393,0.0613432731147329,0.148976520421494,0.0384622300306098,0.115648378688694,0.115648378688694,0.148976520421494,0.212831890191799,0.368184127562069,0.212831890191799,0.275363104390711,0.093408272931481,0.115768709113422,0.093408272931481,0.212831890191799,0.206873557102869,0.0476199206365212,0.078342403747824,0.093408272931481,0.2811525792754519,0.171902619932726,0.0613432731147329,0.078342403747824,0.0613432731147329,0.171902619932726,0.115648378688694,0.148976520421494,0.212831890191799,0.115648378688694,0.0476199206365212,0.212831890191799,0.0476199206365212,0.093408272931481,0.148976520421494,0.0322586368373393,0.148976520421494,0.0322586368373393,0.115768709113422,0.0,0.0,1.0,0.115768709113422,0.115648378688694,0.0613432731147329,0.368184127562069,1.0,0.093408272931481,0.148976520421494,0.8333330277772181,0.0823790970344355,0.212831890191799,0.0,0.0613432731147329,0.212831890191799,0.093408272931481,0.0,0.148976520421494,0.093408272931481,0.0476199206365212,0.0823790970344355,0.148976520421494,0.115648378688694,0.148976520421494,0.0823790970344355,0.093408272931481,0.0613432731147329,0.093408272931481,0.093408272931481,0.093408272931481,0.368184127562069,0.115768709113422,0.093408272931481,0.0476199206365212,0.0613432731147329,0.093408272931481,0.115648378688694,0.444229946263574,0.0613432731147329,0.078342403747824,0.212831890191799,0.093408272931481,0.115648378688694,0.0613432731147329,0.0,0.0322586368373393,0.093408272931481,0.148976520421494,0.115648378688694,0.078342403747824,0.115648378688694,0.115648378688694,0.0680322436110106,0.115648378688694,0.0609274353162256,0.0384622300306098,0.093408272931481,0.093408272931481,0.0613432731147329,0.0250877674831517,0.0280132767810044,0.200063521369343,0.171902619932726,0.274166873716867,0.148976520421494,0.148976520421494,0.148976520421494,0.0,0.148976520421494,0.0,0.093408272931481,0.0322586368373393,0.0476199206365212,0.0384622300306098,0.0,0.115648378688694,0.078342403747824,0.0476199206365212,0.0,0.115648378688694,0.0476199206365212,0.115648378688694,0.115648378688694,0.0613432731147329,0.148976520421494,0.171902619932726
Liver fibrosis,0.128249502550101,0.128249502550101,0.128249502550101,0.115768709113422,0.147105639620399,0.128249502550101,0.107359912685637,0.128249502550101,0.115768709113422,0.147105639620399,0.147105639620399,0.115768709113422,0.147105639620399,1.0,0.115768709113422,0.107359912685637,0.147105639620399,0.128249502550101,0.147105639620399,0.54337899543379,0.115768709113422,0.115768709113422,0.128249502550101,0.107359912685637,0.115768709113422,0.1016266783579799,0.128249502550101,0.0895997076890433,0.1763709506669489,0.115768709113422,0.107359912685637,0.147105639620399,0.1016266783579799,0.128249502550101,0.115768709113422,0.147105639620399,0.1763709506669489,0.128249502550101,0.1016266783579799,0.115768709113422,0.115768709113422,0.1016266783579799,0.128249502550101,0.147105639620399,0.128249502550101,0.1763709506669489,0.128249502550101,0.128249502550101,0.147105639620399,0.147105639620399,0.107359912685637,0.115768709113422,0.115768709113422,0.128249502550101,0.107359912685637,0.147105639620399,0.128249502550101,0.1016266783579799,0.115768709113422,0.128249502550101,0.128249502550101,0.128249502550101,0.128249502550101,0.128249502550101,0.1016266783579799,0.147105639620399,0.115768709113422,0.147105639620399,0.1016266783579799,0.115768709113422,0.107359912685637,0.147105639620399,0.147105639620399,0.128249502550101,0.147105639620399,0.107359912685637,0.147105639620399,0.128249502550101,0.1763709506669489,0.0949619587666687,0.147105639620399,0.1763709506669489,0.115768709113422,0.1763709506669489,0.107359912685637,0.115768709113422,0.128249502550101,0.115768709113422,0.128249502550101,0.107359912685637,0.147105639620399,0.128249502550101,0.128249502550101,0.107359912685637,0.147105639620399,0.147105639620399,0.115768709113422,0.128249502550101,0.128249502550101,0.147105639620399,0.128249502550101,0.1763709506669489,0.128249502550101,0.4670846394984329,0.115768709113422,1.0,0.115768709113422,0.128249502550101,0.1016266783579799,0.128249502550101,0.107359912685637,0.115768709113422,0.223744292237443,0.115768709113422,0.147105639620399,0.107359912685637,0.147105639620399,0.115768709113422,0.128249502550101,0.147105639620399,0.128249502550101,0.128249502550101,0.128249502550101,0.128249502550101,0.128249502550101,0.115768709113422,0.147105639620399,0.107359912685637,0.147105639620399,0.107359912685637,0.54337899543379,0.0,0.0,0.115768709113422,1.0,0.128249502550101,0.147105639620399,0.1763709506669489,0.115768709113422,0.115768709113422,0.147105639620399,0.128249502550101,0.1763709506669489,0.128249502550101,0.0,0.147105639620399,0.128249502550101,0.115768709113422,0.0,0.147105639620399,0.115768709113422,0.128249502550101,0.1763709506669489,0.147105639620399,0.128249502550101,0.147105639620399,0.1763709506669489,0.115768709113422,0.147105639620399,0.115768709113422,0.115768709113422,0.115768709113422,0.1763709506669489,0.54337899543379,0.115768709113422,0.128249502550101,0.147105639620399,0.115768709113422,0.128249502550101,0.115768709113422,0.147105639620399,0.107359912685637,0.128249502550101,0.115768709113422,0.128249502550101,0.147105639620399,0.0,0.107359912685637,0.115768709113422,0.147105639620399,0.128249502550101,0.107359912685637,0.128249502550101,0.128249502550101,0.1016266783579799,0.128249502550101,0.0976858574475728,0.115768709113422,0.115768709113422,0.115768709113422,0.147105639620399,0.0976858574475728,0.1016266783579799,0.1763709506669489,0.115768709113422,0.147105639620399,0.147105639620399,0.147105639620399,0.147105639620399,0.0,0.147105639620399,0.0,0.115768709113422,0.107359912685637,0.128249502550101,0.115768709113422,0.0,0.128249502550101,0.107359912685637,0.128249502550101,0.0,0.128249502550101,0.128249502550101,0.128249502550101,0.128249502550101,0.147105639620399,0.147105639620399,0.115768709113422
Hepatic encephalopathy,0.0571439257166366,0.421998728397202,0.138778105311832,0.115648378688694,0.1734727270499989,0.138778105311832,0.041172338956928,0.0571439257166366,0.115648378688694,0.1734727270499989,0.0714299464323527,0.0476199206365212,0.1734727270499989,0.128249502550101,0.115648378688694,0.041172338956928,0.1734727270499989,0.0571439257166366,0.0714299464323527,0.128249502550101,0.351665478053376,0.351665478053376,0.138778105311832,0.0999899660382537,0.115648378688694,0.0367619429090039,0.0571439257166366,0.169519562553456,0.226732089065557,0.115648378688694,0.0999899660382537,0.1734727270499989,0.0892790042075809,0.138778105311832,0.115648378688694,0.0714299464323527,0.0933602719681705,0.138778105311832,0.0892790042075809,0.115648378688694,0.115648378688694,0.0892790042075809,0.138778105311832,0.1734727270499989,0.138778105311832,0.0933602719681705,0.138778105311832,0.0571439257166366,0.0714299464323527,0.1734727270499989,0.0999899660382537,0.115648378688694,0.0476199206365212,0.138778105311832,0.0999899660382537,0.1734727270499989,0.138778105311832,0.0892790042075809,0.212831890191799,0.138778105311832,0.138778105311832,0.138778105311832,0.138778105311832,0.138778105311832,0.0892790042075809,0.1734727270499989,0.115648378688694,0.0714299464323527,0.0367619429090039,0.0476199206365212,0.184015147583005,0.1734727270499989,0.1734727270499989,0.138778105311832,0.1734727270499989,0.0999899660382537,0.0714299464323527,0.138778105311832,0.226732089065557,0.0316202950567523,0.0714299464323527,0.226732089065557,0.115648378688694,0.0933602719681705,0.184015147583005,0.115648378688694,0.138778105311832,0.115648378688694,0.138778105311832,0.041172338956928,0.1734727270499989,0.138778105311832,0.138778105311832,0.041172338956928,0.0714299464323527,0.1734727270499989,0.0476199206365212,0.138778105311832,0.138778105311832,0.1734727270499989,0.138778105311832,0.226732089065557,0.138778105311832,0.296376456737466,0.115648378688694,0.128249502550101,0.115648378688694,0.138778105311832,0.0892790042075809,0.0571439257166366,0.0999899660382537,0.115648378688694,0.311463077621673,0.115648378688694,0.0714299464323527,0.0999899660382537,0.0714299464323527,0.115648378688694,0.138778105311832,0.1734727270499989,0.138778105311832,0.138778105311832,0.0571439257166366,0.138778105311832,0.0571439257166366,0.115648378688694,0.1734727270499989,0.041172338956928,0.1734727270499989,0.041172338956928,0.128249502550101,0.0,0.0,0.115648378688694,0.128249502550101,1.0,0.0714299464323527,0.226732089065557,0.115648378688694,0.351665478053376,0.1734727270499989,0.138778105311832,0.0933602719681705,0.138778105311832,0.0,0.0714299464323527,0.138778105311832,0.115648378688694,0.0,0.1734727270499989,0.115648378688694,0.0571439257166366,0.0933602719681705,0.1734727270499989,0.138778105311832,0.1734727270499989,0.0933602719681705,0.115648378688694,0.0714299464323527,0.115648378688694,0.115648378688694,0.212831890191799,0.226732089065557,0.128249502550101,0.115648378688694,0.0571439257166366,0.0714299464323527,0.115648378688694,0.138778105311832,0.115648378688694,0.0714299464323527,0.0999899660382537,0.138778105311832,0.115648378688694,0.138778105311832,0.0714299464323527,0.0,0.041172338956928,0.115648378688694,0.1734727270499989,0.138778105311832,0.0999899660382537,0.138778105311832,0.138778105311832,0.0892790042075809,0.138778105311832,0.0819002213950383,0.0476199206365212,0.351665478053376,0.115648378688694,0.0714299464323527,0.0337236205744276,0.0367619429090039,0.226732089065557,0.115648378688694,0.1734727270499989,0.1734727270499989,0.1734727270499989,0.1734727270499989,0.0,0.1734727270499989,0.0,0.115648378688694,0.041172338956928,0.0571439257166366,0.0476199206365212,0.0,0.138778105311832,0.0999899660382537,0.0571439257166366,0.0,0.138778105311832,0.0571439257166366,0.138778105311832,0.138778105311832,0.0714299464323527,0.1734727270499989,0.115648378688694
Alcoholism,0.1734727270499989,0.0714299464323527,0.0714299464323527,0.0613432731147329,0.0865818037575277,0.0714299464323527,0.0545213728963117,0.0714299464323527,0.0613432731147329,0.0865818037575277,0.0865818037575277,0.0613432731147329,0.0865818037575277,0.147105639620399,0.0613432731147329,0.0545213728963117,0.0865818037575277,0.1734727270499989,0.21027009483971,0.147105639620399,0.0613432731147329,0.0613432731147329,0.0714299464323527,0.0545213728963117,0.0613432731147329,0.0498579928542293,0.0714299464323527,0.0485747365313862,0.1098923880062569,0.0613432731147329,0.0545213728963117,0.0865818037575277,0.0498579928542293,0.0714299464323527,0.0613432731147329,0.0865818037575277,0.1098923880062569,0.0714299464323527,0.0498579928542293,0.0613432731147329,0.0613432731147329,0.0498579928542293,0.0714299464323527,0.0865818037575277,0.0714299464323527,0.1098923880062569,0.0714299464323527,0.0714299464323527,0.0865818037575277,0.0865818037575277,0.0545213728963117,0.0613432731147329,0.0613432731147329,0.0714299464323527,0.0545213728963117,0.0865818037575277,0.0714299464323527,0.0498579928542293,0.0613432731147329,0.0714299464323527,0.0714299464323527,0.0714299464323527,0.0714299464323527,0.0714299464323527,0.0498579928542293,0.0865818037575277,0.0613432731147329,0.0865818037575277,0.0498579928542293,0.0613432731147329,0.0545213728963117,0.0865818037575277,0.0865818037575277,0.0714299464323527,0.0865818037575277,0.0545213728963117,0.0865818037575277,0.0714299464323527,0.1098923880062569,0.0444245555713213,0.0865818037575277,0.1098923880062569,0.0613432731147329,0.266881513729481,0.0545213728963117,0.0613432731147329,0.0714299464323527,0.0613432731147329,0.0714299464323527,0.0545213728963117,0.0865818037575277,0.0714299464323527,0.0714299464323527,0.0545213728963117,0.0865818037575277,0.0865818037575277,0.0613432731147329,0.0714299464323527,0.0714299464323527,0.0865818037575277,0.0714299464323527,0.1098923880062569,0.0714299464323527,0.32866873393231,0.0613432731147329,0.147105639620399,0.0613432731147329,0.0714299464323527,0.0498579928542293,0.0714299464323527,0.0545213728963117,0.0613432731147329,0.147105639620399,0.0613432731147329,0.0865818037575277,0.0545213728963117,0.21027009483971,0.0613432731147329,0.0714299464323527,0.0865818037575277,0.0714299464323527,0.0714299464323527,0.0714299464323527,0.0714299464323527,0.1734727270499989,0.0613432731147329,0.0865818037575277,0.0545213728963117,0.0865818037575277,0.0545213728963117,0.147105639620399,0.0,0.0,0.0613432731147329,0.147105639620399,0.0714299464323527,1.0,0.1098923880062569,0.0613432731147329,0.0613432731147329,0.0865818037575277,0.0714299464323527,0.1098923880062569,0.0714299464323527,0.0,0.21027009483971,0.0714299464323527,0.0613432731147329,0.0,0.0865818037575277,0.0613432731147329,0.0714299464323527,0.1098923880062569,0.0865818037575277,0.0714299464323527,0.0865818037575277,0.266881513729481,0.0613432731147329,0.0865818037575277,0.0613432731147329,0.0613432731147329,0.0613432731147329,0.1098923880062569,0.147105639620399,0.0613432731147329,0.0714299464323527,0.0865818037575277,0.0613432731147329,0.0714299464323527,0.0613432731147329,0.21027009483971,0.0545213728963117,0.0714299464323527,0.0613432731147329,0.0714299464323527,0.0865818037575277,0.0,0.0545213728963117,0.0613432731147329,0.0865818037575277,0.0714299464323527,0.0545213728963117,0.0714299464323527,0.0714299464323527,0.0498579928542293,0.0714299464323527,0.0466468368249435,0.0613432731147329,0.0613432731147329,0.0613432731147329,0.21027009483971,0.0466468368249435,0.0498579928542293,0.1098923880062569,0.0613432731147329,0.0865818037575277,0.0865818037575277,0.0865818037575277,0.0865818037575277,0.0,0.0865818037575277,0.0,0.0613432731147329,0.0545213728963117,0.0714299464323527,0.0613432731147329,0.0,0.0714299464323527,0.0545213728963117,0.0714299464323527,0.0,0.0714299464323527,0.0714299464323527,0.0714299464323527,0.0714299464323527,0.0865818037575277,0.0865818037575277,0.0613432731147329
Gastroenteritis,0.0933602719681705,0.226732089065557,0.4172632563475379,0.368184127562069,0.491151693334087,0.4172632563475379,0.0749632197522059,0.0933602719681705,0.200063521369343,0.491151693334087,0.1098923880062569,0.0823790970344355,0.266881513729481,0.1763709506669489,0.200063521369343,0.0749632197522059,0.491151693334087,0.0933602719681705,0.1098923880062569,0.1763709506669489,0.200063521369343,0.200063521369343,0.4172632563475379,0.182053533683929,0.368184127562069,0.0698989009481177,0.0933602719681705,0.157017181769811,0.6052112120015789,0.368184127562069,0.182053533683929,0.491151693334087,0.169754473731143,0.226732089065557,0.200063521369343,0.1098923880062569,0.135412554283458,0.226732089065557,0.312405291992608,0.200063521369343,0.200063521369343,0.169754473731143,0.226732089065557,0.266881513729481,0.226732089065557,0.135412554283458,0.4172632563475379,0.0933602719681705,0.1098923880062569,0.266881513729481,0.182053533683929,0.200063521369343,0.0823790970344355,0.226732089065557,0.182053533683929,0.491151693334087,0.226732089065557,0.169754473731143,0.200063521369343,0.226732089065557,0.226732089065557,0.226732089065557,0.226732089065557,0.226732089065557,0.169754473731143,0.266881513729481,0.200063521369343,0.1098923880062569,0.0698989009481177,0.0823790970344355,0.182053533683929,0.491151693334087,0.491151693334087,0.226732089065557,0.491151693334087,0.182053533683929,0.1098923880062569,0.226732089065557,0.6052112120015789,0.0640035322631421,0.1098923880062569,0.6052112120015789,0.200063521369343,0.135412554283458,0.182053533683929,0.200063521369343,0.226732089065557,0.200063521369343,0.4172632563475379,0.0749632197522059,0.491151693334087,0.4172632563475379,0.4172632563475379,0.0749632197522059,0.1098923880062569,0.266881513729481,0.0823790970344355,0.226732089065557,0.226732089065557,0.266881513729481,0.4172632563475379,0.6052112120015789,0.4172632563475379,0.380130200962355,0.200063521369343,0.1763709506669489,0.200063521369343,0.4172632563475379,0.312405291992608,0.0933602719681705,0.182053533683929,0.200063521369343,0.4283294516197329,0.368184127562069,0.1098923880062569,0.182053533683929,0.1098923880062569,0.368184127562069,0.226732089065557,0.266881513729481,0.4172632563475379,0.226732089065557,0.0933602719681705,0.4172632563475379,0.0933602719681705,0.200063521369343,0.266881513729481,0.0749632197522059,0.266881513729481,0.0749632197522059,0.1763709506669489,0.0,0.0,0.368184127562069,0.1763709506669489,0.226732089065557,0.1098923880062569,1.0,0.368184127562069,0.200063521369343,0.266881513729481,0.4172632563475379,0.135412554283458,0.4172632563475379,0.0,0.1098923880062569,0.4172632563475379,0.200063521369343,0.0,0.266881513729481,0.200063521369343,0.0933602719681705,0.135412554283458,0.266881513729481,0.226732089065557,0.266881513729481,0.135412554283458,0.200063521369343,0.1098923880062569,0.200063521369343,0.200063521369343,0.200063521369343,0.6052112120015789,0.1763709506669489,0.200063521369343,0.0933602719681705,0.1098923880062569,0.200063521369343,0.226732089065557,0.368184127562069,0.1098923880062569,0.182053533683929,0.4172632563475379,0.200063521369343,0.226732089065557,0.1098923880062569,0.0,0.0749632197522059,0.200063521369343,0.266881513729481,0.226732089065557,0.182053533683929,0.226732089065557,0.226732089065557,0.169754473731143,0.226732089065557,0.161291303605171,0.0823790970344355,0.200063521369343,0.200063521369343,0.1098923880062569,0.0664140661903645,0.0698989009481177,0.328859060402685,0.368184127562069,0.491151693334087,0.266881513729481,0.266881513729481,0.266881513729481,0.0,0.266881513729481,0.0,0.200063521369343,0.0749632197522059,0.0933602719681705,0.0823790970344355,0.0,0.226732089065557,0.182053533683929,0.0933602719681705,0.0,0.226732089065557,0.0933602719681705,0.226732089065557,0.226732089065557,0.1098923880062569,0.266881513729481,0.368184127562069
Primary biliary cholangitis,0.0476199206365212,0.115648378688694,0.212831890191799,0.171902619932726,0.274166873716867,0.8333330277772181,0.0322586368373393,0.0476199206365212,0.093408272931481,0.274166873716867,0.0613432731147329,0.0384622300306098,0.148976520421494,0.115768709113422,0.093408272931481,0.0322586368373393,0.274166873716867,0.0476199206365212,0.0613432731147329,0.115768709113422,0.093408272931481,0.093408272931481,0.212831890191799,0.078342403747824,0.171902619932726,0.0280132767810044,0.0476199206365212,0.0746915486002605,0.368184127562069,0.171902619932726,0.078342403747824,0.274166873716867,0.0680322436110106,0.115648378688694,0.093408272931481,0.0613432731147329,0.0823790970344355,0.115648378688694,0.206873557102869,0.093408272931481,0.093408272931481,0.0680322436110106,0.115648378688694,0.148976520421494,0.115648378688694,0.0823790970344355,0.212831890191799,0.0476199206365212,0.0613432731147329,0.148976520421494,0.078342403747824,0.093408272931481,0.0384622300306098,0.115648378688694,0.078342403747824,0.274166873716867,0.115648378688694,0.0680322436110106,0.093408272931481,0.115648378688694,0.115648378688694,0.115648378688694,0.115648378688694,0.115648378688694,0.0680322436110106,0.148976520421494,0.093408272931481,0.0613432731147329,0.0280132767810044,0.0384622300306098,0.078342403747824,0.274166873716867,0.274166873716867,0.115648378688694,0.274166873716867,0.078342403747824,0.0613432731147329,0.115648378688694,0.368184127562069,0.023062117726601,0.0613432731147329,0.368184127562069,0.093408272931481,0.0823790970344355,0.078342403747824,0.093408272931481,0.115648378688694,0.093408272931481,0.212831890191799,0.0322586368373393,0.274166873716867,0.212831890191799,0.212831890191799,0.0322586368373393,0.0613432731147329,0.148976520421494,0.0384622300306098,0.115648378688694,0.115648378688694,0.148976520421494,0.212831890191799,0.368184127562069,0.212831890191799,0.275363104390711,0.093408272931481,0.115768709113422,0.093408272931481,0.212831890191799,0.206873557102869,0.0476199206365212,0.078342403747824,0.093408272931481,0.2811525792754519,0.171902619932726,0.0613432731147329,0.078342403747824,0.0613432731147329,0.171902619932726,0.115648378688694,0.148976520421494,0.212831890191799,0.115648378688694,0.0476199206365212,0.212831890191799,0.0476199206365212,0.093408272931481,0.148976520421494,0.0322586368373393,0.148976520421494,0.0322586368373393,0.115768709113422,0.0,0.0,1.0,0.115768709113422,0.115648378688694,0.0613432731147329,0.368184127562069,1.0,0.093408272931481,0.148976520421494,0.8333330277772181,0.0823790970344355,0.212831890191799,0.0,0.0613432731147329,0.212831890191799,0.093408272931481,0.0,0.148976520421494,0.093408272931481,0.0476199206365212,0.0823790970344355,0.148976520421494,0.115648378688694,0.148976520421494,0.0823790970344355,0.093408272931481,0.0613432731147329,0.093408272931481,0.093408272931481,0.093408272931481,0.368184127562069,0.115768709113422,0.093408272931481,0.0476199206365212,0.0613432731147329,0.093408272931481,0.115648378688694,0.444229946263574,0.0613432731147329,0.078342403747824,0.212831890191799,0.093408272931481,0.115648378688694,0.0613432731147329,0.0,0.0322586368373393,0.093408272931481,0.148976520421494,0.115648378688694,0.078342403747824,0.115648378688694,0.115648378688694,0.0680322436110106,0.115648378688694,0.0609274353162256,0.0384622300306098,0.093408272931481,0.093408272931481,0.0613432731147329,0.0250877674831517,0.0280132767810044,0.200063521369343,0.171902619932726,0.274166873716867,0.148976520421494,0.148976520421494,0.148976520421494,0.0,0.148976520421494,0.0,0.093408272931481,0.0322586368373393,0.0476199206365212,0.0384622300306098,0.0,0.115648378688694,0.078342403747824,0.0476199206365212,0.0,0.115648378688694,0.0476199206365212,0.115648378688694,0.115648378688694,0.0613432731147329,0.148976520421494,0.171902619932726
Amyotrophic lateral sclerosis,0.0476199206365212,0.351665478053376,0.115648378688694,0.093408272931481,0.148976520421494,0.115648378688694,0.0322586368373393,0.0476199206365212,0.093408272931481,0.148976520421494,0.0613432731147329,0.0384622300306098,0.148976520421494,0.115768709113422,0.093408272931481,0.0322586368373393,0.148976520421494,0.0476199206365212,0.0613432731147329,0.115768709113422,0.444229946263574,0.444229946263574,0.115648378688694,0.078342403747824,0.093408272931481,0.0280132767810044,0.0476199206365212,0.13745755582737,0.200063521369343,0.093408272931481,0.078342403747824,0.148976520421494,0.0680322436110106,0.115648378688694,0.093408272931481,0.0613432731147329,0.0823790970344355,0.115648378688694,0.0680322436110106,0.093408272931481,0.093408272931481,0.0680322436110106,0.115648378688694,0.148976520421494,0.115648378688694,0.0823790970344355,0.115648378688694,0.0476199206365212,0.0613432731147329,0.148976520421494,0.078342403747824,0.093408272931481,0.0384622300306098,0.115648378688694,0.078342403747824,0.148976520421494,0.115648378688694,0.0680322436110106,0.171902619932726,0.115648378688694,0.115648378688694,0.115648378688694,0.115648378688694,0.115648378688694,0.0680322436110106,0.148976520421494,0.093408272931481,0.0613432731147329,0.0280132767810044,0.0384622300306098,0.144176356477088,0.148976520421494,0.148976520421494,0.115648378688694,0.148976520421494,0.078342403747824,0.0613432731147329,0.115648378688694,0.200063521369343,0.023062117726601,0.0613432731147329,0.200063521369343,0.093408272931481,0.0823790970344355,0.144176356477088,0.093408272931481,0.115648378688694,0.093408272931481,0.115648378688694,0.0322586368373393,0.148976520421494,0.115648378688694,0.115648378688694,0.0322586368373393,0.0613432731147329,0.148976520421494,0.0384622300306098,0.115648378688694,0.115648378688694,0.148976520421494,0.115648378688694,0.200063521369343,0.115648378688694,0.275363104390711,0.093408272931481,0.115768709113422,0.093408272931481,0.115648378688694,0.0680322436110106,0.0476199206365212,0.078342403747824,0.093408272931481,0.2811525792754519,0.093408272931481,0.0613432731147329,0.078342403747824,0.0613432731147329,0.093408272931481,0.115648378688694,0.148976520421494,0.115648378688694,0.115648378688694,0.0476199206365212,0.115648378688694,0.0476199206365212,0.093408272931481,0.148976520421494,0.0322586368373393,0.148976520421494,0.0322586368373393,0.115768709113422,0.0,0.0,0.093408272931481,0.115768709113422,0.351665478053376,0.0613432731147329,0.200063521369343,0.093408272931481,1.0,0.148976520421494,0.115648378688694,0.0823790970344355,0.115648378688694,0.0,0.0613432731147329,0.115648378688694,0.093408272931481,0.0,0.148976520421494,0.093408272931481,0.0476199206365212,0.0823790970344355,0.148976520421494,0.115648378688694,0.148976520421494,0.0823790970344355,0.093408272931481,0.0613432731147329,0.093408272931481,0.093408272931481,0.171902619932726,0.200063521369343,0.115768709113422,0.093408272931481,0.0476199206365212,0.0613432731147329,0.093408272931481,0.115648378688694,0.093408272931481,0.0613432731147329,0.078342403747824,0.115648378688694,0.093408272931481,0.115648378688694,0.0613432731147329,0.0,0.0322586368373393,0.093408272931481,0.148976520421494,0.115648378688694,0.078342403747824,0.115648378688694,0.115648378688694,0.0680322436110106,0.115648378688694,0.0609274353162256,0.0384622300306098,0.444229946263574,0.093408272931481,0.0613432731147329,0.0250877674831517,0.0280132767810044,0.200063521369343,0.093408272931481,0.148976520421494,0.148976520421494,0.148976520421494,0.148976520421494,0.0,0.148976520421494,0.0,0.093408272931481,0.0322586368373393,0.0476199206365212,0.0384622300306098,0.0,0.115648378688694,0.078342403747824,0.0476199206365212,0.0,0.115648378688694,0.0476199206365212,0.115648378688694,0.115648378688694,0.0613432731147329,0.148976520421494,0.093408272931481
Hashimoto's thyroiditis,0.0714299464323527,0.1734727270499989,0.1734727270499989,0.148976520421494,0.21027009483971,0.1734727270499989,0.0545213728963117,0.0714299464323527,0.148976520421494,0.21027009483971,0.0865818037575277,0.0613432731147329,0.21027009483971,0.147105639620399,0.148976520421494,0.0545213728963117,0.21027009483971,0.0714299464323527,0.0865818037575277,0.147105639620399,0.148976520421494,0.148976520421494,0.1734727270499989,0.1324090484624709,0.148976520421494,0.0498579928542293,0.0714299464323527,0.117967217290509,0.266881513729481,0.148976520421494,0.1324090484624709,0.21027009483971,0.1210836969317,0.1734727270499989,0.148976520421494,0.0865818037575277,0.1098923880062569,0.1734727270499989,0.1210836969317,0.148976520421494,0.148976520421494,0.1210836969317,0.1734727270499989,0.21027009483971,0.1734727270499989,0.1098923880062569,0.1734727270499989,0.0714299464323527,0.0865818037575277,0.21027009483971,0.1324090484624709,0.148976520421494,0.0613432731147329,0.1734727270499989,0.1324090484624709,0.21027009483971,0.1734727270499989,0.1210836969317,0.148976520421494,0.1734727270499989,0.1734727270499989,0.1734727270499989,0.1734727270499989,0.1734727270499989,0.1210836969317,0.21027009483971,0.148976520421494,0.0865818037575277,0.0498579928542293,0.0613432731147329,0.1324090484624709,0.21027009483971,0.21027009483971,0.1734727270499989,0.21027009483971,0.1324090484624709,0.0865818037575277,0.1734727270499989,0.266881513729481,0.0444245555713213,0.0865818037575277,0.266881513729481,0.148976520421494,0.1098923880062569,0.1324090484624709,0.148976520421494,0.1734727270499989,0.148976520421494,0.1734727270499989,0.0545213728963117,0.21027009483971,0.1734727270499989,0.1734727270499989,0.0545213728963117,0.0865818037575277,0.21027009483971,0.0613432731147329,0.1734727270499989,0.1734727270499989,0.21027009483971,0.1734727270499989,0.266881513729481,0.1734727270499989,0.32866873393231,0.148976520421494,0.147105639620399,0.148976520421494,0.1734727270499989,0.1210836969317,0.0714299464323527,0.1324090484624709,0.148976520421494,0.357256553363825,0.148976520421494,0.0865818037575277,0.1324090484624709,0.0865818037575277,0.148976520421494,0.1734727270499989,0.21027009483971,0.1734727270499989,0.1734727270499989,0.0714299464323527,0.1734727270499989,0.0714299464323527,0.148976520421494,0.21027009483971,0.0545213728963117,0.386967653528542,0.0545213728963117,0.147105639620399,0.0,0.0,0.148976520421494,0.147105639620399,0.1734727270499989,0.0865818037575277,0.266881513729481,0.148976520421494,0.148976520421494,1.0,0.1734727270499989,0.1098923880062569,0.1734727270499989,0.0,0.0865818037575277,0.1734727270499989,0.148976520421494,0.0,0.21027009483971,0.148976520421494,0.0714299464323527,0.1098923880062569,0.21027009483971,0.1734727270499989,0.639392737369731,0.1098923880062569,0.148976520421494,0.0865818037575277,0.148976520421494,0.148976520421494,0.148976520421494,0.266881513729481,0.147105639620399,0.148976520421494,0.0714299464323527,0.0865818037575277,0.148976520421494,0.3192481279323519,0.148976520421494,0.0865818037575277,0.1324090484624709,0.1734727270499989,0.148976520421494,0.1734727270499989,0.0865818037575277,0.0,0.0545213728963117,0.148976520421494,0.21027009483971,0.1734727270499989,0.1324090484624709,0.1734727270499989,0.1734727270499989,0.1210836969317,0.1734727270499989,0.113285175146291,0.0613432731147329,0.148976520421494,0.148976520421494,0.0865818037575277,0.0466468368249435,0.0498579928542293,0.266881513729481,0.148976520421494,0.21027009483971,0.21027009483971,0.21027009483971,0.21027009483971,0.0,0.21027009483971,0.0,0.148976520421494,0.0545213728963117,0.0714299464323527,0.0613432731147329,0.0,0.1734727270499989,0.1324090484624709,0.0714299464323527,0.0,0.1734727270499989,0.0714299464323527,0.1734727270499989,0.1734727270499989,0.0865818037575277,0.21027009483971,0.148976520421494
Cirrhosis with pneumonia,0.0571439257166366,0.138778105311832,0.255398361876396,0.212831890191799,0.3192481279323519,1.0,0.041172338956928,0.0571439257166366,0.115648378688694,0.3192481279323519,0.0714299464323527,0.0476199206365212,0.1734727270499989,0.128249502550101,0.115648378688694,0.041172338956928,0.3192481279323519,0.0571439257166366,0.0714299464323527,0.128249502550101,0.115648378688694,0.115648378688694,0.255398361876396,0.0999899660382537,0.212831890191799,0.0367619429090039,0.0571439257166366,0.0921133696066727,0.4172632563475379,0.212831890191799,0.0999899660382537,0.3192481279323519,0.0892790042075809,0.138778105311832,0.115648378688694,0.0714299464323527,0.0933602719681705,0.138778105311832,0.271481053610807,0.115648378688694,0.115648378688694,0.0892790042075809,0.138778105311832,0.1734727270499989,0.138778105311832,0.0933602719681705,0.255398361876396,0.0571439257166366,0.0714299464323527,0.1734727270499989,0.0999899660382537,0.115648378688694,0.0476199206365212,0.138778105311832,0.0999899660382537,0.3192481279323519,0.138778105311832,0.0892790042075809,0.115648378688694,0.138778105311832,0.138778105311832,0.138778105311832,0.138778105311832,0.138778105311832,0.0892790042075809,0.1734727270499989,0.115648378688694,0.0714299464323527,0.0367619429090039,0.0476199206365212,0.0999899660382537,0.3192481279323519,0.3192481279323519,0.138778105311832,0.3192481279323519,0.0999899660382537,0.0714299464323527,0.138778105311832,0.4172632563475379,0.0316202950567523,0.0714299464323527,0.4172632563475379,0.115648378688694,0.0933602719681705,0.0999899660382537,0.115648378688694,0.138778105311832,0.115648378688694,0.255398361876396,0.041172338956928,0.3192481279323519,0.255398361876396,0.255398361876396,0.041172338956928,0.0714299464323527,0.1734727270499989,0.0476199206365212,0.138778105311832,0.138778105311832,0.1734727270499989,0.255398361876396,0.4172632563475379,0.255398361876396,0.296376456737466,0.115648378688694,0.128249502550101,0.115648378688694,0.255398361876396,0.271481053610807,0.0571439257166366,0.0999899660382537,0.115648378688694,0.311463077621673,0.212831890191799,0.0714299464323527,0.0999899660382537,0.0714299464323527,0.212831890191799,0.138778105311832,0.1734727270499989,0.255398361876396,0.138778105311832,0.0571439257166366,0.255398361876396,0.0571439257166366,0.115648378688694,0.1734727270499989,0.041172338956928,0.1734727270499989,0.041172338956928,0.128249502550101,0.0,0.0,0.8333330277772181,0.128249502550101,0.138778105311832,0.0714299464323527,0.4172632563475379,0.8333330277772181,0.115648378688694,0.1734727270499989,1.0,0.0933602719681705,0.255398361876396,0.0,0.0714299464323527,0.255398361876396,0.115648378688694,0.0,0.1734727270499989,0.115648378688694,0.0571439257166366,0.0933602719681705,0.1734727270499989,0.138778105311832,0.1734727270499989,0.0933602719681705,0.115648378688694,0.0714299464323527,0.115648378688694,0.115648378688694,0.115648378688694,0.4172632563475379,0.128249502550101,0.115648378688694,0.0571439257166366,0.0714299464323527,0.115648378688694,0.138778105311832,0.549999174998487,0.0714299464323527,0.0999899660382537,0.255398361876396,0.115648378688694,0.138778105311832,0.0714299464323527,0.0,0.041172338956928,0.115648378688694,0.1734727270499989,0.138778105311832,0.0999899660382537,0.138778105311832,0.138778105311832,0.0892790042075809,0.138778105311832,0.0819002213950383,0.0476199206365212,0.115648378688694,0.115648378688694,0.0714299464323527,0.0337236205744276,0.0367619429090039,0.226732089065557,0.212831890191799,0.3192481279323519,0.1734727270499989,0.1734727270499989,0.1734727270499989,0.0,0.1734727270499989,0.0,0.115648378688694,0.041172338956928,0.0571439257166366,0.0476199206365212,0.0,0.138778105311832,0.0999899660382537,0.0571439257166366,0.0,0.138778105311832,0.0571439257166366,0.138778105311832,0.138778105311832,0.0714299464323527,0.1734727270499989,0.212831890191799
Hepatitis C,0.0933602719681705,0.0933602719681705,0.0933602719681705,0.0823790970344355,0.1098923880062569,0.0933602719681705,0.0749632197522059,0.0933602719681705,0.0823790970344355,0.1098923880062569,0.491151693334087,0.0823790970344355,0.1098923880062569,0.1763709506669489,0.0823790970344355,0.0749632197522059,0.1098923880062569,0.0933602719681705,0.1098923880062569,0.1763709506669489,0.0823790970344355,0.0823790970344355,0.0933602719681705,0.0749632197522059,0.0823790970344355,0.0698989009481177,0.0933602719681705,0.064654133669922,0.135412554283458,0.0823790970344355,0.0749632197522059,0.1098923880062569,0.0698989009481177,0.0933602719681705,0.0823790970344355,0.491151693334087,0.6052112120015789,0.0933602719681705,0.0698989009481177,0.0823790970344355,0.0823790970344355,0.0698989009481177,0.0933602719681705,0.1098923880062569,0.0933602719681705,0.6052112120015789,0.0933602719681705,0.0933602719681705,0.266881513729481,0.1098923880062569,0.0749632197522059,0.0823790970344355,0.0823790970344355,0.0933602719681705,0.0749632197522059,0.1098923880062569,0.0933602719681705,0.0698989009481177,0.0823790970344355,0.0933602719681705,0.0933602719681705,0.0933602719681705,0.0933602719681705,0.0933602719681705,0.0698989009481177,0.1098923880062569,0.0823790970344355,0.266881513729481,0.0698989009481177,0.0823790970344355,0.0749632197522059,0.1098923880062569,0.1098923880062569,0.0933602719681705,0.1098923880062569,0.0749632197522059,0.1098923880062569,0.0933602719681705,0.135412554283458,0.0640035322631421,0.266881513729481,0.135412554283458,0.0823790970344355,0.135412554283458,0.0749632197522059,0.0823790970344355,0.0933602719681705,0.0823790970344355,0.0933602719681705,0.0749632197522059,0.1098923880062569,0.0933602719681705,0.0933602719681705,0.0749632197522059,0.491151693334087,0.1098923880062569,0.0823790970344355,0.0933602719681705,0.0933602719681705,0.1098923880062569,0.0933602719681705,0.135412554283458,0.0933602719681705,0.380130200962355,0.0823790970344355,0.1763709506669489,0.0823790970344355,0.0933602719681705,0.0698989009481177,0.0933602719681705,0.0749632197522059,0.0823790970344355,0.1763709506669489,0.0823790970344355,0.266881513729481,0.0749632197522059,0.1098923880062569,0.0823790970344355,0.0933602719681705,0.1098923880062569,0.0933602719681705,0.0933602719681705,0.226732089065557,0.0933602719681705,0.0933602719681705,0.0823790970344355,0.1098923880062569,0.0749632197522059,0.1098923880062569,0.0749632197522059,0.1763709506669489,0.0,0.0,0.0823790970344355,0.1763709506669489,0.0933602719681705,0.1098923880062569,0.135412554283458,0.0823790970344355,0.0823790970344355,0.1098923880062569,0.0933602719681705,1.0,0.0933602719681705,0.0,0.1098923880062569,0.0933602719681705,0.0823790970344355,0.0,0.1098923880062569,0.0823790970344355,0.226732089065557,0.6052112120015789,0.1098923880062569,0.0933602719681705,0.1098923880062569,0.135412554283458,0.0823790970344355,0.1098923880062569,0.0823790970344355,0.0823790970344355,0.0823790970344355,0.135412554283458,0.1763709506669489,0.0823790970344355,0.0933602719681705,0.266881513729481,0.0823790970344355,0.0933602719681705,0.0823790970344355,0.1098923880062569,0.0749632197522059,0.0933602719681705,0.0823790970344355,0.0933602719681705,0.1098923880062569,0.0,0.0749632197522059,0.0823790970344355,0.1098923880062569,0.0933602719681705,0.0749632197522059,0.0933602719681705,0.0933602719681705,0.0698989009481177,0.0933602719681705,0.0664140661903645,0.0823790970344355,0.0823790970344355,0.0823790970344355,0.1098923880062569,0.0664140661903645,0.0698989009481177,0.135412554283458,0.0823790970344355,0.1098923880062569,0.1098923880062569,0.1098923880062569,0.1098923880062569,0.0,0.1098923880062569,0.0,0.0823790970344355,0.0749632197522059,0.0933602719681705,0.0823790970344355,0.0,0.0933602719681705,0.0749632197522059,0.0933602719681705,0.0,0.0933602719681705,0.0933602719681705,0.0933602719681705,0.0933602719681705,0.1098923880062569,0.1098923880062569,0.0823790970344355
Functional dyspepsia,0.0571439257166366,0.138778105311832,0.421998728397202,0.351665478053376,0.527498700621427,0.255398361876396,0.041172338956928,0.0571439257166366,0.115648378688694,0.527498700621427,0.0714299464323527,0.0476199206365212,0.1734727270499989,0.128249502550101,0.115648378688694,0.041172338956928,0.527498700621427,0.0571439257166366,0.0714299464323527,0.128249502550101,0.115648378688694,0.115648378688694,0.421998728397202,0.0999899660382537,0.212831890191799,0.0367619429090039,0.0571439257166366,0.0921133696066727,0.4172632563475379,0.212831890191799,0.0999899660382537,0.527498700621427,0.0892790042075809,0.138778105311832,0.115648378688694,0.0714299464323527,0.0933602719681705,0.138778105311832,0.164303377491262,0.115648378688694,0.115648378688694,0.0892790042075809,0.138778105311832,0.1734727270499989,0.138778105311832,0.0933602719681705,0.255398361876396,0.0571439257166366,0.0714299464323527,0.1734727270499989,0.0999899660382537,0.115648378688694,0.0476199206365212,0.138778105311832,0.0999899660382537,0.3192481279323519,0.138778105311832,0.0892790042075809,0.115648378688694,0.138778105311832,0.138778105311832,0.138778105311832,0.138778105311832,0.138778105311832,0.0892790042075809,0.1734727270499989,0.115648378688694,0.0714299464323527,0.0367619429090039,0.0476199206365212,0.0999899660382537,0.3192481279323519,0.3192481279323519,0.138778105311832,0.3192481279323519,0.0999899660382537,0.0714299464323527,0.138778105311832,0.4172632563475379,0.0316202950567523,0.0714299464323527,0.4172632563475379,0.115648378688694,0.0933602719681705,0.0999899660382537,0.115648378688694,0.138778105311832,0.115648378688694,0.255398361876396,0.041172338956928,0.3192481279323519,0.255398361876396,0.421998728397202,0.041172338956928,0.0714299464323527,0.1734727270499989,0.0476199206365212,0.138778105311832,0.138778105311832,0.1734727270499989,0.421998728397202,0.4172632563475379,0.421998728397202,0.296376456737466,0.115648378688694,0.128249502550101,0.115648378688694,0.255398361876396,0.164303377491262,0.0571439257166366,0.0999899660382537,0.115648378688694,0.311463077621673,0.351665478053376,0.0714299464323527,0.0999899660382537,0.0714299464323527,0.212831890191799,0.138778105311832,0.1734727270499989,0.255398361876396,0.138778105311832,0.0571439257166366,0.255398361876396,0.0571439257166366,0.115648378688694,0.1734727270499989,0.041172338956928,0.1734727270499989,0.041172338956928,0.128249502550101,0.0,0.0,0.212831890191799,0.128249502550101,0.138778105311832,0.0714299464323527,0.4172632563475379,0.212831890191799,0.115648378688694,0.1734727270499989,0.255398361876396,0.0933602719681705,1.0,0.0,0.0714299464323527,0.255398361876396,0.115648378688694,0.0,0.1734727270499989,0.115648378688694,0.0571439257166366,0.0933602719681705,0.1734727270499989,0.138778105311832,0.1734727270499989,0.0933602719681705,0.115648378688694,0.0714299464323527,0.115648378688694,0.115648378688694,0.115648378688694,0.4172632563475379,0.128249502550101,0.115648378688694,0.0571439257166366,0.0714299464323527,0.115648378688694,0.138778105311832,0.212831890191799,0.0714299464323527,0.0999899660382537,0.659999251998354,0.115648378688694,0.138778105311832,0.0714299464323527,0.0,0.041172338956928,0.115648378688694,0.1734727270499989,0.138778105311832,0.0999899660382537,0.138778105311832,0.138778105311832,0.0892790042075809,0.138778105311832,0.0819002213950383,0.0476199206365212,0.115648378688694,0.115648378688694,0.0714299464323527,0.0337236205744276,0.0367619429090039,0.226732089065557,0.549999174998487,0.3192481279323519,0.1734727270499989,0.1734727270499989,0.1734727270499989,0.0,0.1734727270499989,0.0,0.115648378688694,0.041172338956928,0.0571439257166366,0.0476199206365212,0.0,0.138778105311832,0.0999899660382537,0.0571439257166366,0.0,0.138778105311832,0.0571439257166366,0.138778105311832,0.138778105311832,0.0714299464323527,0.1734727270499989,0.351665478053376
Liver transplant,0.0,0.0,0.0,0.0,0.0,0.0,0.0,0.0,0.0,0.0,0.0,0.0,0.0,0.0,0.0,0.0,0.0,0.0,0.0,0.0,0.0,0.0,0.0,0.0,0.0,0.0,0.0,0.0,0.0,0.0,0.0,0.0,0.0,0.0,0.0,0.0,0.0,0.0,0.0,0.0,0.0,0.0,0.0,0.0,0.0,0.0,0.0,0.0,0.0,0.0,0.0,0.0,0.0,0.0,0.0,0.0,0.0,0.0,0.0,0.0,0.0,0.0,0.0,0.0,0.0,0.0,0.0,0.0,0.0,0.0,0.0,0.0,0.0,0.0,0.0,0.0,0.0,0.0,0.0,0.0,0.0,0.0,0.0,0.0,0.0,0.0,0.0,0.0,0.0,0.0,0.0,0.0,0.0,0.0,0.0,0.0,0.0,0.0,0.0,0.0,0.0,0.0,0.0,0.0,0.0,0.0,0.0,0.0,0.0,0.0,0.0,0.0,0.0,0.0,0.0,0.0,0.0,0.0,0.0,0.0,0.0,0.0,0.0,0.0,0.0,0.0,0.0,0.0,0.0,0.0,0.0,1.0,1.0,0.0,0.0,0.0,0.0,0.0,0.0,0.0,0.0,0.0,0.0,0.0,1.0,0.0,0.0,0.0,1.0,0.0,0.0,0.0,0.0,0.0,0.0,0.0,0.0,0.0,0.0,0.0,0.0,0.0,0.0,0.0,0.0,0.0,0.0,0.0,0.0,0.0,0.0,0.0,0.0,0.0,0.0,0.0,1.0,0.0,0.0,0.0,0.0,0.0,0.0,0.0,0.0,0.0,0.0,0.0,0.0,0.0,0.0,0.0,0.0,0.0,0.0,0.0,0.0,0.0,0.0,1.0,0.0,0.0,0.0,0.0,0.0,0.0,1.0,0.0,0.0,0.0,1.0,0.0,0.0,0.0,0.0,0.0,0.0,0.0
Schizophrenia,0.1734727270499989,0.0714299464323527,0.0714299464323527,0.0613432731147329,0.0865818037575277,0.0714299464323527,0.0545213728963117,0.0714299464323527,0.0613432731147329,0.0865818037575277,0.0865818037575277,0.0613432731147329,0.0865818037575277,0.147105639620399,0.0613432731147329,0.0545213728963117,0.0865818037575277,0.3192481279323519,0.386967653528542,0.147105639620399,0.0613432731147329,0.0613432731147329,0.0714299464323527,0.0545213728963117,0.0613432731147329,0.0498579928542293,0.0714299464323527,0.0485747365313862,0.1098923880062569,0.0613432731147329,0.0545213728963117,0.0865818037575277,0.0498579928542293,0.0714299464323527,0.0613432731147329,0.0865818037575277,0.1098923880062569,0.0714299464323527,0.0498579928542293,0.0613432731147329,0.0613432731147329,0.0498579928542293,0.0714299464323527,0.0865818037575277,0.0714299464323527,0.1098923880062569,0.0714299464323527,0.0714299464323527,0.0865818037575277,0.0865818037575277,0.0545213728963117,0.0613432731147329,0.0613432731147329,0.0714299464323527,0.0545213728963117,0.0865818037575277,0.0714299464323527,0.0498579928542293,0.0613432731147329,0.0714299464323527,0.0714299464323527,0.0714299464323527,0.0714299464323527,0.0714299464323527,0.0498579928542293,0.0865818037575277,0.0613432731147329,0.0865818037575277,0.0498579928542293,0.0613432731147329,0.0545213728963117,0.0865818037575277,0.0865818037575277,0.0714299464323527,0.0865818037575277,0.0545213728963117,0.0865818037575277,0.0714299464323527,0.1098923880062569,0.0444245555713213,0.0865818037575277,0.1098923880062569,0.0613432731147329,0.266881513729481,0.0545213728963117,0.0613432731147329,0.0714299464323527,0.0613432731147329,0.0714299464323527,0.0545213728963117,0.0865818037575277,0.0714299464323527,0.0714299464323527,0.0545213728963117,0.0865818037575277,0.0865818037575277,0.0613432731147329,0.0714299464323527,0.0714299464323527,0.0865818037575277,0.0714299464323527,0.1098923880062569,0.0714299464323527,0.32866873393231,0.0613432731147329,0.147105639620399,0.0613432731147329,0.0714299464323527,0.0498579928542293,0.0714299464323527,0.0545213728963117,0.0613432731147329,0.147105639620399,0.0613432731147329,0.0865818037575277,0.0545213728963117,0.21027009483971,0.0613432731147329,0.0714299464323527,0.0865818037575277,0.0714299464323527,0.0714299464323527,0.0714299464323527,0.0714299464323527,0.1734727270499989,0.0613432731147329,0.0865818037575277,0.0545213728963117,0.0865818037575277,0.0545213728963117,0.147105639620399,0.0,0.0,0.0613432731147329,0.147105639620399,0.0714299464323527,0.21027009483971,0.1098923880062569,0.0613432731147329,0.0613432731147329,0.0865818037575277,0.0714299464323527,0.1098923880062569,0.0714299464323527,0.0,1.0,0.0714299464323527,0.0613432731147329,0.0,0.0865818037575277,0.0613432731147329,0.0714299464323527,0.1098923880062569,0.0865818037575277,0.0714299464323527,0.0865818037575277,0.266881513729481,0.0613432731147329,0.0865818037575277,0.0613432731147329,0.0613432731147329,0.0613432731147329,0.1098923880062569,0.147105639620399,0.0613432731147329,0.0714299464323527,0.0865818037575277,0.0613432731147329,0.0714299464323527,0.0613432731147329,0.21027009483971,0.0545213728963117,0.0714299464323527,0.0613432731147329,0.0714299464323527,0.0865818037575277,0.0,0.0545213728963117,0.0613432731147329,0.0865818037575277,0.0714299464323527,0.0545213728963117,0.0714299464323527,0.0714299464323527,0.0498579928542293,0.0714299464323527,0.0466468368249435,0.0613432731147329,0.0613432731147329,0.0613432731147329,0.21027009483971,0.0466468368249435,0.0498579928542293,0.1098923880062569,0.0613432731147329,0.0865818037575277,0.0865818037575277,0.0865818037575277,0.0865818037575277,0.0,0.0865818037575277,0.0,0.0613432731147329,0.0545213728963117,0.0714299464323527,0.0613432731147329,0.0,0.0714299464323527,0.0545213728963117,0.0714299464323527,0.0,0.0714299464323527,0.0714299464323527,0.0714299464323527,0.0714299464323527,0.0865818037575277,0.0865818037575277,0.0613432731147329
Atrophic gastritis,0.0571439257166366,0.138778105311832,0.255398361876396,0.212831890191799,0.3192481279323519,0.255398361876396,0.041172338956928,0.0571439257166366,0.115648378688694,0.3192481279323519,0.0714299464323527,0.0476199206365212,0.1734727270499989,0.128249502550101,0.115648378688694,0.041172338956928,0.3192481279323519,0.0571439257166366,0.0714299464323527,0.128249502550101,0.115648378688694,0.115648378688694,0.255398361876396,0.0999899660382537,0.212831890191799,0.0367619429090039,0.0571439257166366,0.0921133696066727,0.4172632563475379,0.212831890191799,0.0999899660382537,0.3192481279323519,0.0892790042075809,0.138778105311832,0.115648378688694,0.0714299464323527,0.0933602719681705,0.138778105311832,0.164303377491262,0.115648378688694,0.115648378688694,0.0892790042075809,0.138778105311832,0.1734727270499989,0.138778105311832,0.0933602719681705,0.255398361876396,0.0571439257166366,0.0714299464323527,0.1734727270499989,0.0999899660382537,0.115648378688694,0.0476199206365212,0.138778105311832,0.0999899660382537,0.3192481279323519,0.138778105311832,0.0892790042075809,0.115648378688694,0.138778105311832,0.138778105311832,0.138778105311832,0.138778105311832,0.138778105311832,0.0892790042075809,0.1734727270499989,0.115648378688694,0.0714299464323527,0.0367619429090039,0.0476199206365212,0.0999899660382537,0.3192481279323519,0.3192481279323519,0.138778105311832,0.3192481279323519,0.0999899660382537,0.0714299464323527,0.138778105311832,0.4172632563475379,0.0316202950567523,0.0714299464323527,0.4172632563475379,0.115648378688694,0.0933602719681705,0.0999899660382537,0.115648378688694,0.138778105311832,0.115648378688694,0.255398361876396,0.041172338956928,0.3192481279323519,0.255398361876396,0.255398361876396,0.041172338956928,0.0714299464323527,0.1734727270499989,0.0476199206365212,0.138778105311832,0.138778105311832,0.1734727270499989,0.255398361876396,0.4172632563475379,0.255398361876396,0.296376456737466,0.115648378688694,0.128249502550101,0.115648378688694,0.255398361876396,0.164303377491262,0.0571439257166366,0.0999899660382537,0.115648378688694,0.311463077621673,0.212831890191799,0.0714299464323527,0.0999899660382537,0.0714299464323527,0.212831890191799,0.138778105311832,0.1734727270499989,0.255398361876396,0.138778105311832,0.0571439257166366,0.255398361876396,0.0571439257166366,0.115648378688694,0.1734727270499989,0.041172338956928,0.1734727270499989,0.041172338956928,0.128249502550101,0.0,0.0,0.212831890191799,0.128249502550101,0.138778105311832,0.0714299464323527,0.4172632563475379,0.212831890191799,0.115648378688694,0.1734727270499989,0.255398361876396,0.0933602719681705,0.255398361876396,0.0,0.0714299464323527,1.0,0.115648378688694,0.0,0.1734727270499989,0.115648378688694,0.0571439257166366,0.0933602719681705,0.1734727270499989,0.138778105311832,0.1734727270499989,0.0933602719681705,0.115648378688694,0.0714299464323527,0.115648378688694,0.115648378688694,0.115648378688694,0.4172632563475379,0.128249502550101,0.115648378688694,0.0571439257166366,0.0714299464323527,0.115648378688694,0.138778105311832,0.212831890191799,0.0714299464323527,0.0999899660382537,0.255398361876396,0.115648378688694,0.138778105311832,0.0714299464323527,0.0,0.041172338956928,0.115648378688694,0.1734727270499989,0.138778105311832,0.0999899660382537,0.138778105311832,0.138778105311832,0.0892790042075809,0.138778105311832,0.0819002213950383,0.0476199206365212,0.115648378688694,0.115648378688694,0.0714299464323527,0.0337236205744276,0.0367619429090039,0.226732089065557,0.212831890191799,0.3192481279323519,0.1734727270499989,0.1734727270499989,0.1734727270499989,0.0,0.1734727270499989,0.0,0.115648378688694,0.041172338956928,0.0571439257166366,0.0476199206365212,0.0,0.138778105311832,0.0999899660382537,0.0571439257166366,0.0,0.138778105311832,0.0571439257166366,0.138778105311832,0.138778105311832,0.0714299464323527,0.1734727270499989,0.212831890191799
Cervicitis,0.0476199206365212,0.115648378688694,0.115648378688694,0.093408272931481,0.148976520421494,0.115648378688694,0.0322586368373393,0.0476199206365212,0.093408272931481,0.148976520421494,0.0613432731147329,0.0384622300306098,0.148976520421494,0.115768709113422,0.093408272931481,0.0322586368373393,0.148976520421494,0.0476199206365212,0.0613432731147329,0.115768709113422,0.093408272931481,0.093408272931481,0.115648378688694,0.078342403747824,0.093408272931481,0.0280132767810044,0.0476199206365212,0.0746915486002605,0.200063521369343,0.093408272931481,0.078342403747824,0.148976520421494,0.0680322436110106,0.115648378688694,0.093408272931481,0.0613432731147329,0.0823790970344355,0.115648378688694,0.0680322436110106,0.093408272931481,0.093408272931481,0.0680322436110106,0.115648378688694,0.148976520421494,0.115648378688694,0.0823790970344355,0.115648378688694,0.0476199206365212,0.0613432731147329,0.148976520421494,0.078342403747824,0.284037401363075,0.0384622300306098,0.115648378688694,0.078342403747824,0.148976520421494,0.115648378688694,0.0680322436110106,0.093408272931481,0.115648378688694,0.115648378688694,0.115648378688694,0.115648378688694,0.115648378688694,0.0680322436110106,0.453010235567401,0.284037401363075,0.0613432731147329,0.0280132767810044,0.0384622300306098,0.078342403747824,0.148976520421494,0.148976520421494,0.115648378688694,0.148976520421494,0.078342403747824,0.0613432731147329,0.115648378688694,0.200063521369343,0.023062117726601,0.0613432731147329,0.200063521369343,0.093408272931481,0.0823790970344355,0.078342403747824,0.093408272931481,0.115648378688694,0.093408272931481,0.115648378688694,0.0322586368373393,0.148976520421494,0.115648378688694,0.115648378688694,0.0322586368373393,0.0613432731147329,0.148976520421494,0.0384622300306098,0.115648378688694,0.115648378688694,0.148976520421494,0.115648378688694,0.200063521369343,0.115648378688694,0.275363104390711,0.093408272931481,0.115768709113422,0.284037401363075,0.115648378688694,0.0680322436110106,0.0476199206365212,0.078342403747824,0.093408272931481,0.2811525792754519,0.093408272931481,0.0613432731147329,0.078342403747824,0.0613432731147329,0.093408272931481,0.212831890191799,0.148976520421494,0.115648378688694,0.115648378688694,0.0476199206365212,0.115648378688694,0.0476199206365212,0.093408272931481,0.148976520421494,0.0322586368373393,0.148976520421494,0.0322586368373393,0.115768709113422,0.0,0.0,0.093408272931481,0.115768709113422,0.115648378688694,0.0613432731147329,0.200063521369343,0.093408272931481,0.093408272931481,0.148976520421494,0.115648378688694,0.0823790970344355,0.115648378688694,0.0,0.0613432731147329,0.115648378688694,1.0,0.0,0.453010235567401,0.171902619932726,0.0476199206365212,0.0823790970344355,0.148976520421494,0.351665478053376,0.148976520421494,0.0823790970344355,0.093408272931481,0.0613432731147329,0.093408272931481,0.093408272931481,0.093408272931481,0.200063521369343,0.115768709113422,0.093408272931481,0.0476199206365212,0.0613432731147329,0.093408272931481,0.115648378688694,0.093408272931481,0.0613432731147329,0.078342403747824,0.115648378688694,0.093408272931481,0.212831890191799,0.0613432731147329,0.0,0.0322586368373393,0.093408272931481,0.148976520421494,0.115648378688694,0.078342403747824,0.212831890191799,0.212831890191799,0.0680322436110106,0.115648378688694,0.0609274353162256,0.0384622300306098,0.093408272931481,0.093408272931481,0.0613432731147329,0.0250877674831517,0.0280132767810044,0.200063521369343,0.093408272931481,0.148976520421494,0.148976520421494,0.453010235567401,0.148976520421494,0.0,0.148976520421494,0.0,0.284037401363075,0.0322586368373393,0.0476199206365212,0.0384622300306098,0.0,0.115648378688694,0.078342403747824,0.0476199206365212,0.0,0.115648378688694,0.0476199206365212,0.115648378688694,0.115648378688694,0.0613432731147329,0.148976520421494,0.093408272931481
Smoking,0.0,0.0,0.0,0.0,0.0,0.0,0.0,0.0,0.0,0.0,0.0,0.0,0.0,0.0,0.0,0.0,0.0,0.0,0.0,0.0,0.0,0.0,0.0,0.0,0.0,0.0,0.0,0.0,0.0,0.0,0.0,0.0,0.0,0.0,0.0,0.0,0.0,0.0,0.0,0.0,0.0,0.0,0.0,0.0,0.0,0.0,0.0,0.0,0.0,0.0,0.0,0.0,0.0,0.0,0.0,0.0,0.0,0.0,0.0,0.0,0.0,0.0,0.0,0.0,0.0,0.0,0.0,0.0,0.0,0.0,0.0,0.0,0.0,0.0,0.0,0.0,0.0,0.0,0.0,0.0,0.0,0.0,0.0,0.0,0.0,0.0,0.0,0.0,0.0,0.0,0.0,0.0,0.0,0.0,0.0,0.0,0.0,0.0,0.0,0.0,0.0,0.0,0.0,0.0,0.0,0.0,0.0,0.0,0.0,0.0,0.0,0.0,0.0,0.0,0.0,0.0,0.0,0.0,0.0,0.0,0.0,0.0,0.0,0.0,0.0,0.0,0.0,0.0,0.0,0.0,0.0,1.0,1.0,0.0,0.0,0.0,0.0,0.0,0.0,0.0,0.0,0.0,0.0,0.0,1.0,0.0,0.0,0.0,1.0,0.0,0.0,0.0,0.0,0.0,0.0,0.0,0.0,0.0,0.0,0.0,0.0,0.0,0.0,0.0,0.0,0.0,0.0,0.0,0.0,0.0,0.0,0.0,0.0,0.0,0.0,0.0,1.0,0.0,0.0,0.0,0.0,0.0,0.0,0.0,0.0,0.0,0.0,0.0,0.0,0.0,0.0,0.0,0.0,0.0,0.0,0.0,0.0,0.0,0.0,1.0,0.0,0.0,0.0,0.0,0.0,0.0,1.0,0.0,0.0,0.0,1.0,0.0,0.0,0.0,0.0,0.0,0.0,0.0
Pregnancy,0.0714299464323527,0.1734727270499989,0.1734727270499989,0.148976520421494,0.21027009483971,0.1734727270499989,0.0545213728963117,0.0714299464323527,0.148976520421494,0.21027009483971,0.0865818037575277,0.0613432731147329,0.21027009483971,0.147105639620399,0.148976520421494,0.0545213728963117,0.21027009483971,0.0714299464323527,0.0865818037575277,0.147105639620399,0.148976520421494,0.148976520421494,0.1734727270499989,0.1324090484624709,0.148976520421494,0.0498579928542293,0.0714299464323527,0.117967217290509,0.266881513729481,0.148976520421494,0.1324090484624709,0.21027009483971,0.1210836969317,0.1734727270499989,0.148976520421494,0.0865818037575277,0.1098923880062569,0.1734727270499989,0.1210836969317,0.148976520421494,0.148976520421494,0.1210836969317,0.1734727270499989,0.21027009483971,0.1734727270499989,0.1098923880062569,0.1734727270499989,0.0714299464323527,0.0865818037575277,0.21027009483971,0.1324090484624709,0.453010235567401,0.0613432731147329,0.1734727270499989,0.1324090484624709,0.21027009483971,0.1734727270499989,0.1210836969317,0.148976520421494,0.1734727270499989,0.1734727270499989,0.1734727270499989,0.1734727270499989,0.1734727270499989,0.1210836969317,0.639392737369731,0.453010235567401,0.0865818037575277,0.0498579928542293,0.0613432731147329,0.1324090484624709,0.21027009483971,0.21027009483971,0.1734727270499989,0.21027009483971,0.1324090484624709,0.0865818037575277,0.1734727270499989,0.266881513729481,0.0444245555713213,0.0865818037575277,0.266881513729481,0.148976520421494,0.1098923880062569,0.1324090484624709,0.148976520421494,0.1734727270499989,0.148976520421494,0.1734727270499989,0.0545213728963117,0.21027009483971,0.1734727270499989,0.1734727270499989,0.0545213728963117,0.0865818037575277,0.21027009483971,0.0613432731147329,0.1734727270499989,0.1734727270499989,0.21027009483971,0.1734727270499989,0.266881513729481,0.1734727270499989,0.32866873393231,0.148976520421494,0.147105639620399,0.453010235567401,0.1734727270499989,0.1210836969317,0.0714299464323527,0.1324090484624709,0.148976520421494,0.357256553363825,0.148976520421494,0.0865818037575277,0.1324090484624709,0.0865818037575277,0.148976520421494,0.3192481279323519,0.21027009483971,0.1734727270499989,0.1734727270499989,0.0714299464323527,0.1734727270499989,0.0714299464323527,0.148976520421494,0.21027009483971,0.0545213728963117,0.21027009483971,0.0545213728963117,0.147105639620399,0.0,0.0,0.148976520421494,0.147105639620399,0.1734727270499989,0.0865818037575277,0.266881513729481,0.148976520421494,0.148976520421494,0.21027009483971,0.1734727270499989,0.1098923880062569,0.1734727270499989,0.0,0.0865818037575277,0.1734727270499989,0.453010235567401,0.0,1.0,0.274166873716867,0.0714299464323527,0.1098923880062569,0.21027009483971,0.527498700621427,0.21027009483971,0.1098923880062569,0.148976520421494,0.0865818037575277,0.148976520421494,0.148976520421494,0.148976520421494,0.266881513729481,0.147105639620399,0.148976520421494,0.0714299464323527,0.0865818037575277,0.148976520421494,0.1734727270499989,0.148976520421494,0.0865818037575277,0.1324090484624709,0.1734727270499989,0.148976520421494,0.3192481279323519,0.0865818037575277,0.0,0.0545213728963117,0.148976520421494,0.21027009483971,0.1734727270499989,0.1324090484624709,0.3192481279323519,0.3192481279323519,0.1210836969317,0.1734727270499989,0.113285175146291,0.0613432731147329,0.148976520421494,0.148976520421494,0.0865818037575277,0.0466468368249435,0.0498579928542293,0.266881513729481,0.148976520421494,0.21027009483971,0.21027009483971,0.639392737369731,0.21027009483971,0.0,0.21027009483971,0.0,0.453010235567401,0.0545213728963117,0.0714299464323527,0.0613432731147329,0.0,0.1734727270499989,0.1324090484624709,0.0714299464323527,0.0,0.1734727270499989,0.0714299464323527,0.1734727270499989,0.1734727270499989,0.0865818037575277,0.21027009483971,0.148976520421494
Idiopathic infertility,0.0476199206365212,0.115648378688694,0.115648378688694,0.093408272931481,0.148976520421494,0.115648378688694,0.0322586368373393,0.0476199206365212,0.093408272931481,0.148976520421494,0.0613432731147329,0.0384622300306098,0.148976520421494,0.115768709113422,0.093408272931481,0.0322586368373393,0.148976520421494,0.0476199206365212,0.0613432731147329,0.115768709113422,0.093408272931481,0.093408272931481,0.115648378688694,0.078342403747824,0.093408272931481,0.0280132767810044,0.0476199206365212,0.0746915486002605,0.200063521369343,0.093408272931481,0.078342403747824,0.148976520421494,0.0680322436110106,0.115648378688694,0.093408272931481,0.0613432731147329,0.0823790970344355,0.115648378688694,0.0680322436110106,0.093408272931481,0.093408272931481,0.0680322436110106,0.115648378688694,0.148976520421494,0.115648378688694,0.0823790970344355,0.115648378688694,0.0476199206365212,0.0613432731147329,0.148976520421494,0.078342403747824,0.171902619932726,0.0384622300306098,0.115648378688694,0.078342403747824,0.148976520421494,0.115648378688694,0.0680322436110106,0.093408272931481,0.115648378688694,0.115648378688694,0.115648378688694,0.115648378688694,0.115648378688694,0.0680322436110106,0.274166873716867,0.171902619932726,0.0613432731147329,0.0280132767810044,0.0384622300306098,0.078342403747824,0.148976520421494,0.148976520421494,0.115648378688694,0.148976520421494,0.078342403747824,0.0613432731147329,0.115648378688694,0.200063521369343,0.023062117726601,0.0613432731147329,0.200063521369343,0.093408272931481,0.0823790970344355,0.078342403747824,0.093408272931481,0.115648378688694,0.093408272931481,0.115648378688694,0.0322586368373393,0.148976520421494,0.115648378688694,0.115648378688694,0.0322586368373393,0.0613432731147329,0.148976520421494,0.0384622300306098,0.115648378688694,0.115648378688694,0.148976520421494,0.115648378688694,0.200063521369343,0.115648378688694,0.275363104390711,0.093408272931481,0.115768709113422,0.171902619932726,0.115648378688694,0.0680322436110106,0.0476199206365212,0.078342403747824,0.093408272931481,0.2811525792754519,0.093408272931481,0.0613432731147329,0.078342403747824,0.0613432731147329,0.093408272931481,0.351665478053376,0.148976520421494,0.115648378688694,0.115648378688694,0.0476199206365212,0.115648378688694,0.0476199206365212,0.093408272931481,0.148976520421494,0.0322586368373393,0.148976520421494,0.0322586368373393,0.115768709113422,0.0,0.0,0.093408272931481,0.115768709113422,0.115648378688694,0.0613432731147329,0.200063521369343,0.093408272931481,0.093408272931481,0.148976520421494,0.115648378688694,0.0823790970344355,0.115648378688694,0.0,0.0613432731147329,0.115648378688694,0.171902619932726,0.0,0.274166873716867,1.0,0.0476199206365212,0.0823790970344355,0.148976520421494,0.212831890191799,0.148976520421494,0.0823790970344355,0.093408272931481,0.0613432731147329,0.093408272931481,0.093408272931481,0.093408272931481,0.200063521369343,0.115768709113422,0.093408272931481,0.0476199206365212,0.0613432731147329,0.093408272931481,0.115648378688694,0.093408272931481,0.0613432731147329,0.078342403747824,0.115648378688694,0.093408272931481,0.549999174998487,0.0613432731147329,0.0,0.0322586368373393,0.093408272931481,0.148976520421494,0.115648378688694,0.078342403747824,0.351665478053376,0.549999174998487,0.0680322436110106,0.115648378688694,0.0609274353162256,0.0384622300306098,0.093408272931481,0.093408272931481,0.0613432731147329,0.0250877674831517,0.0280132767810044,0.200063521369343,0.093408272931481,0.148976520421494,0.148976520421494,0.274166873716867,0.148976520421494,0.0,0.148976520421494,0.0,0.171902619932726,0.0322586368373393,0.0476199206365212,0.0384622300306098,0.0,0.115648378688694,0.078342403747824,0.0476199206365212,0.0,0.115648378688694,0.0476199206365212,0.115648378688694,0.115648378688694,0.0613432731147329,0.148976520421494,0.093408272931481
Trichomonas vaginalis infection,0.0571439257166366,0.0571439257166366,0.0571439257166366,0.0476199206365212,0.0714299464323527,0.0571439257166366,0.041172338956928,0.0571439257166366,0.0476199206365212,0.0714299464323527,0.1734727270499989,0.0476199206365212,0.0714299464323527,0.128249502550101,0.0476199206365212,0.041172338956928,0.0714299464323527,0.0571439257166366,0.0714299464323527,0.128249502550101,0.0476199206365212,0.0476199206365212,0.0571439257166366,0.041172338956928,0.0476199206365212,0.0367619429090039,0.0571439257166366,0.0379290345439241,0.0933602719681705,0.0476199206365212,0.041172338956928,0.0714299464323527,0.0367619429090039,0.0571439257166366,0.0476199206365212,0.1734727270499989,0.226732089065557,0.0571439257166366,0.0367619429090039,0.0476199206365212,0.0476199206365212,0.0367619429090039,0.0571439257166366,0.0714299464323527,0.0571439257166366,0.226732089065557,0.0571439257166366,0.0571439257166366,0.1734727270499989,0.0714299464323527,0.041172338956928,0.0476199206365212,0.0476199206365212,0.0571439257166366,0.041172338956928,0.0714299464323527,0.0571439257166366,0.0367619429090039,0.0476199206365212,0.0571439257166366,0.0571439257166366,0.0571439257166366,0.0571439257166366,0.0571439257166366,0.0367619429090039,0.0714299464323527,0.0476199206365212,0.1734727270499989,0.0367619429090039,0.0476199206365212,0.041172338956928,0.0714299464323527,0.0714299464323527,0.0571439257166366,0.0714299464323527,0.041172338956928,0.0714299464323527,0.0571439257166366,0.0933602719681705,0.0316202950567523,0.1734727270499989,0.0933602719681705,0.0476199206365212,0.0933602719681705,0.041172338956928,0.0476199206365212,0.0571439257166366,0.0476199206365212,0.0571439257166366,0.041172338956928,0.0714299464323527,0.0571439257166366,0.0571439257166366,0.041172338956928,0.1734727270499989,0.0714299464323527,0.0476199206365212,0.0571439257166366,0.0571439257166366,0.0714299464323527,0.0571439257166366,0.0933602719681705,0.0571439257166366,0.296376456737466,0.0476199206365212,0.128249502550101,0.0476199206365212,0.0571439257166366,0.0367619429090039,0.0571439257166366,0.041172338956928,0.0476199206365212,0.128249502550101,0.0476199206365212,0.1734727270499989,0.041172338956928,0.0714299464323527,0.0476199206365212,0.0571439257166366,0.0714299464323527,0.0571439257166366,0.0571439257166366,0.421998728397202,0.0571439257166366,0.0571439257166366,0.0476199206365212,0.0714299464323527,0.041172338956928,0.0714299464323527,0.041172338956928,0.128249502550101,0.0,0.0,0.0476199206365212,0.128249502550101,0.0571439257166366,0.0714299464323527,0.0933602719681705,0.0476199206365212,0.0476199206365212,0.0714299464323527,0.0571439257166366,0.226732089065557,0.0571439257166366,0.0,0.0714299464323527,0.0571439257166366,0.0476199206365212,0.0,0.0714299464323527,0.0476199206365212,1.0,0.226732089065557,0.0714299464323527,0.0571439257166366,0.0714299464323527,0.0933602719681705,0.0476199206365212,0.0714299464323527,0.0476199206365212,0.0476199206365212,0.0476199206365212,0.0933602719681705,0.128249502550101,0.0476199206365212,0.0571439257166366,0.1734727270499989,0.0476199206365212,0.0571439257166366,0.0476199206365212,0.0714299464323527,0.041172338956928,0.0571439257166366,0.0476199206365212,0.0571439257166366,0.0714299464323527,0.0,0.041172338956928,0.0476199206365212,0.0714299464323527,0.0571439257166366,0.041172338956928,0.0571439257166366,0.0571439257166366,0.0367619429090039,0.0571439257166366,0.0337236205744276,0.0476199206365212,0.0476199206365212,0.0476199206365212,0.0714299464323527,0.0337236205744276,0.0367619429090039,0.0933602719681705,0.0476199206365212,0.0714299464323527,0.0714299464323527,0.0714299464323527,0.0714299464323527,0.0,0.0714299464323527,0.0,0.0476199206365212,0.041172338956928,0.0571439257166366,0.0476199206365212,0.0,0.0571439257166366,0.041172338956928,0.0571439257166366,0.0,0.0571439257166366,0.0571439257166366,0.0571439257166366,0.0571439257166366,0.0714299464323527,0.0714299464323527,0.0476199206365212
Human papilloma virus infection,0.0933602719681705,0.0933602719681705,0.0933602719681705,0.0823790970344355,0.1098923880062569,0.0933602719681705,0.0749632197522059,0.0933602719681705,0.0823790970344355,0.1098923880062569,0.81153766419781,0.0823790970344355,0.1098923880062569,0.1763709506669489,0.0823790970344355,0.0749632197522059,0.1098923880062569,0.0933602719681705,0.1098923880062569,0.1763709506669489,0.0823790970344355,0.0823790970344355,0.0933602719681705,0.0749632197522059,0.0823790970344355,0.0698989009481177,0.0933602719681705,0.064654133669922,0.135412554283458,0.0823790970344355,0.0749632197522059,0.1098923880062569,0.0698989009481177,0.0933602719681705,0.0823790970344355,0.491151693334087,1.0,0.0933602719681705,0.0698989009481177,0.0823790970344355,0.0823790970344355,0.0698989009481177,0.0933602719681705,0.1098923880062569,0.0933602719681705,0.6052112120015789,0.0933602719681705,0.0933602719681705,0.266881513729481,0.1098923880062569,0.0749632197522059,0.0823790970344355,0.0823790970344355,0.0933602719681705,0.0749632197522059,0.1098923880062569,0.0933602719681705,0.0698989009481177,0.0823790970344355,0.0933602719681705,0.0933602719681705,0.0933602719681705,0.0933602719681705,0.0933602719681705,0.0698989009481177,0.1098923880062569,0.0823790970344355,0.266881513729481,0.0698989009481177,0.0823790970344355,0.0749632197522059,0.1098923880062569,0.1098923880062569,0.0933602719681705,0.1098923880062569,0.0749632197522059,0.1098923880062569,0.0933602719681705,0.135412554283458,0.0640035322631421,0.266881513729481,0.135412554283458,0.0823790970344355,0.135412554283458,0.0749632197522059,0.0823790970344355,0.0933602719681705,0.0823790970344355,0.0933602719681705,0.0749632197522059,0.1098923880062569,0.0933602719681705,0.0933602719681705,0.0749632197522059,0.491151693334087,0.1098923880062569,0.0823790970344355,0.0933602719681705,0.0933602719681705,0.1098923880062569,0.0933602719681705,0.135412554283458,0.0933602719681705,0.380130200962355,0.0823790970344355,0.1763709506669489,0.0823790970344355,0.0933602719681705,0.0698989009481177,0.0933602719681705,0.0749632197522059,0.0823790970344355,0.1763709506669489,0.0823790970344355,0.266881513729481,0.0749632197522059,0.1098923880062569,0.0823790970344355,0.0933602719681705,0.1098923880062569,0.0933602719681705,0.0933602719681705,0.226732089065557,0.0933602719681705,0.0933602719681705,0.0823790970344355,0.1098923880062569,0.0749632197522059,0.1098923880062569,0.0749632197522059,0.1763709506669489,0.0,0.0,0.0823790970344355,0.1763709506669489,0.0933602719681705,0.1098923880062569,0.135412554283458,0.0823790970344355,0.0823790970344355,0.1098923880062569,0.0933602719681705,0.6052112120015789,0.0933602719681705,0.0,0.1098923880062569,0.0933602719681705,0.0823790970344355,0.0,0.1098923880062569,0.0823790970344355,0.226732089065557,1.0,0.1098923880062569,0.0933602719681705,0.1098923880062569,0.135412554283458,0.0823790970344355,0.1098923880062569,0.0823790970344355,0.0823790970344355,0.0823790970344355,0.135412554283458,0.1763709506669489,0.0823790970344355,0.0933602719681705,0.266881513729481,0.0823790970344355,0.0933602719681705,0.0823790970344355,0.1098923880062569,0.0749632197522059,0.0933602719681705,0.0823790970344355,0.0933602719681705,0.1098923880062569,0.0,0.0749632197522059,0.0823790970344355,0.1098923880062569,0.0933602719681705,0.0749632197522059,0.0933602719681705,0.0933602719681705,0.0698989009481177,0.0933602719681705,0.0664140661903645,0.0823790970344355,0.0823790970344355,0.0823790970344355,0.1098923880062569,0.0664140661903645,0.0698989009481177,0.135412554283458,0.0823790970344355,0.1098923880062569,0.1098923880062569,0.1098923880062569,0.1098923880062569,0.0,0.1098923880062569,0.0,0.0823790970344355,0.0749632197522059,0.0933602719681705,0.0823790970344355,0.0,0.0933602719681705,0.0749632197522059,0.0933602719681705,0.0,0.0933602719681705,0.0933602719681705,0.0933602719681705,0.0933602719681705,0.1098923880062569,0.1098923880062569,0.0823790970344355
Nongonococcal urethritis,0.0714299464323527,0.1734727270499989,0.1734727270499989,0.148976520421494,0.21027009483971,0.1734727270499989,0.0545213728963117,0.0714299464323527,0.148976520421494,0.21027009483971,0.0865818037575277,0.0613432731147329,0.21027009483971,0.147105639620399,0.148976520421494,0.0545213728963117,0.21027009483971,0.0714299464323527,0.0865818037575277,0.147105639620399,0.148976520421494,0.148976520421494,0.1734727270499989,0.1324090484624709,0.148976520421494,0.0498579928542293,0.0714299464323527,0.117967217290509,0.266881513729481,0.148976520421494,0.1324090484624709,0.21027009483971,0.1210836969317,0.1734727270499989,0.148976520421494,0.0865818037575277,0.1098923880062569,0.1734727270499989,0.1210836969317,0.148976520421494,0.148976520421494,0.1210836969317,0.1734727270499989,0.21027009483971,0.1734727270499989,0.1098923880062569,0.1734727270499989,0.0714299464323527,0.0865818037575277,0.21027009483971,0.1324090484624709,0.148976520421494,0.0613432731147329,0.1734727270499989,0.1324090484624709,0.21027009483971,0.1734727270499989,0.1210836969317,0.148976520421494,0.1734727270499989,0.1734727270499989,0.1734727270499989,0.3192481279323519,0.1734727270499989,0.1210836969317,0.21027009483971,0.148976520421494,0.0865818037575277,0.0498579928542293,0.0613432731147329,0.1324090484624709,0.21027009483971,0.21027009483971,0.1734727270499989,0.21027009483971,0.1324090484624709,0.0865818037575277,0.1734727270499989,0.266881513729481,0.0444245555713213,0.0865818037575277,0.266881513729481,0.148976520421494,0.1098923880062569,0.1324090484624709,0.148976520421494,0.1734727270499989,0.148976520421494,0.1734727270499989,0.0545213728963117,0.21027009483971,0.1734727270499989,0.1734727270499989,0.0545213728963117,0.0865818037575277,0.21027009483971,0.0613432731147329,0.1734727270499989,0.1734727270499989,0.21027009483971,0.1734727270499989,0.266881513729481,0.1734727270499989,0.32866873393231,0.148976520421494,0.147105639620399,0.148976520421494,0.1734727270499989,0.1210836969317,0.0714299464323527,0.1324090484624709,0.148976520421494,0.357256553363825,0.148976520421494,0.0865818037575277,0.1324090484624709,0.0865818037575277,0.148976520421494,0.1734727270499989,0.386967653528542,0.1734727270499989,0.3192481279323519,0.0714299464323527,0.1734727270499989,0.0714299464323527,0.148976520421494,0.21027009483971,0.0545213728963117,0.21027009483971,0.0545213728963117,0.147105639620399,0.0,0.0,0.148976520421494,0.147105639620399,0.1734727270499989,0.0865818037575277,0.266881513729481,0.148976520421494,0.148976520421494,0.21027009483971,0.1734727270499989,0.1098923880062569,0.1734727270499989,0.0,0.0865818037575277,0.1734727270499989,0.148976520421494,0.0,0.21027009483971,0.148976520421494,0.0714299464323527,0.1098923880062569,1.0,0.1734727270499989,0.21027009483971,0.1098923880062569,0.148976520421494,0.0865818037575277,0.148976520421494,0.148976520421494,0.148976520421494,0.266881513729481,0.147105639620399,0.148976520421494,0.0714299464323527,0.0865818037575277,0.148976520421494,0.1734727270499989,0.148976520421494,0.0865818037575277,0.243677156414128,0.1734727270499989,0.148976520421494,0.1734727270499989,0.0865818037575277,0.0,0.0545213728963117,0.148976520421494,0.21027009483971,0.1734727270499989,0.1324090484624709,0.1734727270499989,0.1734727270499989,0.1210836969317,0.1734727270499989,0.113285175146291,0.0613432731147329,0.148976520421494,0.148976520421494,0.0865818037575277,0.0466468368249435,0.0498579928542293,0.266881513729481,0.148976520421494,0.21027009483971,0.386967653528542,0.21027009483971,0.386967653528542,0.0,0.21027009483971,0.0,0.148976520421494,0.0545213728963117,0.0714299464323527,0.0613432731147329,0.0,0.1734727270499989,0.1324090484624709,0.0714299464323527,0.0,0.1734727270499989,0.0714299464323527,0.1734727270499989,0.1734727270499989,0.0865818037575277,0.21027009483971,0.148976520421494
Vulvar vestibulitis syndrome,0.0571439257166366,0.138778105311832,0.138778105311832,0.115648378688694,0.1734727270499989,0.138778105311832,0.041172338956928,0.0571439257166366,0.115648378688694,0.1734727270499989,0.0714299464323527,0.0476199206365212,0.1734727270499989,0.128249502550101,0.115648378688694,0.041172338956928,0.1734727270499989,0.0571439257166366,0.0714299464323527,0.128249502550101,0.115648378688694,0.115648378688694,0.138778105311832,0.0999899660382537,0.115648378688694,0.0367619429090039,0.0571439257166366,0.0921133696066727,0.226732089065557,0.115648378688694,0.0999899660382537,0.1734727270499989,0.0892790042075809,0.138778105311832,0.115648378688694,0.0714299464323527,0.0933602719681705,0.138778105311832,0.0892790042075809,0.115648378688694,0.115648378688694,0.0892790042075809,0.138778105311832,0.1734727270499989,0.138778105311832,0.0933602719681705,0.138778105311832,0.0571439257166366,0.0714299464323527,0.1734727270499989,0.0999899660382537,0.351665478053376,0.0476199206365212,0.138778105311832,0.0999899660382537,0.1734727270499989,0.138778105311832,0.0892790042075809,0.115648378688694,0.138778105311832,0.138778105311832,0.138778105311832,0.138778105311832,0.138778105311832,0.0892790042075809,0.527498700621427,0.351665478053376,0.0714299464323527,0.0367619429090039,0.0476199206365212,0.0999899660382537,0.1734727270499989,0.1734727270499989,0.138778105311832,0.1734727270499989,0.0999899660382537,0.0714299464323527,0.138778105311832,0.226732089065557,0.0316202950567523,0.0714299464323527,0.226732089065557,0.115648378688694,0.0933602719681705,0.0999899660382537,0.115648378688694,0.138778105311832,0.115648378688694,0.138778105311832,0.041172338956928,0.1734727270499989,0.138778105311832,0.138778105311832,0.041172338956928,0.0714299464323527,0.1734727270499989,0.0476199206365212,0.138778105311832,0.138778105311832,0.1734727270499989,0.138778105311832,0.226732089065557,0.138778105311832,0.296376456737466,0.115648378688694,0.128249502550101,0.351665478053376,0.138778105311832,0.0892790042075809,0.0571439257166366,0.0999899660382537,0.115648378688694,0.311463077621673,0.115648378688694,0.0714299464323527,0.0999899660382537,0.0714299464323527,0.115648378688694,0.255398361876396,0.1734727270499989,0.138778105311832,0.138778105311832,0.0571439257166366,0.138778105311832,0.0571439257166366,0.115648378688694,0.1734727270499989,0.041172338956928,0.1734727270499989,0.041172338956928,0.128249502550101,0.0,0.0,0.115648378688694,0.128249502550101,0.138778105311832,0.0714299464323527,0.226732089065557,0.115648378688694,0.115648378688694,0.1734727270499989,0.138778105311832,0.0933602719681705,0.138778105311832,0.0,0.0714299464323527,0.138778105311832,0.351665478053376,0.0,0.527498700621427,0.212831890191799,0.0571439257166366,0.0933602719681705,0.1734727270499989,1.0,0.1734727270499989,0.0933602719681705,0.115648378688694,0.0714299464323527,0.115648378688694,0.115648378688694,0.115648378688694,0.226732089065557,0.128249502550101,0.115648378688694,0.0571439257166366,0.0714299464323527,0.115648378688694,0.138778105311832,0.115648378688694,0.0714299464323527,0.0999899660382537,0.138778105311832,0.115648378688694,0.255398361876396,0.0714299464323527,0.0,0.041172338956928,0.115648378688694,0.1734727270499989,0.138778105311832,0.0999899660382537,0.255398361876396,0.255398361876396,0.0892790042075809,0.138778105311832,0.0819002213950383,0.0476199206365212,0.115648378688694,0.115648378688694,0.0714299464323527,0.0337236205744276,0.0367619429090039,0.226732089065557,0.115648378688694,0.1734727270499989,0.1734727270499989,0.527498700621427,0.1734727270499989,0.0,0.1734727270499989,0.0,0.351665478053376,0.041172338956928,0.0571439257166366,0.0476199206365212,0.0,0.138778105311832,0.0999899660382537,0.0571439257166366,0.0,0.138778105311832,0.0571439257166366,0.138778105311832,0.138778105311832,0.0714299464323527,0.1734727270499989,0.115648378688694
Hyperthyroidism,0.0714299464323527,0.1734727270499989,0.1734727270499989,0.148976520421494,0.21027009483971,0.1734727270499989,0.0545213728963117,0.0714299464323527,0.148976520421494,0.21027009483971,0.0865818037575277,0.0613432731147329,0.21027009483971,0.147105639620399,0.148976520421494,0.0545213728963117,0.21027009483971,0.0714299464323527,0.0865818037575277,0.147105639620399,0.148976520421494,0.148976520421494,0.1734727270499989,0.1324090484624709,0.148976520421494,0.0498579928542293,0.0714299464323527,0.117967217290509,0.266881513729481,0.148976520421494,0.1324090484624709,0.21027009483971,0.1210836969317,0.1734727270499989,0.148976520421494,0.0865818037575277,0.1098923880062569,0.1734727270499989,0.1210836969317,0.148976520421494,0.148976520421494,0.1210836969317,0.1734727270499989,0.21027009483971,0.1734727270499989,0.1098923880062569,0.1734727270499989,0.0714299464323527,0.0865818037575277,0.21027009483971,0.1324090484624709,0.148976520421494,0.0613432731147329,0.1734727270499989,0.1324090484624709,0.21027009483971,0.1734727270499989,0.1210836969317,0.148976520421494,0.1734727270499989,0.1734727270499989,0.1734727270499989,0.1734727270499989,0.1734727270499989,0.1210836969317,0.21027009483971,0.148976520421494,0.0865818037575277,0.0498579928542293,0.0613432731147329,0.1324090484624709,0.21027009483971,0.21027009483971,0.1734727270499989,0.21027009483971,0.1324090484624709,0.0865818037575277,0.1734727270499989,0.266881513729481,0.0444245555713213,0.0865818037575277,0.266881513729481,0.148976520421494,0.1098923880062569,0.1324090484624709,0.148976520421494,0.1734727270499989,0.148976520421494,0.1734727270499989,0.0545213728963117,0.21027009483971,0.1734727270499989,0.1734727270499989,0.0545213728963117,0.0865818037575277,0.21027009483971,0.0613432731147329,0.1734727270499989,0.1734727270499989,0.21027009483971,0.1734727270499989,0.266881513729481,0.1734727270499989,0.32866873393231,0.148976520421494,0.147105639620399,0.148976520421494,0.1734727270499989,0.1210836969317,0.0714299464323527,0.1324090484624709,0.148976520421494,0.357256553363825,0.148976520421494,0.0865818037575277,0.1324090484624709,0.0865818037575277,0.148976520421494,0.1734727270499989,0.21027009483971,0.1734727270499989,0.1734727270499989,0.0714299464323527,0.1734727270499989,0.0714299464323527,0.148976520421494,0.21027009483971,0.0545213728963117,0.386967653528542,0.0545213728963117,0.147105639620399,0.0,0.0,0.148976520421494,0.147105639620399,0.1734727270499989,0.0865818037575277,0.266881513729481,0.148976520421494,0.148976520421494,0.639392737369731,0.1734727270499989,0.1098923880062569,0.1734727270499989,0.0,0.0865818037575277,0.1734727270499989,0.148976520421494,0.0,0.21027009483971,0.148976520421494,0.0714299464323527,0.1098923880062569,0.21027009483971,0.1734727270499989,1.0,0.1098923880062569,0.148976520421494,0.0865818037575277,0.148976520421494,0.148976520421494,0.148976520421494,0.266881513729481,0.147105639620399,0.148976520421494,0.0714299464323527,0.0865818037575277,0.148976520421494,0.3192481279323519,0.148976520421494,0.0865818037575277,0.1324090484624709,0.1734727270499989,0.148976520421494,0.1734727270499989,0.0865818037575277,0.0,0.0545213728963117,0.148976520421494,0.21027009483971,0.1734727270499989,0.1324090484624709,0.1734727270499989,0.1734727270499989,0.1210836969317,0.1734727270499989,0.113285175146291,0.0613432731147329,0.148976520421494,0.148976520421494,0.0865818037575277,0.0466468368249435,0.0498579928542293,0.266881513729481,0.148976520421494,0.21027009483971,0.21027009483971,0.21027009483971,0.21027009483971,0.0,0.21027009483971,0.0,0.148976520421494,0.0545213728963117,0.0714299464323527,0.0613432731147329,0.0,0.1734727270499989,0.1324090484624709,0.0714299464323527,0.0,0.1734727270499989,0.0714299464323527,0.1734727270499989,0.1734727270499989,0.0865818037575277,0.21027009483971,0.148976520421494
Idiopathic REM Sleep Behavior Disorder,0.226732089065557,0.0933602719681705,0.0933602719681705,0.0823790970344355,0.1098923880062569,0.0933602719681705,0.0749632197522059,0.0933602719681705,0.0823790970344355,0.1098923880062569,0.1098923880062569,0.0823790970344355,0.1098923880062569,0.1763709506669489,0.0823790970344355,0.0749632197522059,0.1098923880062569,0.226732089065557,0.266881513729481,0.1763709506669489,0.0823790970344355,0.0823790970344355,0.0933602719681705,0.0749632197522059,0.0823790970344355,0.0698989009481177,0.0933602719681705,0.064654133669922,0.135412554283458,0.0823790970344355,0.0749632197522059,0.1098923880062569,0.0698989009481177,0.0933602719681705,0.0823790970344355,0.1098923880062569,0.135412554283458,0.0933602719681705,0.0698989009481177,0.0823790970344355,0.0823790970344355,0.0698989009481177,0.0933602719681705,0.1098923880062569,0.0933602719681705,0.135412554283458,0.0933602719681705,0.0933602719681705,0.1098923880062569,0.1098923880062569,0.0749632197522059,0.0823790970344355,0.0823790970344355,0.0933602719681705,0.0749632197522059,0.1098923880062569,0.0933602719681705,0.0698989009481177,0.0823790970344355,0.0933602719681705,0.0933602719681705,0.0933602719681705,0.0933602719681705,0.0933602719681705,0.0698989009481177,0.1098923880062569,0.0823790970344355,0.1098923880062569,0.0698989009481177,0.0823790970344355,0.0749632197522059,0.1098923880062569,0.1098923880062569,0.0933602719681705,0.1098923880062569,0.0749632197522059,0.1098923880062569,0.0933602719681705,0.135412554283458,0.0640035322631421,0.1098923880062569,0.135412554283458,0.0823790970344355,0.328859060402685,0.0749632197522059,0.0823790970344355,0.0933602719681705,0.0823790970344355,0.0933602719681705,0.0749632197522059,0.1098923880062569,0.0933602719681705,0.0933602719681705,0.0749632197522059,0.1098923880062569,0.1098923880062569,0.0823790970344355,0.0933602719681705,0.0933602719681705,0.1098923880062569,0.0933602719681705,0.135412554283458,0.0933602719681705,0.380130200962355,0.0823790970344355,0.1763709506669489,0.0823790970344355,0.0933602719681705,0.0698989009481177,0.0933602719681705,0.0749632197522059,0.0823790970344355,0.1763709506669489,0.0823790970344355,0.1098923880062569,0.0749632197522059,0.266881513729481,0.0823790970344355,0.0933602719681705,0.1098923880062569,0.0933602719681705,0.0933602719681705,0.0933602719681705,0.0933602719681705,0.226732089065557,0.0823790970344355,0.1098923880062569,0.0749632197522059,0.1098923880062569,0.0749632197522059,0.1763709506669489,0.0,0.0,0.0823790970344355,0.1763709506669489,0.0933602719681705,0.266881513729481,0.135412554283458,0.0823790970344355,0.0823790970344355,0.1098923880062569,0.0933602719681705,0.135412554283458,0.0933602719681705,0.0,0.266881513729481,0.0933602719681705,0.0823790970344355,0.0,0.1098923880062569,0.0823790970344355,0.0933602719681705,0.135412554283458,0.1098923880062569,0.0933602719681705,0.1098923880062569,1.0,0.0823790970344355,0.1098923880062569,0.0823790970344355,0.0823790970344355,0.0823790970344355,0.135412554283458,0.1763709506669489,0.0823790970344355,0.0933602719681705,0.1098923880062569,0.0823790970344355,0.0933602719681705,0.0823790970344355,0.266881513729481,0.0749632197522059,0.0933602719681705,0.0823790970344355,0.0933602719681705,0.1098923880062569,0.0,0.0749632197522059,0.0823790970344355,0.1098923880062569,0.0933602719681705,0.0749632197522059,0.0933602719681705,0.0933602719681705,0.0698989009481177,0.0933602719681705,0.0664140661903645,0.0823790970344355,0.0823790970344355,0.0823790970344355,0.266881513729481,0.0664140661903645,0.0698989009481177,0.135412554283458,0.0823790970344355,0.1098923880062569,0.1098923880062569,0.1098923880062569,0.1098923880062569,0.0,0.1098923880062569,0.0,0.0823790970344355,0.0749632197522059,0.0933602719681705,0.0823790970344355,0.0,0.0933602719681705,0.0749632197522059,0.0933602719681705,0.0,0.0933602719681705,0.0933602719681705,0.0933602719681705,0.0933602719681705,0.1098923880062569,0.1098923880062569,0.0823790970344355
T2D with hypertension,0.0476199206365212,0.115648378688694,0.115648378688694,0.093408272931481,0.148976520421494,0.115648378688694,0.0322586368373393,0.0476199206365212,0.093408272931481,0.148976520421494,0.0613432731147329,0.0384622300306098,0.148976520421494,0.115768709113422,0.093408272931481,0.0322586368373393,0.148976520421494,0.0476199206365212,0.0613432731147329,0.115768709113422,0.093408272931481,0.093408272931481,0.115648378688694,0.3725798659459621,0.093408272931481,0.0280132767810044,0.0476199206365212,0.0746915486002605,0.200063521369343,0.093408272931481,0.078342403747824,0.148976520421494,0.0680322436110106,0.115648378688694,0.093408272931481,0.0613432731147329,0.0823790970344355,0.115648378688694,0.0680322436110106,0.6730764389785729,0.093408272931481,0.0680322436110106,0.351665478053376,0.148976520421494,0.115648378688694,0.0823790970344355,0.115648378688694,0.0476199206365212,0.0613432731147329,0.148976520421494,0.078342403747824,0.093408272931481,0.0384622300306098,0.115648378688694,0.078342403747824,0.148976520421494,0.115648378688694,0.0680322436110106,0.093408272931481,0.115648378688694,0.212831890191799,0.115648378688694,0.115648378688694,0.549999174998487,0.0680322436110106,0.148976520421494,0.093408272931481,0.0613432731147329,0.0280132767810044,0.0384622300306098,0.078342403747824,0.148976520421494,0.148976520421494,0.115648378688694,0.148976520421494,0.078342403747824,0.0613432731147329,0.8333330277772181,0.200063521369343,0.023062117726601,0.0613432731147329,0.200063521369343,0.093408272931481,0.0823790970344355,0.078342403747824,0.093408272931481,0.115648378688694,0.284037401363075,0.115648378688694,0.0322586368373393,0.148976520421494,0.115648378688694,0.115648378688694,0.0322586368373393,0.0613432731147329,0.148976520421494,0.0384622300306098,0.549999174998487,0.115648378688694,0.148976520421494,0.115648378688694,0.200063521369343,0.115648378688694,0.275363104390711,0.093408272931481,0.115768709113422,0.093408272931481,0.115648378688694,0.0680322436110106,0.0476199206365212,0.078342403747824,0.093408272931481,0.517415250935496,0.093408272931481,0.0613432731147329,0.078342403747824,0.0613432731147329,0.093408272931481,0.115648378688694,0.148976520421494,0.115648378688694,0.115648378688694,0.0476199206365212,0.115648378688694,0.0476199206365212,0.093408272931481,0.148976520421494,0.0322586368373393,0.148976520421494,0.0322586368373393,0.115768709113422,0.0,0.0,0.093408272931481,0.115768709113422,0.115648378688694,0.0613432731147329,0.200063521369343,0.093408272931481,0.093408272931481,0.148976520421494,0.115648378688694,0.0823790970344355,0.115648378688694,0.0,0.0613432731147329,0.115648378688694,0.093408272931481,0.0,0.148976520421494,0.093408272931481,0.0476199206365212,0.0823790970344355,0.148976520421494,0.115648378688694,0.148976520421494,0.0823790970344355,1.0,0.0613432731147329,1.0,0.093408272931481,0.093408272931481,0.200063521369343,0.115768709113422,0.093408272931481,0.0476199206365212,0.0613432731147329,0.093408272931481,0.115648378688694,0.093408272931481,0.0613432731147329,0.078342403747824,0.115648378688694,0.093408272931481,0.115648378688694,0.0613432731147329,0.0,0.0322586368373393,0.093408272931481,0.148976520421494,0.115648378688694,0.078342403747824,0.115648378688694,0.115648378688694,0.0680322436110106,0.351665478053376,0.0609274353162256,0.0384622300306098,0.093408272931481,0.093408272931481,0.0613432731147329,0.0250877674831517,0.0280132767810044,0.200063521369343,0.093408272931481,0.148976520421494,0.148976520421494,0.148976520421494,0.148976520421494,0.0,0.148976520421494,0.0,0.093408272931481,0.0322586368373393,0.0476199206365212,0.0384622300306098,0.0,0.115648378688694,0.078342403747824,0.0476199206365212,0.0,0.115648378688694,0.0476199206365212,0.115648378688694,0.115648378688694,0.0613432731147329,0.148976520421494,0.093408272931481
T2D with hyperlipidemia,0.0714299464323527,0.0714299464323527,0.0714299464323527,0.0613432731147329,0.0865818037575277,0.0714299464323527,0.243677156414128,0.1734727270499989,0.0613432731147329,0.0865818037575277,0.0865818037575277,0.0613432731147329,0.0865818037575277,0.147105639620399,0.0613432731147329,0.0545213728963117,0.0865818037575277,0.0714299464323527,0.0865818037575277,0.147105639620399,0.0613432731147329,0.0613432731147329,0.0714299464323527,0.0545213728963117,0.0613432731147329,0.222834702756658,0.0714299464323527,0.0485747365313862,0.1098923880062569,0.0613432731147329,0.0545213728963117,0.0865818037575277,0.0498579928542293,0.0714299464323527,0.0613432731147329,0.0865818037575277,0.1098923880062569,0.0714299464323527,0.0498579928542293,0.0613432731147329,0.0613432731147329,0.0498579928542293,0.0714299464323527,0.0865818037575277,0.0714299464323527,0.1098923880062569,0.0714299464323527,0.0714299464323527,0.0865818037575277,0.0865818037575277,0.0545213728963117,0.0613432731147329,0.0613432731147329,0.0714299464323527,0.0545213728963117,0.0865818037575277,0.0714299464323527,0.0498579928542293,0.0613432731147329,0.0714299464323527,0.0714299464323527,0.0714299464323527,0.0714299464323527,0.0714299464323527,0.0498579928542293,0.0865818037575277,0.0613432731147329,0.0865818037575277,0.0498579928542293,0.274166873716867,0.0545213728963117,0.0865818037575277,0.0865818037575277,0.0714299464323527,0.0865818037575277,0.0545213728963117,0.0865818037575277,0.0714299464323527,0.1098923880062569,0.0444245555713213,0.0865818037575277,0.1098923880062569,0.0613432731147329,0.1098923880062569,0.0545213728963117,0.0613432731147329,0.0714299464323527,0.0613432731147329,0.0714299464323527,0.0545213728963117,0.0865818037575277,0.0714299464323527,0.0714299464323527,0.0545213728963117,0.0865818037575277,0.0865818037575277,0.0613432731147329,0.0714299464323527,0.0714299464323527,0.0865818037575277,0.0714299464323527,0.1098923880062569,0.0714299464323527,0.32866873393231,0.0613432731147329,0.147105639620399,0.0613432731147329,0.0714299464323527,0.0498579928542293,0.0714299464323527,0.0545213728963117,0.0613432731147329,0.147105639620399,0.0613432731147329,0.0865818037575277,0.0545213728963117,0.0865818037575277,0.0613432731147329,0.0714299464323527,0.0865818037575277,0.0714299464323527,0.0714299464323527,0.0714299464323527,0.0714299464323527,0.0714299464323527,0.0613432731147329,0.0865818037575277,0.243677156414128,0.0865818037575277,0.243677156414128,0.147105639620399,0.0,0.0,0.0613432731147329,0.147105639620399,0.0714299464323527,0.0865818037575277,0.1098923880062569,0.0613432731147329,0.0613432731147329,0.0865818037575277,0.0714299464323527,0.1098923880062569,0.0714299464323527,0.0,0.0865818037575277,0.0714299464323527,0.0613432731147329,0.0,0.0865818037575277,0.0613432731147329,0.0714299464323527,0.1098923880062569,0.0865818037575277,0.0714299464323527,0.0865818037575277,0.1098923880062569,0.0613432731147329,1.0,0.0613432731147329,0.0613432731147329,0.0613432731147329,0.1098923880062569,0.147105639620399,0.0613432731147329,0.3192481279323519,0.0865818037575277,0.0613432731147329,0.0714299464323527,0.0613432731147329,0.0865818037575277,0.0545213728963117,0.0714299464323527,0.0613432731147329,0.0714299464323527,1.0,0.0,0.0545213728963117,0.0613432731147329,0.0865818037575277,0.0714299464323527,0.0545213728963117,0.0714299464323527,0.0714299464323527,0.0498579928542293,0.0714299464323527,0.0466468368249435,0.0613432731147329,0.0613432731147329,0.0613432731147329,0.0865818037575277,0.0466468368249435,0.0498579928542293,0.1098923880062569,0.0613432731147329,0.0865818037575277,0.0865818037575277,0.0865818037575277,0.0865818037575277,0.0,0.0865818037575277,0.0,0.0613432731147329,0.243677156414128,0.0714299464323527,0.0613432731147329,0.0,0.0714299464323527,0.0545213728963117,0.0714299464323527,0.0,0.0714299464323527,0.0714299464323527,0.0714299464323527,0.0714299464323527,0.386967653528542,0.0865818037575277,0.0613432731147329
T2D with hypertension and hyperlipidemia,0.0476199206365212,0.115648378688694,0.115648378688694,0.093408272931481,0.148976520421494,0.115648378688694,0.0322586368373393,0.0476199206365212,0.093408272931481,0.148976520421494,0.0613432731147329,0.0384622300306098,0.148976520421494,0.115768709113422,0.093408272931481,0.0322586368373393,0.148976520421494,0.0476199206365212,0.0613432731147329,0.115768709113422,0.093408272931481,0.093408272931481,0.115648378688694,0.3725798659459621,0.093408272931481,0.0280132767810044,0.0476199206365212,0.0746915486002605,0.200063521369343,0.093408272931481,0.078342403747824,0.148976520421494,0.0680322436110106,0.115648378688694,0.093408272931481,0.0613432731147329,0.0823790970344355,0.115648378688694,0.0680322436110106,0.6730764389785729,0.093408272931481,0.0680322436110106,0.351665478053376,0.148976520421494,0.115648378688694,0.0823790970344355,0.115648378688694,0.0476199206365212,0.0613432731147329,0.148976520421494,0.078342403747824,0.093408272931481,0.0384622300306098,0.115648378688694,0.078342403747824,0.148976520421494,0.115648378688694,0.0680322436110106,0.093408272931481,0.115648378688694,0.212831890191799,0.115648378688694,0.115648378688694,0.549999174998487,0.0680322436110106,0.148976520421494,0.093408272931481,0.0613432731147329,0.0280132767810044,0.0384622300306098,0.078342403747824,0.148976520421494,0.148976520421494,0.115648378688694,0.148976520421494,0.078342403747824,0.0613432731147329,0.8333330277772181,0.200063521369343,0.023062117726601,0.0613432731147329,0.200063521369343,0.093408272931481,0.0823790970344355,0.078342403747824,0.093408272931481,0.115648378688694,0.284037401363075,0.115648378688694,0.0322586368373393,0.148976520421494,0.115648378688694,0.115648378688694,0.0322586368373393,0.0613432731147329,0.148976520421494,0.0384622300306098,0.549999174998487,0.115648378688694,0.148976520421494,0.115648378688694,0.200063521369343,0.115648378688694,0.275363104390711,0.093408272931481,0.115768709113422,0.093408272931481,0.115648378688694,0.0680322436110106,0.0476199206365212,0.078342403747824,0.093408272931481,0.517415250935496,0.093408272931481,0.0613432731147329,0.078342403747824,0.0613432731147329,0.093408272931481,0.115648378688694,0.148976520421494,0.115648378688694,0.115648378688694,0.0476199206365212,0.115648378688694,0.0476199206365212,0.093408272931481,0.148976520421494,0.0322586368373393,0.148976520421494,0.0322586368373393,0.115768709113422,0.0,0.0,0.093408272931481,0.115768709113422,0.115648378688694,0.0613432731147329,0.200063521369343,0.093408272931481,0.093408272931481,0.148976520421494,0.115648378688694,0.0823790970344355,0.115648378688694,0.0,0.0613432731147329,0.115648378688694,0.093408272931481,0.0,0.148976520421494,0.093408272931481,0.0476199206365212,0.0823790970344355,0.148976520421494,0.115648378688694,0.148976520421494,0.0823790970344355,1.0,0.0613432731147329,1.0,0.093408272931481,0.093408272931481,0.200063521369343,0.115768709113422,0.093408272931481,0.0476199206365212,0.0613432731147329,0.093408272931481,0.115648378688694,0.093408272931481,0.0613432731147329,0.078342403747824,0.115648378688694,0.093408272931481,0.115648378688694,0.0613432731147329,0.0,0.0322586368373393,0.093408272931481,0.148976520421494,0.115648378688694,0.078342403747824,0.115648378688694,0.115648378688694,0.0680322436110106,0.351665478053376,0.0609274353162256,0.0384622300306098,0.093408272931481,0.093408272931481,0.0613432731147329,0.0250877674831517,0.0280132767810044,0.200063521369343,0.093408272931481,0.148976520421494,0.148976520421494,0.148976520421494,0.148976520421494,0.0,0.148976520421494,0.0,0.093408272931481,0.0322586368373393,0.0476199206365212,0.0384622300306098,0.0,0.115648378688694,0.078342403747824,0.0476199206365212,0.0,0.115648378688694,0.0476199206365212,0.115648378688694,0.115648378688694,0.0613432731147329,0.148976520421494,0.093408272931481
Bullous pemphigoid,0.0476199206365212,0.115648378688694,0.115648378688694,0.093408272931481,0.148976520421494,0.115648378688694,0.0322586368373393,0.0476199206365212,0.093408272931481,0.148976520421494,0.0613432731147329,0.0384622300306098,0.148976520421494,0.115768709113422,0.093408272931481,0.0322586368373393,0.148976520421494,0.0476199206365212,0.0613432731147329,0.115768709113422,0.093408272931481,0.093408272931481,0.115648378688694,0.078342403747824,0.093408272931481,0.0280132767810044,0.0476199206365212,0.0746915486002605,0.200063521369343,0.093408272931481,0.078342403747824,0.148976520421494,0.1252021962253049,0.351665478053376,0.093408272931481,0.0613432731147329,0.0823790970344355,0.115648378688694,0.0680322436110106,0.093408272931481,0.171902619932726,0.0680322436110106,0.115648378688694,0.453010235567401,0.351665478053376,0.0823790970344355,0.115648378688694,0.0476199206365212,0.0613432731147329,0.148976520421494,0.078342403747824,0.093408272931481,0.0384622300306098,0.115648378688694,0.078342403747824,0.148976520421494,0.115648378688694,0.0680322436110106,0.093408272931481,0.115648378688694,0.115648378688694,0.351665478053376,0.115648378688694,0.115648378688694,0.0680322436110106,0.148976520421494,0.093408272931481,0.0613432731147329,0.0280132767810044,0.0384622300306098,0.078342403747824,0.148976520421494,0.148976520421494,0.115648378688694,0.148976520421494,0.078342403747824,0.0613432731147329,0.115648378688694,0.200063521369343,0.023062117726601,0.0613432731147329,0.200063521369343,0.093408272931481,0.0823790970344355,0.078342403747824,0.093408272931481,0.351665478053376,0.093408272931481,0.115648378688694,0.0322586368373393,0.148976520421494,0.115648378688694,0.115648378688694,0.0322586368373393,0.0613432731147329,0.148976520421494,0.0384622300306098,0.115648378688694,0.115648378688694,0.453010235567401,0.115648378688694,0.200063521369343,0.115648378688694,0.275363104390711,0.093408272931481,0.115768709113422,0.093408272931481,0.115648378688694,0.0680322436110106,0.0476199206365212,0.078342403747824,0.093408272931481,0.2811525792754519,0.093408272931481,0.0613432731147329,0.078342403747824,0.0613432731147329,0.093408272931481,0.115648378688694,0.148976520421494,0.115648378688694,0.115648378688694,0.0476199206365212,0.115648378688694,0.0476199206365212,0.171902619932726,0.148976520421494,0.0322586368373393,0.148976520421494,0.0322586368373393,0.115768709113422,0.0,0.0,0.093408272931481,0.115768709113422,0.115648378688694,0.0613432731147329,0.200063521369343,0.093408272931481,0.093408272931481,0.148976520421494,0.115648378688694,0.0823790970344355,0.115648378688694,0.0,0.0613432731147329,0.115648378688694,0.093408272931481,0.0,0.148976520421494,0.093408272931481,0.0476199206365212,0.0823790970344355,0.148976520421494,0.115648378688694,0.148976520421494,0.0823790970344355,0.093408272931481,0.0613432731147329,0.093408272931481,1.0,0.093408272931481,0.200063521369343,0.115768709113422,0.171902619932726,0.0476199206365212,0.0613432731147329,0.093408272931481,0.115648378688694,0.093408272931481,0.0613432731147329,0.078342403747824,0.115648378688694,0.284037401363075,0.115648378688694,0.0613432731147329,0.0,0.0322586368373393,0.093408272931481,0.148976520421494,0.115648378688694,0.078342403747824,0.115648378688694,0.115648378688694,0.0680322436110106,0.115648378688694,0.0609274353162256,0.0384622300306098,0.093408272931481,0.284037401363075,0.0613432731147329,0.0250877674831517,0.0280132767810044,0.200063521369343,0.093408272931481,0.148976520421494,0.148976520421494,0.148976520421494,0.148976520421494,0.0,0.453010235567401,0.0,0.093408272931481,0.0322586368373393,0.0476199206365212,0.0384622300306098,0.0,0.351665478053376,0.078342403747824,0.0476199206365212,0.0,0.115648378688694,0.0476199206365212,0.115648378688694,0.351665478053376,0.0613432731147329,0.148976520421494,0.093408272931481
Otitis Media,0.0476199206365212,0.212831890191799,0.115648378688694,0.093408272931481,0.148976520421494,0.115648378688694,0.0322586368373393,0.0476199206365212,0.093408272931481,0.148976520421494,0.0613432731147329,0.0384622300306098,0.148976520421494,0.115768709113422,0.093408272931481,0.0322586368373393,0.148976520421494,0.0476199206365212,0.0613432731147329,0.115768709113422,0.171902619932726,0.171902619932726,0.115648378688694,0.078342403747824,0.093408272931481,0.0280132767810044,0.0476199206365212,0.2271232804375269,0.200063521369343,0.093408272931481,0.078342403747824,0.148976520421494,0.0680322436110106,0.115648378688694,0.093408272931481,0.0613432731147329,0.0823790970344355,0.115648378688694,0.0680322436110106,0.093408272931481,0.093408272931481,0.0680322436110106,0.115648378688694,0.148976520421494,0.115648378688694,0.0823790970344355,0.115648378688694,0.0476199206365212,0.0613432731147329,0.148976520421494,0.078342403747824,0.093408272931481,0.0384622300306098,0.115648378688694,0.078342403747824,0.148976520421494,0.115648378688694,0.0680322436110106,0.284037401363075,0.115648378688694,0.115648378688694,0.115648378688694,0.115648378688694,0.115648378688694,0.0680322436110106,0.148976520421494,0.093408272931481,0.0613432731147329,0.0280132767810044,0.0384622300306098,0.238224860376036,0.148976520421494,0.148976520421494,0.115648378688694,0.148976520421494,0.078342403747824,0.0613432731147329,0.115648378688694,0.200063521369343,0.023062117726601,0.0613432731147329,0.200063521369343,0.093408272931481,0.0823790970344355,0.238224860376036,0.093408272931481,0.115648378688694,0.093408272931481,0.115648378688694,0.0322586368373393,0.148976520421494,0.115648378688694,0.115648378688694,0.0322586368373393,0.0613432731147329,0.148976520421494,0.0384622300306098,0.115648378688694,0.115648378688694,0.148976520421494,0.115648378688694,0.200063521369343,0.115648378688694,0.275363104390711,0.093408272931481,0.115768709113422,0.093408272931481,0.115648378688694,0.0680322436110106,0.0476199206365212,0.078342403747824,0.093408272931481,0.2811525792754519,0.093408272931481,0.0613432731147329,0.078342403747824,0.0613432731147329,0.093408272931481,0.115648378688694,0.148976520421494,0.115648378688694,0.115648378688694,0.0476199206365212,0.115648378688694,0.0476199206365212,0.093408272931481,0.148976520421494,0.0322586368373393,0.148976520421494,0.0322586368373393,0.115768709113422,0.0,0.0,0.093408272931481,0.115768709113422,0.212831890191799,0.0613432731147329,0.200063521369343,0.093408272931481,0.171902619932726,0.148976520421494,0.115648378688694,0.0823790970344355,0.115648378688694,0.0,0.0613432731147329,0.115648378688694,0.093408272931481,0.0,0.148976520421494,0.093408272931481,0.0476199206365212,0.0823790970344355,0.148976520421494,0.115648378688694,0.148976520421494,0.0823790970344355,0.093408272931481,0.0613432731147329,0.093408272931481,0.093408272931481,1.0,0.200063521369343,0.115768709113422,0.093408272931481,0.0476199206365212,0.0613432731147329,0.093408272931481,0.115648378688694,0.093408272931481,0.0613432731147329,0.078342403747824,0.115648378688694,0.093408272931481,0.115648378688694,0.0613432731147329,0.0,0.0322586368373393,0.093408272931481,0.148976520421494,0.115648378688694,0.078342403747824,0.115648378688694,0.115648378688694,0.0680322436110106,0.115648378688694,0.0609274353162256,0.0384622300306098,0.171902619932726,0.093408272931481,0.0613432731147329,0.0250877674831517,0.0280132767810044,0.200063521369343,0.093408272931481,0.148976520421494,0.148976520421494,0.148976520421494,0.148976520421494,0.0,0.148976520421494,0.0,0.093408272931481,0.0322586368373393,0.0476199206365212,0.0384622300306098,0.0,0.115648378688694,0.078342403747824,0.0476199206365212,0.0,0.115648378688694,0.0476199206365212,0.115648378688694,0.115648378688694,0.0613432731147329,0.148976520421494,0.093408272931481
Hirschsprung-associated enterocolitis,0.0933602719681705,0.226732089065557,0.4172632563475379,0.368184127562069,0.491151693334087,0.4172632563475379,0.0749632197522059,0.0933602719681705,0.200063521369343,0.491151693334087,0.1098923880062569,0.0823790970344355,0.266881513729481,0.1763709506669489,0.200063521369343,0.0749632197522059,0.491151693334087,0.0933602719681705,0.1098923880062569,0.1763709506669489,0.200063521369343,0.200063521369343,0.4172632563475379,0.182053533683929,0.368184127562069,0.0698989009481177,0.0933602719681705,0.157017181769811,1.0,0.368184127562069,0.182053533683929,0.491151693334087,0.169754473731143,0.226732089065557,0.200063521369343,0.1098923880062569,0.135412554283458,0.226732089065557,0.312405291992608,0.200063521369343,0.200063521369343,0.169754473731143,0.226732089065557,0.266881513729481,0.226732089065557,0.135412554283458,0.4172632563475379,0.0933602719681705,0.1098923880062569,0.266881513729481,0.182053533683929,0.200063521369343,0.0823790970344355,0.226732089065557,0.182053533683929,0.491151693334087,0.226732089065557,0.169754473731143,0.200063521369343,0.226732089065557,0.226732089065557,0.226732089065557,0.226732089065557,0.226732089065557,0.169754473731143,0.266881513729481,0.200063521369343,0.1098923880062569,0.0698989009481177,0.0823790970344355,0.182053533683929,0.491151693334087,0.491151693334087,0.226732089065557,0.491151693334087,0.182053533683929,0.1098923880062569,0.226732089065557,0.6052112120015789,0.0640035322631421,0.1098923880062569,0.6052112120015789,0.200063521369343,0.135412554283458,0.182053533683929,0.200063521369343,0.226732089065557,0.200063521369343,0.4172632563475379,0.0749632197522059,0.491151693334087,0.4172632563475379,0.4172632563475379,0.0749632197522059,0.1098923880062569,0.266881513729481,0.0823790970344355,0.226732089065557,0.226732089065557,0.266881513729481,0.4172632563475379,0.6052112120015789,0.4172632563475379,0.380130200962355,0.200063521369343,0.1763709506669489,0.200063521369343,0.4172632563475379,0.312405291992608,0.0933602719681705,0.182053533683929,0.200063521369343,0.4283294516197329,0.368184127562069,0.1098923880062569,0.182053533683929,0.1098923880062569,0.368184127562069,0.226732089065557,0.266881513729481,0.4172632563475379,0.226732089065557,0.0933602719681705,0.4172632563475379,0.0933602719681705,0.200063521369343,0.266881513729481,0.0749632197522059,0.266881513729481,0.0749632197522059,0.1763709506669489,0.0,0.0,0.368184127562069,0.1763709506669489,0.226732089065557,0.1098923880062569,0.6052112120015789,0.368184127562069,0.200063521369343,0.266881513729481,0.4172632563475379,0.135412554283458,0.4172632563475379,0.0,0.1098923880062569,0.4172632563475379,0.200063521369343,0.0,0.266881513729481,0.200063521369343,0.0933602719681705,0.135412554283458,0.266881513729481,0.226732089065557,0.266881513729481,0.135412554283458,0.200063521369343,0.1098923880062569,0.200063521369343,0.200063521369343,0.200063521369343,1.0,0.1763709506669489,0.200063521369343,0.0933602719681705,0.1098923880062569,0.200063521369343,0.226732089065557,0.368184127562069,0.1098923880062569,0.182053533683929,0.4172632563475379,0.200063521369343,0.226732089065557,0.1098923880062569,0.0,0.0749632197522059,0.200063521369343,0.266881513729481,0.226732089065557,0.182053533683929,0.226732089065557,0.226732089065557,0.169754473731143,0.226732089065557,0.161291303605171,0.0823790970344355,0.200063521369343,0.200063521369343,0.1098923880062569,0.0664140661903645,0.0698989009481177,0.328859060402685,0.368184127562069,0.491151693334087,0.266881513729481,0.266881513729481,0.266881513729481,0.0,0.266881513729481,0.0,0.200063521369343,0.0749632197522059,0.0933602719681705,0.0823790970344355,0.0,0.226732089065557,0.182053533683929,0.0933602719681705,0.0,0.226732089065557,0.0933602719681705,0.226732089065557,0.226732089065557,0.1098923880062569,0.266881513729481,0.368184127562069
Hutchinson-Gilford progeria syndrome,0.128249502550101,0.128249502550101,0.128249502550101,0.115768709113422,0.147105639620399,0.128249502550101,0.107359912685637,0.128249502550101,0.115768709113422,0.147105639620399,0.147105639620399,0.115768709113422,0.147105639620399,0.54337899543379,0.115768709113422,0.107359912685637,0.147105639620399,0.128249502550101,0.147105639620399,0.54337899543379,0.115768709113422,0.115768709113422,0.128249502550101,0.107359912685637,0.115768709113422,0.1016266783579799,0.128249502550101,0.0895997076890433,0.1763709506669489,0.115768709113422,0.107359912685637,0.147105639620399,0.1016266783579799,0.128249502550101,0.115768709113422,0.147105639620399,0.1763709506669489,0.128249502550101,0.1016266783579799,0.115768709113422,0.115768709113422,0.1016266783579799,0.128249502550101,0.147105639620399,0.128249502550101,0.1763709506669489,0.128249502550101,0.128249502550101,0.147105639620399,0.147105639620399,0.107359912685637,0.115768709113422,0.115768709113422,0.128249502550101,0.107359912685637,0.147105639620399,0.128249502550101,0.1016266783579799,0.115768709113422,0.128249502550101,0.128249502550101,0.128249502550101,0.128249502550101,0.128249502550101,0.1016266783579799,0.147105639620399,0.115768709113422,0.147105639620399,0.1016266783579799,0.115768709113422,0.107359912685637,0.147105639620399,0.147105639620399,0.128249502550101,0.147105639620399,0.107359912685637,0.147105639620399,0.128249502550101,0.1763709506669489,0.0949619587666687,0.147105639620399,0.1763709506669489,0.115768709113422,0.1763709506669489,0.107359912685637,0.115768709113422,0.128249502550101,0.115768709113422,0.128249502550101,0.107359912685637,0.147105639620399,0.128249502550101,0.128249502550101,0.107359912685637,0.147105639620399,0.147105639620399,0.115768709113422,0.128249502550101,0.128249502550101,0.147105639620399,0.128249502550101,0.1763709506669489,0.128249502550101,0.4670846394984329,0.115768709113422,0.54337899543379,0.115768709113422,0.128249502550101,0.1016266783579799,0.128249502550101,0.107359912685637,0.115768709113422,0.223744292237443,0.115768709113422,0.147105639620399,0.107359912685637,0.147105639620399,0.115768709113422,0.128249502550101,0.147105639620399,0.128249502550101,0.128249502550101,0.128249502550101,0.128249502550101,0.128249502550101,0.115768709113422,0.147105639620399,0.107359912685637,0.147105639620399,0.107359912685637,0.54337899543379,0.0,0.0,0.115768709113422,0.54337899543379,0.128249502550101,0.147105639620399,0.1763709506669489,0.115768709113422,0.115768709113422,0.147105639620399,0.128249502550101,0.1763709506669489,0.128249502550101,0.0,0.147105639620399,0.128249502550101,0.115768709113422,0.0,0.147105639620399,0.115768709113422,0.128249502550101,0.1763709506669489,0.147105639620399,0.128249502550101,0.147105639620399,0.1763709506669489,0.115768709113422,0.147105639620399,0.115768709113422,0.115768709113422,0.115768709113422,0.1763709506669489,1.0,0.115768709113422,0.128249502550101,0.147105639620399,0.115768709113422,0.128249502550101,0.115768709113422,0.147105639620399,0.107359912685637,0.128249502550101,0.115768709113422,0.128249502550101,0.147105639620399,0.0,0.107359912685637,0.115768709113422,0.147105639620399,0.128249502550101,0.107359912685637,0.128249502550101,0.128249502550101,0.1016266783579799,0.128249502550101,0.0976858574475728,0.115768709113422,0.115768709113422,0.115768709113422,0.147105639620399,0.0976858574475728,0.1016266783579799,0.1763709506669489,0.115768709113422,0.147105639620399,0.147105639620399,0.147105639620399,0.147105639620399,0.0,0.147105639620399,0.0,0.115768709113422,0.107359912685637,0.128249502550101,0.115768709113422,0.0,0.128249502550101,0.107359912685637,0.128249502550101,0.0,0.128249502550101,0.128249502550101,0.128249502550101,0.128249502550101,0.147105639620399,0.147105639620399,0.115768709113422
Henoch-Schoenlein purpura,0.0476199206365212,0.115648378688694,0.115648378688694,0.093408272931481,0.148976520421494,0.115648378688694,0.0322586368373393,0.0476199206365212,0.093408272931481,0.148976520421494,0.0613432731147329,0.0384622300306098,0.148976520421494,0.115768709113422,0.093408272931481,0.0322586368373393,0.148976520421494,0.0476199206365212,0.0613432731147329,0.115768709113422,0.093408272931481,0.093408272931481,0.115648378688694,0.078342403747824,0.093408272931481,0.0280132767810044,0.0476199206365212,0.0746915486002605,0.200063521369343,0.093408272931481,0.078342403747824,0.148976520421494,0.1252021962253049,0.212831890191799,0.093408272931481,0.0613432731147329,0.0823790970344355,0.115648378688694,0.0680322436110106,0.093408272931481,0.284037401363075,0.0680322436110106,0.115648378688694,0.274166873716867,0.212831890191799,0.0823790970344355,0.115648378688694,0.0476199206365212,0.0613432731147329,0.148976520421494,0.078342403747824,0.093408272931481,0.0384622300306098,0.115648378688694,0.078342403747824,0.148976520421494,0.115648378688694,0.0680322436110106,0.093408272931481,0.115648378688694,0.115648378688694,0.212831890191799,0.115648378688694,0.115648378688694,0.0680322436110106,0.148976520421494,0.093408272931481,0.0613432731147329,0.0280132767810044,0.0384622300306098,0.078342403747824,0.148976520421494,0.148976520421494,0.115648378688694,0.148976520421494,0.078342403747824,0.0613432731147329,0.115648378688694,0.200063521369343,0.023062117726601,0.0613432731147329,0.200063521369343,0.093408272931481,0.0823790970344355,0.078342403747824,0.093408272931481,0.212831890191799,0.093408272931481,0.115648378688694,0.0322586368373393,0.148976520421494,0.115648378688694,0.115648378688694,0.0322586368373393,0.0613432731147329,0.148976520421494,0.0384622300306098,0.115648378688694,0.115648378688694,0.274166873716867,0.115648378688694,0.200063521369343,0.115648378688694,0.275363104390711,0.093408272931481,0.115768709113422,0.093408272931481,0.115648378688694,0.0680322436110106,0.0476199206365212,0.078342403747824,0.093408272931481,0.2811525792754519,0.093408272931481,0.0613432731147329,0.078342403747824,0.0613432731147329,0.093408272931481,0.115648378688694,0.148976520421494,0.115648378688694,0.115648378688694,0.0476199206365212,0.115648378688694,0.0476199206365212,0.171902619932726,0.148976520421494,0.0322586368373393,0.148976520421494,0.0322586368373393,0.115768709113422,0.0,0.0,0.093408272931481,0.115768709113422,0.115648378688694,0.0613432731147329,0.200063521369343,0.093408272931481,0.093408272931481,0.148976520421494,0.115648378688694,0.0823790970344355,0.115648378688694,0.0,0.0613432731147329,0.115648378688694,0.093408272931481,0.0,0.148976520421494,0.093408272931481,0.0476199206365212,0.0823790970344355,0.148976520421494,0.115648378688694,0.148976520421494,0.0823790970344355,0.093408272931481,0.0613432731147329,0.093408272931481,0.171902619932726,0.093408272931481,0.200063521369343,0.115768709113422,1.0,0.0476199206365212,0.0613432731147329,0.093408272931481,0.115648378688694,0.093408272931481,0.0613432731147329,0.078342403747824,0.115648378688694,0.171902619932726,0.115648378688694,0.0613432731147329,0.0,0.0322586368373393,0.093408272931481,0.148976520421494,0.115648378688694,0.078342403747824,0.115648378688694,0.115648378688694,0.0680322436110106,0.115648378688694,0.0609274353162256,0.0384622300306098,0.093408272931481,0.171902619932726,0.0613432731147329,0.0250877674831517,0.0280132767810044,0.200063521369343,0.093408272931481,0.148976520421494,0.148976520421494,0.148976520421494,0.148976520421494,0.0,0.274166873716867,0.0,0.093408272931481,0.0322586368373393,0.0476199206365212,0.0384622300306098,0.0,0.212831890191799,0.078342403747824,0.0476199206365212,0.0,0.115648378688694,0.0476199206365212,0.115648378688694,0.212831890191799,0.0613432731147329,0.148976520421494,0.093408272931481
Prediabetes,0.0571439257166366,0.0571439257166366,0.0571439257166366,0.0476199206365212,0.0714299464323527,0.0571439257166366,0.47553108355459,0.138778105311832,0.0476199206365212,0.0714299464323527,0.0714299464323527,0.0476199206365212,0.0714299464323527,0.128249502550101,0.0476199206365212,0.041172338956928,0.0714299464323527,0.0571439257166366,0.0714299464323527,0.128249502550101,0.0476199206365212,0.0476199206365212,0.0571439257166366,0.041172338956928,0.0476199206365212,0.424592019495871,0.0571439257166366,0.0379290345439241,0.0933602719681705,0.0476199206365212,0.041172338956928,0.0714299464323527,0.0367619429090039,0.0571439257166366,0.0476199206365212,0.0714299464323527,0.0933602719681705,0.0571439257166366,0.0367619429090039,0.0476199206365212,0.0476199206365212,0.0367619429090039,0.0571439257166366,0.0714299464323527,0.0571439257166366,0.0933602719681705,0.0571439257166366,0.0571439257166366,0.0714299464323527,0.0714299464323527,0.041172338956928,0.0476199206365212,0.0476199206365212,0.0571439257166366,0.041172338956928,0.0714299464323527,0.0571439257166366,0.0367619429090039,0.0476199206365212,0.0571439257166366,0.0571439257166366,0.0571439257166366,0.0571439257166366,0.0571439257166366,0.0367619429090039,0.0714299464323527,0.0476199206365212,0.0714299464323527,0.0367619429090039,0.549999174998487,0.041172338956928,0.0714299464323527,0.0714299464323527,0.0571439257166366,0.0714299464323527,0.041172338956928,0.0714299464323527,0.0571439257166366,0.0933602719681705,0.0316202950567523,0.0714299464323527,0.0933602719681705,0.0476199206365212,0.0933602719681705,0.041172338956928,0.0476199206365212,0.0571439257166366,0.0476199206365212,0.0571439257166366,0.041172338956928,0.0714299464323527,0.0571439257166366,0.0571439257166366,0.041172338956928,0.0714299464323527,0.0714299464323527,0.0476199206365212,0.0571439257166366,0.0571439257166366,0.0714299464323527,0.0571439257166366,0.0933602719681705,0.0571439257166366,0.296376456737466,0.0476199206365212,0.128249502550101,0.0476199206365212,0.0571439257166366,0.0367619429090039,0.0571439257166366,0.041172338956928,0.0476199206365212,0.128249502550101,0.0476199206365212,0.0714299464323527,0.041172338956928,0.0714299464323527,0.0476199206365212,0.0571439257166366,0.0714299464323527,0.0571439257166366,0.0571439257166366,0.0571439257166366,0.0571439257166366,0.0571439257166366,0.0476199206365212,0.0714299464323527,0.184015147583005,0.0714299464323527,0.184015147583005,0.128249502550101,0.0,0.0,0.0476199206365212,0.128249502550101,0.0571439257166366,0.0714299464323527,0.0933602719681705,0.0476199206365212,0.0476199206365212,0.0714299464323527,0.0571439257166366,0.0933602719681705,0.0571439257166366,0.0,0.0714299464323527,0.0571439257166366,0.0476199206365212,0.0,0.0714299464323527,0.0476199206365212,0.0571439257166366,0.0933602719681705,0.0714299464323527,0.0571439257166366,0.0714299464323527,0.0933602719681705,0.0476199206365212,0.3192481279323519,0.0476199206365212,0.0476199206365212,0.0476199206365212,0.0933602719681705,0.128249502550101,0.0476199206365212,1.0,0.0714299464323527,0.0476199206365212,0.0571439257166366,0.0476199206365212,0.0714299464323527,0.041172338956928,0.0571439257166366,0.0476199206365212,0.0571439257166366,0.3192481279323519,0.0,0.041172338956928,0.0476199206365212,0.0714299464323527,0.0571439257166366,0.041172338956928,0.0571439257166366,0.0571439257166366,0.0367619429090039,0.0571439257166366,0.0337236205744276,0.0476199206365212,0.0476199206365212,0.0476199206365212,0.0714299464323527,0.0337236205744276,0.0367619429090039,0.0933602719681705,0.0476199206365212,0.0714299464323527,0.0714299464323527,0.0714299464323527,0.0714299464323527,0.0,0.0714299464323527,0.0,0.0476199206365212,0.47553108355459,0.0571439257166366,0.0476199206365212,0.0,0.0571439257166366,0.041172338956928,0.0571439257166366,0.0,0.0571439257166366,0.0571439257166366,0.0571439257166366,0.0571439257166366,0.3192481279323519,0.0714299464323527,0.0476199206365212
Chlamydia,0.0714299464323527,0.0714299464323527,0.0714299464323527,0.0613432731147329,0.0865818037575277,0.0714299464323527,0.0545213728963117,0.0714299464323527,0.0613432731147329,0.0865818037575277,0.21027009483971,0.0613432731147329,0.0865818037575277,0.147105639620399,0.0613432731147329,0.0545213728963117,0.0865818037575277,0.0714299464323527,0.0865818037575277,0.147105639620399,0.0613432731147329,0.0613432731147329,0.0714299464323527,0.0545213728963117,0.0613432731147329,0.0498579928542293,0.0714299464323527,0.0485747365313862,0.1098923880062569,0.0613432731147329,0.0545213728963117,0.0865818037575277,0.0498579928542293,0.0714299464323527,0.0613432731147329,0.21027009483971,0.266881513729481,0.0714299464323527,0.0498579928542293,0.0613432731147329,0.0613432731147329,0.0498579928542293,0.0714299464323527,0.0865818037575277,0.0714299464323527,0.266881513729481,0.0714299464323527,0.0714299464323527,0.386967653528542,0.0865818037575277,0.0545213728963117,0.0613432731147329,0.0613432731147329,0.0714299464323527,0.0545213728963117,0.0865818037575277,0.0714299464323527,0.0498579928542293,0.0613432731147329,0.0714299464323527,0.0714299464323527,0.0714299464323527,0.0714299464323527,0.0714299464323527,0.0498579928542293,0.0865818037575277,0.0613432731147329,0.639392737369731,0.0498579928542293,0.0613432731147329,0.0545213728963117,0.0865818037575277,0.0865818037575277,0.0714299464323527,0.0865818037575277,0.0545213728963117,0.0865818037575277,0.0714299464323527,0.1098923880062569,0.0444245555713213,0.21027009483971,0.1098923880062569,0.0613432731147329,0.1098923880062569,0.0545213728963117,0.0613432731147329,0.0714299464323527,0.0613432731147329,0.0714299464323527,0.0545213728963117,0.0865818037575277,0.0714299464323527,0.0714299464323527,0.0545213728963117,0.21027009483971,0.0865818037575277,0.0613432731147329,0.0714299464323527,0.0714299464323527,0.0865818037575277,0.0714299464323527,0.1098923880062569,0.0714299464323527,0.32866873393231,0.0613432731147329,0.147105639620399,0.0613432731147329,0.0714299464323527,0.0498579928542293,0.0714299464323527,0.0545213728963117,0.0613432731147329,0.147105639620399,0.0613432731147329,0.386967653528542,0.0545213728963117,0.0865818037575277,0.0613432731147329,0.0714299464323527,0.0865818037575277,0.0714299464323527,0.0714299464323527,0.1734727270499989,0.0714299464323527,0.0714299464323527,0.0613432731147329,0.0865818037575277,0.0545213728963117,0.0865818037575277,0.0545213728963117,0.147105639620399,0.0,0.0,0.0613432731147329,0.147105639620399,0.0714299464323527,0.0865818037575277,0.1098923880062569,0.0613432731147329,0.0613432731147329,0.0865818037575277,0.0714299464323527,0.266881513729481,0.0714299464323527,0.0,0.0865818037575277,0.0714299464323527,0.0613432731147329,0.0,0.0865818037575277,0.0613432731147329,0.1734727270499989,0.266881513729481,0.0865818037575277,0.0714299464323527,0.0865818037575277,0.1098923880062569,0.0613432731147329,0.0865818037575277,0.0613432731147329,0.0613432731147329,0.0613432731147329,0.1098923880062569,0.147105639620399,0.0613432731147329,0.0714299464323527,1.0,0.0613432731147329,0.0714299464323527,0.0613432731147329,0.0865818037575277,0.0545213728963117,0.0714299464323527,0.0613432731147329,0.0714299464323527,0.0865818037575277,0.0,0.0545213728963117,0.0613432731147329,0.0865818037575277,0.0714299464323527,0.0545213728963117,0.0714299464323527,0.0714299464323527,0.0498579928542293,0.0714299464323527,0.0466468368249435,0.0613432731147329,0.0613432731147329,0.0613432731147329,0.0865818037575277,0.0466468368249435,0.0498579928542293,0.1098923880062569,0.0613432731147329,0.0865818037575277,0.0865818037575277,0.0865818037575277,0.0865818037575277,0.0,0.0865818037575277,0.0,0.0613432731147329,0.0545213728963117,0.0714299464323527,0.0613432731147329,0.0,0.0714299464323527,0.0545213728963117,0.0714299464323527,0.0,0.0714299464323527,0.0714299464323527,0.0714299464323527,0.0714299464323527,0.0865818037575277,0.0865818037575277,0.0613432731147329
Enthesitis-related arthritis ,0.0476199206365212,0.115648378688694,0.115648378688694,0.093408272931481,0.148976520421494,0.115648378688694,0.0322586368373393,0.0476199206365212,0.444229946263574,0.148976520421494,0.0613432731147329,0.0384622300306098,0.148976520421494,0.115768709113422,0.093408272931481,0.0322586368373393,0.148976520421494,0.0476199206365212,0.0613432731147329,0.115768709113422,0.093408272931481,0.093408272931481,0.115648378688694,0.078342403747824,0.093408272931481,0.0280132767810044,0.0476199206365212,0.0746915486002605,0.200063521369343,0.093408272931481,0.078342403747824,0.148976520421494,0.0680322436110106,0.115648378688694,0.6730764389785729,0.0613432731147329,0.0823790970344355,0.212831890191799,0.0680322436110106,0.093408272931481,0.093408272931481,0.728332100315302,0.115648378688694,0.148976520421494,0.115648378688694,0.0823790970344355,0.115648378688694,0.0476199206365212,0.0613432731147329,0.148976520421494,0.078342403747824,0.093408272931481,0.0384622300306098,0.115648378688694,0.8387094771069309,0.148976520421494,0.115648378688694,0.0680322436110106,0.093408272931481,0.115648378688694,0.115648378688694,0.115648378688694,0.115648378688694,0.115648378688694,0.728332100315302,0.148976520421494,0.093408272931481,0.0613432731147329,0.0280132767810044,0.0384622300306098,0.078342403747824,0.148976520421494,0.148976520421494,0.115648378688694,0.148976520421494,0.078342403747824,0.0613432731147329,0.115648378688694,0.200063521369343,0.023062117726601,0.0613432731147329,0.200063521369343,0.093408272931481,0.0823790970344355,0.078342403747824,1.0,0.115648378688694,0.093408272931481,0.115648378688694,0.0322586368373393,0.148976520421494,0.115648378688694,0.115648378688694,0.0322586368373393,0.0613432731147329,0.148976520421494,0.0384622300306098,0.115648378688694,0.115648378688694,0.148976520421494,0.115648378688694,0.200063521369343,0.115648378688694,0.275363104390711,0.093408272931481,0.115768709113422,0.093408272931481,0.115648378688694,0.0680322436110106,0.0476199206365212,0.8387094771069309,0.093408272931481,0.2811525792754519,0.093408272931481,0.0613432731147329,0.078342403747824,0.0613432731147329,0.093408272931481,0.115648378688694,0.148976520421494,0.115648378688694,0.115648378688694,0.0476199206365212,0.115648378688694,0.0476199206365212,0.093408272931481,0.148976520421494,0.0322586368373393,0.148976520421494,0.0322586368373393,0.115768709113422,0.0,0.0,0.093408272931481,0.115768709113422,0.115648378688694,0.0613432731147329,0.200063521369343,0.093408272931481,0.093408272931481,0.148976520421494,0.115648378688694,0.0823790970344355,0.115648378688694,0.0,0.0613432731147329,0.115648378688694,0.093408272931481,0.0,0.148976520421494,0.093408272931481,0.0476199206365212,0.0823790970344355,0.148976520421494,0.115648378688694,0.148976520421494,0.0823790970344355,0.093408272931481,0.0613432731147329,0.093408272931481,0.093408272931481,0.093408272931481,0.200063521369343,0.115768709113422,0.093408272931481,0.0476199206365212,0.0613432731147329,1.0,0.115648378688694,0.093408272931481,0.0613432731147329,0.078342403747824,0.115648378688694,0.093408272931481,0.115648378688694,0.0613432731147329,0.0,0.0322586368373393,0.093408272931481,0.148976520421494,0.115648378688694,0.8387094771069309,0.115648378688694,0.115648378688694,0.0680322436110106,0.115648378688694,0.0609274353162256,0.0384622300306098,0.093408272931481,0.093408272931481,0.0613432731147329,0.0250877674831517,0.0280132767810044,0.200063521369343,0.093408272931481,0.148976520421494,0.148976520421494,0.148976520421494,0.148976520421494,0.0,0.148976520421494,0.0,0.093408272931481,0.0322586368373393,0.0476199206365212,0.0384622300306098,0.0,0.115648378688694,0.8387094771069309,0.0476199206365212,0.0,0.115648378688694,0.0476199206365212,0.115648378688694,0.115648378688694,0.0613432731147329,0.148976520421494,0.093408272931481
Chronic alcoholic pancreatitis,0.0571439257166366,0.138778105311832,0.138778105311832,0.115648378688694,0.1734727270499989,0.138778105311832,0.041172338956928,0.0571439257166366,0.115648378688694,0.1734727270499989,0.0714299464323527,0.0476199206365212,0.1734727270499989,0.128249502550101,0.115648378688694,0.041172338956928,0.1734727270499989,0.0571439257166366,0.0714299464323527,0.128249502550101,0.115648378688694,0.115648378688694,0.138778105311832,0.0999899660382537,0.115648378688694,0.0367619429090039,0.0571439257166366,0.0921133696066727,0.226732089065557,0.115648378688694,0.0999899660382537,0.1734727270499989,0.0892790042075809,0.138778105311832,0.115648378688694,0.0714299464323527,0.0933602719681705,0.138778105311832,0.0892790042075809,0.115648378688694,0.115648378688694,0.0892790042075809,0.138778105311832,0.1734727270499989,0.138778105311832,0.0933602719681705,0.138778105311832,0.0571439257166366,0.0714299464323527,0.1734727270499989,0.0999899660382537,0.115648378688694,0.0476199206365212,0.138778105311832,0.0999899660382537,0.1734727270499989,0.138778105311832,0.0892790042075809,0.115648378688694,0.138778105311832,0.138778105311832,0.138778105311832,0.138778105311832,0.138778105311832,0.0892790042075809,0.1734727270499989,0.115648378688694,0.0714299464323527,0.0367619429090039,0.0476199206365212,0.0999899660382537,0.1734727270499989,0.1734727270499989,0.138778105311832,0.1734727270499989,0.0999899660382537,0.0714299464323527,0.138778105311832,0.226732089065557,0.0316202950567523,0.0714299464323527,0.226732089065557,0.115648378688694,0.0933602719681705,0.0999899660382537,0.115648378688694,0.138778105311832,0.115648378688694,0.138778105311832,0.041172338956928,0.1734727270499989,0.138778105311832,0.138778105311832,0.041172338956928,0.0714299464323527,0.1734727270499989,0.0476199206365212,0.138778105311832,0.138778105311832,0.1734727270499989,0.138778105311832,0.226732089065557,0.138778105311832,0.296376456737466,0.115648378688694,0.128249502550101,0.115648378688694,0.138778105311832,0.0892790042075809,0.0571439257166366,0.0999899660382537,0.115648378688694,0.311463077621673,0.115648378688694,0.0714299464323527,0.0999899660382537,0.0714299464323527,0.115648378688694,0.138778105311832,0.1734727270499989,0.138778105311832,0.138778105311832,0.0571439257166366,0.138778105311832,0.0571439257166366,0.115648378688694,0.1734727270499989,0.041172338956928,0.8249995187486758,0.041172338956928,0.128249502550101,0.0,0.0,0.115648378688694,0.128249502550101,0.138778105311832,0.0714299464323527,0.226732089065557,0.115648378688694,0.115648378688694,0.3192481279323519,0.138778105311832,0.0933602719681705,0.138778105311832,0.0,0.0714299464323527,0.138778105311832,0.115648378688694,0.0,0.1734727270499989,0.115648378688694,0.0571439257166366,0.0933602719681705,0.1734727270499989,0.138778105311832,0.3192481279323519,0.0933602719681705,0.115648378688694,0.0714299464323527,0.115648378688694,0.115648378688694,0.115648378688694,0.226732089065557,0.128249502550101,0.115648378688694,0.0571439257166366,0.0714299464323527,0.115648378688694,1.0,0.115648378688694,0.0714299464323527,0.0999899660382537,0.138778105311832,0.115648378688694,0.138778105311832,0.0714299464323527,0.0,0.041172338956928,0.115648378688694,0.1734727270499989,0.138778105311832,0.0999899660382537,0.138778105311832,0.138778105311832,0.0892790042075809,0.138778105311832,0.0819002213950383,0.0476199206365212,0.115648378688694,0.115648378688694,0.0714299464323527,0.0337236205744276,0.0367619429090039,0.226732089065557,0.115648378688694,0.1734727270499989,0.1734727270499989,0.1734727270499989,0.1734727270499989,0.0,0.1734727270499989,0.0,0.115648378688694,0.041172338956928,0.0571439257166366,0.0476199206365212,0.0,0.138778105311832,0.0999899660382537,0.0571439257166366,0.0,0.138778105311832,0.0571439257166366,0.138778105311832,0.138778105311832,0.0714299464323527,0.1734727270499989,0.115648378688694
Alcoholic hepatitis,0.0476199206365212,0.115648378688694,0.212831890191799,0.171902619932726,0.274166873716867,0.549999174998487,0.0322586368373393,0.0476199206365212,0.093408272931481,0.274166873716867,0.0613432731147329,0.0384622300306098,0.148976520421494,0.115768709113422,0.093408272931481,0.0322586368373393,0.274166873716867,0.0476199206365212,0.0613432731147329,0.115768709113422,0.093408272931481,0.093408272931481,0.212831890191799,0.078342403747824,0.171902619932726,0.0280132767810044,0.0476199206365212,0.0746915486002605,0.368184127562069,0.171902619932726,0.078342403747824,0.274166873716867,0.0680322436110106,0.115648378688694,0.093408272931481,0.0613432731147329,0.0823790970344355,0.115648378688694,0.206873557102869,0.093408272931481,0.093408272931481,0.0680322436110106,0.115648378688694,0.148976520421494,0.115648378688694,0.0823790970344355,0.212831890191799,0.0476199206365212,0.0613432731147329,0.148976520421494,0.078342403747824,0.093408272931481,0.0384622300306098,0.115648378688694,0.078342403747824,0.274166873716867,0.115648378688694,0.0680322436110106,0.093408272931481,0.115648378688694,0.115648378688694,0.115648378688694,0.115648378688694,0.115648378688694,0.0680322436110106,0.148976520421494,0.093408272931481,0.0613432731147329,0.0280132767810044,0.0384622300306098,0.078342403747824,0.274166873716867,0.274166873716867,0.115648378688694,0.274166873716867,0.078342403747824,0.0613432731147329,0.115648378688694,0.368184127562069,0.023062117726601,0.0613432731147329,0.368184127562069,0.093408272931481,0.0823790970344355,0.078342403747824,0.093408272931481,0.115648378688694,0.093408272931481,0.212831890191799,0.0322586368373393,0.274166873716867,0.212831890191799,0.212831890191799,0.0322586368373393,0.0613432731147329,0.148976520421494,0.0384622300306098,0.115648378688694,0.115648378688694,0.148976520421494,0.212831890191799,0.368184127562069,0.212831890191799,0.275363104390711,0.093408272931481,0.115768709113422,0.093408272931481,0.212831890191799,0.206873557102869,0.0476199206365212,0.078342403747824,0.093408272931481,0.2811525792754519,0.171902619932726,0.0613432731147329,0.078342403747824,0.0613432731147329,0.171902619932726,0.115648378688694,0.148976520421494,0.212831890191799,0.115648378688694,0.0476199206365212,0.212831890191799,0.0476199206365212,0.093408272931481,0.148976520421494,0.0322586368373393,0.148976520421494,0.0322586368373393,0.115768709113422,0.0,0.0,0.444229946263574,0.115768709113422,0.115648378688694,0.0613432731147329,0.368184127562069,0.444229946263574,0.093408272931481,0.148976520421494,0.549999174998487,0.0823790970344355,0.212831890191799,0.0,0.0613432731147329,0.212831890191799,0.093408272931481,0.0,0.148976520421494,0.093408272931481,0.0476199206365212,0.0823790970344355,0.148976520421494,0.115648378688694,0.148976520421494,0.0823790970344355,0.093408272931481,0.0613432731147329,0.093408272931481,0.093408272931481,0.093408272931481,0.368184127562069,0.115768709113422,0.093408272931481,0.0476199206365212,0.0613432731147329,0.093408272931481,0.115648378688694,1.0,0.0613432731147329,0.078342403747824,0.212831890191799,0.093408272931481,0.115648378688694,0.0613432731147329,0.0,0.0322586368373393,0.093408272931481,0.148976520421494,0.115648378688694,0.078342403747824,0.115648378688694,0.115648378688694,0.0680322436110106,0.115648378688694,0.0609274353162256,0.0384622300306098,0.093408272931481,0.093408272931481,0.0613432731147329,0.0250877674831517,0.0280132767810044,0.200063521369343,0.171902619932726,0.274166873716867,0.148976520421494,0.148976520421494,0.148976520421494,0.0,0.148976520421494,0.0,0.093408272931481,0.0322586368373393,0.0476199206365212,0.0384622300306098,0.0,0.115648378688694,0.078342403747824,0.0476199206365212,0.0,0.115648378688694,0.0476199206365212,0.115648378688694,0.115648378688694,0.0613432731147329,0.148976520421494,0.171902619932726
Autism spectrum disorders,0.8249995187486758,0.0714299464323527,0.0714299464323527,0.0613432731147329,0.0865818037575277,0.0714299464323527,0.0545213728963117,0.0714299464323527,0.0613432731147329,0.0865818037575277,0.0865818037575277,0.0613432731147329,0.0865818037575277,0.147105639620399,0.0613432731147329,0.0545213728963117,0.0865818037575277,0.1734727270499989,0.21027009483971,0.147105639620399,0.0613432731147329,0.0613432731147329,0.0714299464323527,0.0545213728963117,0.0613432731147329,0.0498579928542293,0.0714299464323527,0.0485747365313862,0.1098923880062569,0.0613432731147329,0.0545213728963117,0.0865818037575277,0.0498579928542293,0.0714299464323527,0.0613432731147329,0.0865818037575277,0.1098923880062569,0.0714299464323527,0.0498579928542293,0.0613432731147329,0.0613432731147329,0.0498579928542293,0.0714299464323527,0.0865818037575277,0.0714299464323527,0.1098923880062569,0.0714299464323527,0.0714299464323527,0.0865818037575277,0.0865818037575277,0.0545213728963117,0.0613432731147329,0.0613432731147329,0.0714299464323527,0.0545213728963117,0.0865818037575277,0.0714299464323527,0.0498579928542293,0.0613432731147329,0.0714299464323527,0.0714299464323527,0.0714299464323527,0.0714299464323527,0.0714299464323527,0.0498579928542293,0.0865818037575277,0.0613432731147329,0.0865818037575277,0.0498579928542293,0.0613432731147329,0.0545213728963117,0.0865818037575277,0.0865818037575277,0.0714299464323527,0.0865818037575277,0.0545213728963117,0.0865818037575277,0.0714299464323527,0.1098923880062569,0.0444245555713213,0.0865818037575277,0.1098923880062569,0.0613432731147329,0.81153766419781,0.0545213728963117,0.0613432731147329,0.0714299464323527,0.0613432731147329,0.0714299464323527,0.0545213728963117,0.0865818037575277,0.0714299464323527,0.0714299464323527,0.0545213728963117,0.0865818037575277,0.0865818037575277,0.0613432731147329,0.0714299464323527,0.0714299464323527,0.0865818037575277,0.0714299464323527,0.1098923880062569,0.0714299464323527,0.32866873393231,0.0613432731147329,0.147105639620399,0.0613432731147329,0.0714299464323527,0.0498579928542293,0.0714299464323527,0.0545213728963117,0.0613432731147329,0.147105639620399,0.0613432731147329,0.0865818037575277,0.0545213728963117,0.639392737369731,0.0613432731147329,0.0714299464323527,0.0865818037575277,0.0714299464323527,0.0714299464323527,0.0714299464323527,0.0714299464323527,0.3192481279323519,0.0613432731147329,0.0865818037575277,0.0545213728963117,0.0865818037575277,0.0545213728963117,0.147105639620399,0.0,0.0,0.0613432731147329,0.147105639620399,0.0714299464323527,0.21027009483971,0.1098923880062569,0.0613432731147329,0.0613432731147329,0.0865818037575277,0.0714299464323527,0.1098923880062569,0.0714299464323527,0.0,0.21027009483971,0.0714299464323527,0.0613432731147329,0.0,0.0865818037575277,0.0613432731147329,0.0714299464323527,0.1098923880062569,0.0865818037575277,0.0714299464323527,0.0865818037575277,0.266881513729481,0.0613432731147329,0.0865818037575277,0.0613432731147329,0.0613432731147329,0.0613432731147329,0.1098923880062569,0.147105639620399,0.0613432731147329,0.0714299464323527,0.0865818037575277,0.0613432731147329,0.0714299464323527,0.0613432731147329,1.0,0.0545213728963117,0.0714299464323527,0.0613432731147329,0.0714299464323527,0.0865818037575277,0.0,0.0545213728963117,0.0613432731147329,0.0865818037575277,0.0714299464323527,0.0545213728963117,0.0714299464323527,0.0714299464323527,0.0498579928542293,0.0714299464323527,0.0466468368249435,0.0613432731147329,0.0613432731147329,0.0613432731147329,0.386967653528542,0.0466468368249435,0.0498579928542293,0.1098923880062569,0.0613432731147329,0.0865818037575277,0.0865818037575277,0.0865818037575277,0.0865818037575277,0.0,0.0865818037575277,0.0,0.0613432731147329,0.0545213728963117,0.0714299464323527,0.0613432731147329,0.0,0.0714299464323527,0.0545213728963117,0.0714299464323527,0.0,0.0714299464323527,0.0714299464323527,0.0714299464323527,0.0714299464323527,0.0865818037575277,0.0865818037575277,0.0613432731147329
Idiopathic nephrotic syndrome,0.041172338956928,0.0999899660382537,0.0999899660382537,0.078342403747824,0.1324090484624709,0.0999899660382537,0.0262176875118606,0.041172338956928,0.078342403747824,0.1324090484624709,0.0545213728963117,0.0322586368373393,0.1324090484624709,0.107359912685637,0.078342403747824,0.0262176875118606,0.1324090484624709,0.041172338956928,0.0545213728963117,0.107359912685637,0.078342403747824,0.078342403747824,0.0999899660382537,0.0636715268145186,0.078342403747824,0.0220824020542819,0.041172338956928,0.0628116880447429,0.182053533683929,0.078342403747824,0.0636715268145186,0.1324090484624709,0.053628690703256,0.0999899660382537,0.078342403747824,0.0545213728963117,0.0749632197522059,0.0999899660382537,0.053628690703256,0.078342403747824,0.078342403747824,0.053628690703256,0.0999899660382537,0.1324090484624709,0.0999899660382537,0.0749632197522059,0.0999899660382537,0.041172338956928,0.0545213728963117,0.1324090484624709,0.0636715268145186,0.078342403747824,0.0322586368373393,0.0999899660382537,0.0636715268145186,0.1324090484624709,0.0999899660382537,0.053628690703256,0.078342403747824,0.0999899660382537,0.0999899660382537,0.0999899660382537,0.184015147583005,0.0999899660382537,0.053628690703256,0.1324090484624709,0.078342403747824,0.0545213728963117,0.0220824020542819,0.0322586368373393,0.0636715268145186,0.1324090484624709,0.1324090484624709,0.0999899660382537,0.1324090484624709,0.0636715268145186,0.0545213728963117,0.0999899660382537,0.182053533683929,0.0172583557076123,0.0545213728963117,0.182053533683929,0.078342403747824,0.0749632197522059,0.0636715268145186,0.078342403747824,0.0999899660382537,0.078342403747824,0.0999899660382537,0.0262176875118606,0.1324090484624709,0.0999899660382537,0.0999899660382537,0.0262176875118606,0.0545213728963117,0.1324090484624709,0.0322586368373393,0.0999899660382537,0.0999899660382537,0.1324090484624709,0.0999899660382537,0.182053533683929,0.0999899660382537,0.261364164595575,0.078342403747824,0.107359912685637,0.078342403747824,0.0999899660382537,0.053628690703256,0.041172338956928,0.0636715268145186,0.078342403747824,0.260731216522262,0.078342403747824,0.0545213728963117,0.0636715268145186,0.0545213728963117,0.078342403747824,0.0999899660382537,0.402631596345066,0.0999899660382537,0.304051121218363,0.041172338956928,0.0999899660382537,0.041172338956928,0.078342403747824,0.1324090484624709,0.0262176875118606,0.1324090484624709,0.0262176875118606,0.107359912685637,0.0,0.0,0.078342403747824,0.107359912685637,0.0999899660382537,0.0545213728963117,0.182053533683929,0.078342403747824,0.078342403747824,0.1324090484624709,0.0999899660382537,0.0749632197522059,0.0999899660382537,0.0,0.0545213728963117,0.0999899660382537,0.078342403747824,0.0,0.1324090484624709,0.078342403747824,0.041172338956928,0.0749632197522059,0.243677156414128,0.0999899660382537,0.1324090484624709,0.0749632197522059,0.078342403747824,0.0545213728963117,0.078342403747824,0.078342403747824,0.078342403747824,0.182053533683929,0.107359912685637,0.078342403747824,0.041172338956928,0.0545213728963117,0.078342403747824,0.0999899660382537,0.078342403747824,0.0545213728963117,1.0,0.0999899660382537,0.078342403747824,0.0999899660382537,0.0545213728963117,0.0,0.0262176875118606,0.078342403747824,0.1324090484624709,0.0999899660382537,0.0636715268145186,0.0999899660382537,0.0999899660382537,0.053628690703256,0.0999899660382537,0.0467066854134993,0.0322586368373393,0.078342403747824,0.078342403747824,0.0545213728963117,0.0192321645820291,0.0220824020542819,0.182053533683929,0.078342403747824,0.1324090484624709,0.243677156414128,0.1324090484624709,0.243677156414128,0.0,0.1324090484624709,0.0,0.078342403747824,0.0262176875118606,0.041172338956928,0.0322586368373393,0.0,0.0999899660382537,0.0636715268145186,0.041172338956928,0.0,0.0999899660382537,0.041172338956928,0.0999899660382537,0.0999899660382537,0.0545213728963117,0.1324090484624709,0.078342403747824
Diverticular disease,0.0571439257166366,0.138778105311832,0.421998728397202,0.351665478053376,0.527498700621427,0.255398361876396,0.041172338956928,0.0571439257166366,0.115648378688694,0.527498700621427,0.0714299464323527,0.0476199206365212,0.1734727270499989,0.128249502550101,0.115648378688694,0.041172338956928,0.527498700621427,0.0571439257166366,0.0714299464323527,0.128249502550101,0.115648378688694,0.115648378688694,0.421998728397202,0.0999899660382537,0.212831890191799,0.0367619429090039,0.0571439257166366,0.0921133696066727,0.4172632563475379,0.212831890191799,0.0999899660382537,0.527498700621427,0.0892790042075809,0.138778105311832,0.115648378688694,0.0714299464323527,0.0933602719681705,0.138778105311832,0.164303377491262,0.115648378688694,0.115648378688694,0.0892790042075809,0.138778105311832,0.1734727270499989,0.138778105311832,0.0933602719681705,0.255398361876396,0.0571439257166366,0.0714299464323527,0.1734727270499989,0.0999899660382537,0.115648378688694,0.0476199206365212,0.138778105311832,0.0999899660382537,0.3192481279323519,0.138778105311832,0.0892790042075809,0.115648378688694,0.138778105311832,0.138778105311832,0.138778105311832,0.138778105311832,0.138778105311832,0.0892790042075809,0.1734727270499989,0.115648378688694,0.0714299464323527,0.0367619429090039,0.0476199206365212,0.0999899660382537,0.3192481279323519,0.3192481279323519,0.138778105311832,0.3192481279323519,0.0999899660382537,0.0714299464323527,0.138778105311832,0.4172632563475379,0.0316202950567523,0.0714299464323527,0.4172632563475379,0.115648378688694,0.0933602719681705,0.0999899660382537,0.115648378688694,0.138778105311832,0.115648378688694,0.255398361876396,0.041172338956928,0.3192481279323519,0.255398361876396,0.421998728397202,0.041172338956928,0.0714299464323527,0.1734727270499989,0.0476199206365212,0.138778105311832,0.138778105311832,0.1734727270499989,0.421998728397202,0.4172632563475379,0.421998728397202,0.296376456737466,0.115648378688694,0.128249502550101,0.115648378688694,0.255398361876396,0.164303377491262,0.0571439257166366,0.0999899660382537,0.115648378688694,0.311463077621673,0.351665478053376,0.0714299464323527,0.0999899660382537,0.0714299464323527,0.212831890191799,0.138778105311832,0.1734727270499989,0.255398361876396,0.138778105311832,0.0571439257166366,0.255398361876396,0.0571439257166366,0.115648378688694,0.1734727270499989,0.041172338956928,0.1734727270499989,0.041172338956928,0.128249502550101,0.0,0.0,0.212831890191799,0.128249502550101,0.138778105311832,0.0714299464323527,0.4172632563475379,0.212831890191799,0.115648378688694,0.1734727270499989,0.255398361876396,0.0933602719681705,0.659999251998354,0.0,0.0714299464323527,0.255398361876396,0.115648378688694,0.0,0.1734727270499989,0.115648378688694,0.0571439257166366,0.0933602719681705,0.1734727270499989,0.138778105311832,0.1734727270499989,0.0933602719681705,0.115648378688694,0.0714299464323527,0.115648378688694,0.115648378688694,0.115648378688694,0.4172632563475379,0.128249502550101,0.115648378688694,0.0571439257166366,0.0714299464323527,0.115648378688694,0.138778105311832,0.212831890191799,0.0714299464323527,0.0999899660382537,1.0,0.115648378688694,0.138778105311832,0.0714299464323527,0.0,0.041172338956928,0.115648378688694,0.1734727270499989,0.138778105311832,0.0999899660382537,0.138778105311832,0.138778105311832,0.0892790042075809,0.138778105311832,0.0819002213950383,0.0476199206365212,0.115648378688694,0.115648378688694,0.0714299464323527,0.0337236205744276,0.0367619429090039,0.226732089065557,0.549999174998487,0.3192481279323519,0.1734727270499989,0.1734727270499989,0.1734727270499989,0.0,0.1734727270499989,0.0,0.115648378688694,0.041172338956928,0.0571439257166366,0.0476199206365212,0.0,0.138778105311832,0.0999899660382537,0.0571439257166366,0.0,0.138778105311832,0.0571439257166366,0.138778105311832,0.138778105311832,0.0714299464323527,0.1734727270499989,0.351665478053376
Neuromyelitis optica,0.0476199206365212,0.115648378688694,0.115648378688694,0.093408272931481,0.148976520421494,0.115648378688694,0.0322586368373393,0.0476199206365212,0.093408272931481,0.148976520421494,0.0613432731147329,0.0384622300306098,0.148976520421494,0.115768709113422,0.093408272931481,0.0322586368373393,0.148976520421494,0.0476199206365212,0.0613432731147329,0.115768709113422,0.093408272931481,0.093408272931481,0.115648378688694,0.078342403747824,0.093408272931481,0.0280132767810044,0.0476199206365212,0.0746915486002605,0.200063521369343,0.093408272931481,0.078342403747824,0.148976520421494,0.1252021962253049,0.351665478053376,0.093408272931481,0.0613432731147329,0.0823790970344355,0.115648378688694,0.0680322436110106,0.093408272931481,0.171902619932726,0.0680322436110106,0.115648378688694,0.453010235567401,0.351665478053376,0.0823790970344355,0.115648378688694,0.0476199206365212,0.0613432731147329,0.148976520421494,0.078342403747824,0.093408272931481,0.0384622300306098,0.115648378688694,0.078342403747824,0.148976520421494,0.115648378688694,0.0680322436110106,0.093408272931481,0.115648378688694,0.115648378688694,0.351665478053376,0.115648378688694,0.115648378688694,0.0680322436110106,0.148976520421494,0.093408272931481,0.0613432731147329,0.0280132767810044,0.0384622300306098,0.078342403747824,0.148976520421494,0.148976520421494,0.115648378688694,0.148976520421494,0.078342403747824,0.0613432731147329,0.115648378688694,0.200063521369343,0.023062117726601,0.0613432731147329,0.200063521369343,0.093408272931481,0.0823790970344355,0.078342403747824,0.093408272931481,0.351665478053376,0.093408272931481,0.115648378688694,0.0322586368373393,0.148976520421494,0.115648378688694,0.115648378688694,0.0322586368373393,0.0613432731147329,0.148976520421494,0.0384622300306098,0.115648378688694,0.115648378688694,0.453010235567401,0.115648378688694,0.200063521369343,0.115648378688694,0.275363104390711,0.093408272931481,0.115768709113422,0.093408272931481,0.115648378688694,0.0680322436110106,0.0476199206365212,0.078342403747824,0.093408272931481,0.2811525792754519,0.093408272931481,0.0613432731147329,0.078342403747824,0.0613432731147329,0.093408272931481,0.115648378688694,0.148976520421494,0.115648378688694,0.115648378688694,0.0476199206365212,0.115648378688694,0.0476199206365212,0.171902619932726,0.148976520421494,0.0322586368373393,0.148976520421494,0.0322586368373393,0.115768709113422,0.0,0.0,0.093408272931481,0.115768709113422,0.115648378688694,0.0613432731147329,0.200063521369343,0.093408272931481,0.093408272931481,0.148976520421494,0.115648378688694,0.0823790970344355,0.115648378688694,0.0,0.0613432731147329,0.115648378688694,0.093408272931481,0.0,0.148976520421494,0.093408272931481,0.0476199206365212,0.0823790970344355,0.148976520421494,0.115648378688694,0.148976520421494,0.0823790970344355,0.093408272931481,0.0613432731147329,0.093408272931481,0.284037401363075,0.093408272931481,0.200063521369343,0.115768709113422,0.171902619932726,0.0476199206365212,0.0613432731147329,0.093408272931481,0.115648378688694,0.093408272931481,0.0613432731147329,0.078342403747824,0.115648378688694,1.0,0.115648378688694,0.0613432731147329,0.0,0.0322586368373393,0.093408272931481,0.148976520421494,0.115648378688694,0.078342403747824,0.115648378688694,0.115648378688694,0.0680322436110106,0.115648378688694,0.0609274353162256,0.0384622300306098,0.093408272931481,0.284037401363075,0.0613432731147329,0.0250877674831517,0.0280132767810044,0.200063521369343,0.093408272931481,0.148976520421494,0.148976520421494,0.148976520421494,0.148976520421494,0.0,0.453010235567401,0.0,0.093408272931481,0.0322586368373393,0.0476199206365212,0.0384622300306098,0.0,0.549999174998487,0.078342403747824,0.0476199206365212,0.0,0.115648378688694,0.0476199206365212,0.115648378688694,0.351665478053376,0.0613432731147329,0.148976520421494,0.093408272931481
Azoospermia,0.0571439257166366,0.138778105311832,0.138778105311832,0.115648378688694,0.1734727270499989,0.138778105311832,0.041172338956928,0.0571439257166366,0.115648378688694,0.1734727270499989,0.0714299464323527,0.0476199206365212,0.1734727270499989,0.128249502550101,0.115648378688694,0.041172338956928,0.1734727270499989,0.0571439257166366,0.0714299464323527,0.128249502550101,0.115648378688694,0.115648378688694,0.138778105311832,0.0999899660382537,0.115648378688694,0.0367619429090039,0.0571439257166366,0.0921133696066727,0.226732089065557,0.115648378688694,0.0999899660382537,0.1734727270499989,0.0892790042075809,0.138778105311832,0.115648378688694,0.0714299464323527,0.0933602719681705,0.138778105311832,0.0892790042075809,0.115648378688694,0.115648378688694,0.0892790042075809,0.138778105311832,0.1734727270499989,0.138778105311832,0.0933602719681705,0.138778105311832,0.0571439257166366,0.0714299464323527,0.1734727270499989,0.0999899660382537,0.212831890191799,0.0476199206365212,0.138778105311832,0.0999899660382537,0.1734727270499989,0.138778105311832,0.0892790042075809,0.115648378688694,0.138778105311832,0.138778105311832,0.138778105311832,0.138778105311832,0.138778105311832,0.0892790042075809,0.3192481279323519,0.212831890191799,0.0714299464323527,0.0367619429090039,0.0476199206365212,0.0999899660382537,0.1734727270499989,0.1734727270499989,0.138778105311832,0.1734727270499989,0.0999899660382537,0.0714299464323527,0.138778105311832,0.226732089065557,0.0316202950567523,0.0714299464323527,0.226732089065557,0.115648378688694,0.0933602719681705,0.0999899660382537,0.115648378688694,0.138778105311832,0.115648378688694,0.138778105311832,0.041172338956928,0.1734727270499989,0.138778105311832,0.138778105311832,0.041172338956928,0.0714299464323527,0.1734727270499989,0.0476199206365212,0.138778105311832,0.138778105311832,0.1734727270499989,0.138778105311832,0.226732089065557,0.138778105311832,0.296376456737466,0.115648378688694,0.128249502550101,0.212831890191799,0.138778105311832,0.0892790042075809,0.0571439257166366,0.0999899660382537,0.115648378688694,0.311463077621673,0.115648378688694,0.0714299464323527,0.0999899660382537,0.0714299464323527,0.115648378688694,0.421998728397202,0.1734727270499989,0.138778105311832,0.138778105311832,0.0571439257166366,0.138778105311832,0.0571439257166366,0.115648378688694,0.1734727270499989,0.041172338956928,0.1734727270499989,0.041172338956928,0.128249502550101,0.0,0.0,0.115648378688694,0.128249502550101,0.138778105311832,0.0714299464323527,0.226732089065557,0.115648378688694,0.115648378688694,0.1734727270499989,0.138778105311832,0.0933602719681705,0.138778105311832,0.0,0.0714299464323527,0.138778105311832,0.212831890191799,0.0,0.3192481279323519,0.549999174998487,0.0571439257166366,0.0933602719681705,0.1734727270499989,0.255398361876396,0.1734727270499989,0.0933602719681705,0.115648378688694,0.0714299464323527,0.115648378688694,0.115648378688694,0.115648378688694,0.226732089065557,0.128249502550101,0.115648378688694,0.0571439257166366,0.0714299464323527,0.115648378688694,0.138778105311832,0.115648378688694,0.0714299464323527,0.0999899660382537,0.138778105311832,0.115648378688694,1.0,0.0714299464323527,0.0,0.041172338956928,0.115648378688694,0.1734727270499989,0.138778105311832,0.0999899660382537,0.421998728397202,0.659999251998354,0.0892790042075809,0.138778105311832,0.0819002213950383,0.0476199206365212,0.115648378688694,0.115648378688694,0.0714299464323527,0.0337236205744276,0.0367619429090039,0.226732089065557,0.115648378688694,0.1734727270499989,0.1734727270499989,0.3192481279323519,0.1734727270499989,0.0,0.1734727270499989,0.0,0.212831890191799,0.041172338956928,0.0571439257166366,0.0476199206365212,0.0,0.138778105311832,0.0999899660382537,0.0571439257166366,0.0,0.138778105311832,0.0571439257166366,0.138778105311832,0.138778105311832,0.0714299464323527,0.1734727270499989,0.115648378688694
Hyperlipidemia,0.0714299464323527,0.0714299464323527,0.0714299464323527,0.0613432731147329,0.0865818037575277,0.0714299464323527,0.243677156414128,0.1734727270499989,0.0613432731147329,0.0865818037575277,0.0865818037575277,0.0613432731147329,0.0865818037575277,0.147105639620399,0.0613432731147329,0.0545213728963117,0.0865818037575277,0.0714299464323527,0.0865818037575277,0.147105639620399,0.0613432731147329,0.0613432731147329,0.0714299464323527,0.0545213728963117,0.0613432731147329,0.222834702756658,0.0714299464323527,0.0485747365313862,0.1098923880062569,0.0613432731147329,0.0545213728963117,0.0865818037575277,0.0498579928542293,0.0714299464323527,0.0613432731147329,0.0865818037575277,0.1098923880062569,0.0714299464323527,0.0498579928542293,0.0613432731147329,0.0613432731147329,0.0498579928542293,0.0714299464323527,0.0865818037575277,0.0714299464323527,0.1098923880062569,0.0714299464323527,0.0714299464323527,0.0865818037575277,0.0865818037575277,0.0545213728963117,0.0613432731147329,0.0613432731147329,0.0714299464323527,0.0545213728963117,0.0865818037575277,0.0714299464323527,0.0498579928542293,0.0613432731147329,0.0714299464323527,0.0714299464323527,0.0714299464323527,0.0714299464323527,0.0714299464323527,0.0498579928542293,0.0865818037575277,0.0613432731147329,0.0865818037575277,0.0498579928542293,0.274166873716867,0.0545213728963117,0.0865818037575277,0.0865818037575277,0.0714299464323527,0.0865818037575277,0.0545213728963117,0.0865818037575277,0.0714299464323527,0.1098923880062569,0.0444245555713213,0.0865818037575277,0.1098923880062569,0.0613432731147329,0.1098923880062569,0.0545213728963117,0.0613432731147329,0.0714299464323527,0.0613432731147329,0.0714299464323527,0.0545213728963117,0.0865818037575277,0.0714299464323527,0.0714299464323527,0.0545213728963117,0.0865818037575277,0.0865818037575277,0.0613432731147329,0.0714299464323527,0.0714299464323527,0.0865818037575277,0.0714299464323527,0.1098923880062569,0.0714299464323527,0.32866873393231,0.0613432731147329,0.147105639620399,0.0613432731147329,0.0714299464323527,0.0498579928542293,0.0714299464323527,0.0545213728963117,0.0613432731147329,0.147105639620399,0.0613432731147329,0.0865818037575277,0.0545213728963117,0.0865818037575277,0.0613432731147329,0.0714299464323527,0.0865818037575277,0.0714299464323527,0.0714299464323527,0.0714299464323527,0.0714299464323527,0.0714299464323527,0.0613432731147329,0.0865818037575277,0.243677156414128,0.0865818037575277,0.243677156414128,0.147105639620399,0.0,0.0,0.0613432731147329,0.147105639620399,0.0714299464323527,0.0865818037575277,0.1098923880062569,0.0613432731147329,0.0613432731147329,0.0865818037575277,0.0714299464323527,0.1098923880062569,0.0714299464323527,0.0,0.0865818037575277,0.0714299464323527,0.0613432731147329,0.0,0.0865818037575277,0.0613432731147329,0.0714299464323527,0.1098923880062569,0.0865818037575277,0.0714299464323527,0.0865818037575277,0.1098923880062569,0.0613432731147329,1.0,0.0613432731147329,0.0613432731147329,0.0613432731147329,0.1098923880062569,0.147105639620399,0.0613432731147329,0.3192481279323519,0.0865818037575277,0.0613432731147329,0.0714299464323527,0.0613432731147329,0.0865818037575277,0.0545213728963117,0.0714299464323527,0.0613432731147329,0.0714299464323527,1.0,0.0,0.0545213728963117,0.0613432731147329,0.0865818037575277,0.0714299464323527,0.0545213728963117,0.0714299464323527,0.0714299464323527,0.0498579928542293,0.0714299464323527,0.0466468368249435,0.0613432731147329,0.0613432731147329,0.0613432731147329,0.0865818037575277,0.0466468368249435,0.0498579928542293,0.1098923880062569,0.0613432731147329,0.0865818037575277,0.0865818037575277,0.0865818037575277,0.0865818037575277,0.0,0.0865818037575277,0.0,0.0613432731147329,0.243677156414128,0.0714299464323527,0.0613432731147329,0.0,0.0714299464323527,0.0545213728963117,0.0714299464323527,0.0,0.0714299464323527,0.0714299464323527,0.0714299464323527,0.0714299464323527,0.386967653528542,0.0865818037575277,0.0613432731147329
Shiga Toxin-producing E. coli infection,0.0,0.0,0.0,0.0,0.0,0.0,0.0,0.0,0.0,0.0,0.0,0.0,0.0,0.0,0.0,0.0,0.0,0.0,0.0,0.0,0.0,0.0,0.0,0.0,0.0,0.0,0.0,0.0,0.0,0.0,0.0,0.0,0.0,0.0,0.0,0.0,0.0,0.0,0.0,0.0,0.0,0.0,0.0,0.0,0.0,0.0,0.0,0.0,0.0,0.0,0.0,0.0,0.0,0.0,0.0,0.0,0.0,0.0,0.0,0.0,0.0,0.0,0.0,0.0,0.0,0.0,0.0,0.0,0.0,0.0,0.0,0.0,0.0,0.0,0.0,0.0,0.0,0.0,0.0,0.0,0.0,0.0,0.0,0.0,0.0,0.0,0.0,0.0,0.0,0.0,0.0,0.0,0.0,0.0,0.0,0.0,0.0,0.0,0.0,0.0,0.0,0.0,0.0,0.0,0.0,0.0,0.0,0.0,0.0,0.0,0.0,0.0,0.0,0.0,0.0,0.0,0.0,0.0,0.0,0.0,0.0,0.0,0.0,0.0,0.0,0.0,0.0,0.0,0.0,0.0,0.0,1.0,1.0,0.0,0.0,0.0,0.0,0.0,0.0,0.0,0.0,0.0,0.0,0.0,1.0,0.0,0.0,0.0,1.0,0.0,0.0,0.0,0.0,0.0,0.0,0.0,0.0,0.0,0.0,0.0,0.0,0.0,0.0,0.0,0.0,0.0,0.0,0.0,0.0,0.0,0.0,0.0,0.0,0.0,0.0,0.0,1.0,0.0,0.0,0.0,0.0,0.0,0.0,0.0,0.0,0.0,0.0,0.0,0.0,0.0,0.0,0.0,0.0,0.0,0.0,0.0,0.0,0.0,0.0,1.0,0.0,0.0,0.0,0.0,0.0,0.0,1.0,0.0,0.0,0.0,1.0,0.0,0.0,0.0,0.0,0.0,0.0,0.0
Gastric carcinoma,0.041172338956928,0.041172338956928,0.041172338956928,0.0322586368373393,0.0545213728963117,0.041172338956928,0.0262176875118606,0.041172338956928,0.0322586368373393,0.0545213728963117,0.0545213728963117,0.238224860376036,0.0545213728963117,0.107359912685637,0.0322586368373393,0.302808285044318,0.0545213728963117,0.041172338956928,0.0545213728963117,0.107359912685637,0.0322586368373393,0.0322586368373393,0.041172338956928,0.0262176875118606,0.0322586368373393,0.0220824020542819,0.47553108355459,0.0258636362537177,0.0749632197522059,0.0322586368373393,0.0262176875118606,0.0545213728963117,0.0220824020542819,0.041172338956928,0.0322586368373393,0.0545213728963117,0.0749632197522059,0.041172338956928,0.0220824020542819,0.0322586368373393,0.0322586368373393,0.0220824020542819,0.041172338956928,0.0545213728963117,0.041172338956928,0.0749632197522059,0.041172338956928,0.304051121218363,0.0545213728963117,0.0545213728963117,0.0262176875118606,0.0322586368373393,0.238224860376036,0.041172338956928,0.0262176875118606,0.0545213728963117,0.041172338956928,0.0220824020542819,0.0322586368373393,0.041172338956928,0.041172338956928,0.041172338956928,0.041172338956928,0.041172338956928,0.0220824020542819,0.0545213728963117,0.0322586368373393,0.0545213728963117,0.2550466852841689,0.0322586368373393,0.0262176875118606,0.0545213728963117,0.0545213728963117,0.041172338956928,0.0545213728963117,0.0262176875118606,0.402631596345066,0.041172338956928,0.0749632197522059,0.19933005503032,0.0545213728963117,0.0749632197522059,0.0322586368373393,0.0749632197522059,0.0262176875118606,0.0322586368373393,0.041172338956928,0.0322586368373393,0.041172338956928,0.0636715268145186,0.0545213728963117,0.041172338956928,0.041172338956928,0.19361341827272,0.0545213728963117,0.0545213728963117,0.078342403747824,0.041172338956928,0.041172338956928,0.0545213728963117,0.041172338956928,0.0749632197522059,0.041172338956928,0.261364164595575,0.0322586368373393,0.107359912685637,0.0322586368373393,0.041172338956928,0.0220824020542819,0.47553108355459,0.0262176875118606,0.0322586368373393,0.107359912685637,0.0322586368373393,0.0545213728963117,0.0262176875118606,0.0545213728963117,0.0322586368373393,0.041172338956928,0.0545213728963117,0.041172338956928,0.041172338956928,0.041172338956928,0.041172338956928,0.041172338956928,0.0322586368373393,0.0545213728963117,0.0262176875118606,0.0545213728963117,0.0262176875118606,0.107359912685637,0.0,0.0,0.0322586368373393,0.107359912685637,0.041172338956928,0.0545213728963117,0.0749632197522059,0.0322586368373393,0.0322586368373393,0.0545213728963117,0.041172338956928,0.0749632197522059,0.041172338956928,0.0,0.0545213728963117,0.041172338956928,0.0322586368373393,0.0,0.0545213728963117,0.0322586368373393,0.041172338956928,0.0749632197522059,0.0545213728963117,0.041172338956928,0.0545213728963117,0.0749632197522059,0.0322586368373393,0.0545213728963117,0.0322586368373393,0.0322586368373393,0.0322586368373393,0.0749632197522059,0.107359912685637,0.0322586368373393,0.041172338956928,0.0545213728963117,0.0322586368373393,0.041172338956928,0.0322586368373393,0.0545213728963117,0.0262176875118606,0.041172338956928,0.0322586368373393,0.041172338956928,0.0545213728963117,0.0,1.0,0.0322586368373393,0.0545213728963117,0.041172338956928,0.0262176875118606,0.041172338956928,0.041172338956928,0.0220824020542819,0.041172338956928,0.0192321645820291,0.238224860376036,0.0322586368373393,0.0322586368373393,0.0545213728963117,0.222127095387026,0.163074998260921,0.0749632197522059,0.0322586368373393,0.0545213728963117,0.0545213728963117,0.0545213728963117,0.0545213728963117,0.0,0.0545213728963117,0.0,0.0322586368373393,0.0262176875118606,0.720502458320628,0.078342403747824,0.0,0.041172338956928,0.0262176875118606,0.304051121218363,0.0,0.041172338956928,0.304051121218363,0.041172338956928,0.041172338956928,0.0545213728963117,0.0545213728963117,0.0322586368373393
COPD Exacerbation,0.0476199206365212,0.115648378688694,0.115648378688694,0.093408272931481,0.148976520421494,0.115648378688694,0.0322586368373393,0.0476199206365212,0.093408272931481,0.148976520421494,0.0613432731147329,0.0384622300306098,0.148976520421494,0.115768709113422,1.0,0.0322586368373393,0.148976520421494,0.0476199206365212,0.0613432731147329,0.115768709113422,0.093408272931481,0.093408272931481,0.115648378688694,0.078342403747824,0.093408272931481,0.0280132767810044,0.0476199206365212,0.0746915486002605,0.200063521369343,0.093408272931481,0.078342403747824,0.148976520421494,0.0680322436110106,0.115648378688694,0.093408272931481,0.0613432731147329,0.0823790970344355,0.115648378688694,0.0680322436110106,0.093408272931481,0.093408272931481,0.0680322436110106,0.115648378688694,0.148976520421494,0.115648378688694,0.0823790970344355,0.115648378688694,0.0476199206365212,0.0613432731147329,0.274166873716867,0.078342403747824,0.093408272931481,0.0384622300306098,0.351665478053376,0.078342403747824,0.148976520421494,0.115648378688694,0.1252021962253049,0.093408272931481,0.115648378688694,0.115648378688694,0.115648378688694,0.115648378688694,0.115648378688694,0.0680322436110106,0.148976520421494,0.093408272931481,0.0613432731147329,0.0280132767810044,0.0384622300306098,0.078342403747824,0.148976520421494,0.148976520421494,0.549999174998487,0.148976520421494,0.3725798659459621,0.0613432731147329,0.115648378688694,0.200063521369343,0.023062117726601,0.0613432731147329,0.200063521369343,0.444229946263574,0.0823790970344355,0.078342403747824,0.093408272931481,0.115648378688694,0.093408272931481,0.115648378688694,0.0322586368373393,0.148976520421494,0.115648378688694,0.115648378688694,0.0322586368373393,0.0613432731147329,0.148976520421494,0.0384622300306098,0.115648378688694,0.115648378688694,0.148976520421494,0.115648378688694,0.200063521369343,0.115648378688694,0.275363104390711,0.284037401363075,0.115768709113422,0.093408272931481,0.115648378688694,0.0680322436110106,0.0476199206365212,0.078342403747824,1.0,0.2811525792754519,0.093408272931481,0.0613432731147329,0.3725798659459621,0.0613432731147329,0.093408272931481,0.115648378688694,0.148976520421494,0.115648378688694,0.115648378688694,0.0476199206365212,0.115648378688694,0.0476199206365212,0.093408272931481,0.274166873716867,0.0322586368373393,0.148976520421494,0.0322586368373393,0.115768709113422,0.0,0.0,0.093408272931481,0.115768709113422,0.115648378688694,0.0613432731147329,0.200063521369343,0.093408272931481,0.093408272931481,0.148976520421494,0.115648378688694,0.0823790970344355,0.115648378688694,0.0,0.0613432731147329,0.115648378688694,0.093408272931481,0.0,0.148976520421494,0.093408272931481,0.0476199206365212,0.0823790970344355,0.148976520421494,0.115648378688694,0.148976520421494,0.0823790970344355,0.093408272931481,0.0613432731147329,0.093408272931481,0.093408272931481,0.093408272931481,0.200063521369343,0.115768709113422,0.093408272931481,0.0476199206365212,0.0613432731147329,0.093408272931481,0.115648378688694,0.093408272931481,0.0613432731147329,0.078342403747824,0.115648378688694,0.093408272931481,0.115648378688694,0.0613432731147329,0.0,0.0322586368373393,1.0,0.148976520421494,0.351665478053376,0.078342403747824,0.115648378688694,0.115648378688694,0.206873557102869,0.115648378688694,0.1852691400432169,0.0384622300306098,0.093408272931481,0.093408272931481,0.0613432731147329,0.0250877674831517,0.0280132767810044,0.608356422123105,0.093408272931481,0.148976520421494,0.148976520421494,0.148976520421494,0.148976520421494,0.0,0.148976520421494,0.0,0.093408272931481,0.0322586368373393,0.0476199206365212,0.0384622300306098,0.0,0.115648378688694,0.078342403747824,0.0476199206365212,0.0,0.115648378688694,0.0476199206365212,0.351665478053376,0.115648378688694,0.0613432731147329,0.148976520421494,0.093408272931481
Sickle cell disease,0.0714299464323527,0.1734727270499989,0.1734727270499989,0.148976520421494,0.21027009483971,0.1734727270499989,0.0545213728963117,0.0714299464323527,0.148976520421494,0.21027009483971,0.0865818037575277,0.0613432731147329,0.21027009483971,0.147105639620399,0.148976520421494,0.0545213728963117,0.21027009483971,0.0714299464323527,0.0865818037575277,0.147105639620399,0.148976520421494,0.148976520421494,0.1734727270499989,0.1324090484624709,0.148976520421494,0.0498579928542293,0.0714299464323527,0.117967217290509,0.266881513729481,0.148976520421494,0.1324090484624709,0.21027009483971,0.1210836969317,0.1734727270499989,0.148976520421494,0.0865818037575277,0.1098923880062569,0.1734727270499989,0.1210836969317,0.148976520421494,0.148976520421494,0.1210836969317,0.1734727270499989,0.21027009483971,0.1734727270499989,0.1098923880062569,0.1734727270499989,0.0714299464323527,0.0865818037575277,0.21027009483971,0.1324090484624709,0.148976520421494,0.0613432731147329,0.1734727270499989,0.1324090484624709,0.21027009483971,0.1734727270499989,0.1210836969317,0.148976520421494,0.1734727270499989,0.1734727270499989,0.1734727270499989,0.1734727270499989,0.1734727270499989,0.1210836969317,0.21027009483971,0.148976520421494,0.0865818037575277,0.0498579928542293,0.0613432731147329,0.1324090484624709,0.21027009483971,0.21027009483971,0.1734727270499989,0.21027009483971,0.1324090484624709,0.0865818037575277,0.1734727270499989,0.266881513729481,0.0444245555713213,0.0865818037575277,0.266881513729481,0.148976520421494,0.1098923880062569,0.1324090484624709,0.148976520421494,0.1734727270499989,0.148976520421494,0.1734727270499989,0.0545213728963117,0.21027009483971,0.1734727270499989,0.1734727270499989,0.0545213728963117,0.0865818037575277,0.21027009483971,0.0613432731147329,0.1734727270499989,0.1734727270499989,0.21027009483971,0.1734727270499989,0.266881513729481,0.1734727270499989,0.32866873393231,0.148976520421494,0.147105639620399,0.148976520421494,0.1734727270499989,0.1210836969317,0.0714299464323527,0.1324090484624709,0.148976520421494,0.357256553363825,0.148976520421494,0.0865818037575277,0.1324090484624709,0.0865818037575277,0.148976520421494,0.1734727270499989,0.21027009483971,0.1734727270499989,0.1734727270499989,0.0714299464323527,0.1734727270499989,0.0714299464323527,0.148976520421494,0.21027009483971,0.0545213728963117,0.21027009483971,0.0545213728963117,0.147105639620399,0.0,0.0,0.148976520421494,0.147105639620399,0.1734727270499989,0.0865818037575277,0.266881513729481,0.148976520421494,0.148976520421494,0.21027009483971,0.1734727270499989,0.1098923880062569,0.1734727270499989,0.0,0.0865818037575277,0.1734727270499989,0.148976520421494,0.0,0.21027009483971,0.148976520421494,0.0714299464323527,0.1098923880062569,0.21027009483971,0.1734727270499989,0.21027009483971,0.1098923880062569,0.148976520421494,0.0865818037575277,0.148976520421494,0.148976520421494,0.148976520421494,0.266881513729481,0.147105639620399,0.148976520421494,0.0714299464323527,0.0865818037575277,0.148976520421494,0.1734727270499989,0.148976520421494,0.0865818037575277,0.1324090484624709,0.1734727270499989,0.148976520421494,0.1734727270499989,0.0865818037575277,0.0,0.0545213728963117,0.148976520421494,1.0,0.1734727270499989,0.1324090484624709,0.1734727270499989,0.1734727270499989,0.1210836969317,0.1734727270499989,0.113285175146291,0.0613432731147329,0.148976520421494,0.148976520421494,0.0865818037575277,0.0466468368249435,0.0498579928542293,0.266881513729481,0.148976520421494,0.21027009483971,0.21027009483971,0.21027009483971,0.21027009483971,0.0,0.21027009483971,0.0,0.148976520421494,0.0545213728963117,0.0714299464323527,0.0613432731147329,0.0,0.1734727270499989,0.1324090484624709,0.0714299464323527,0.0,0.3192481279323519,0.0714299464323527,0.1734727270499989,0.1734727270499989,0.0865818037575277,0.21027009483971,0.148976520421494
Protracted bacterial bronchitis,0.0571439257166366,0.138778105311832,0.138778105311832,0.115648378688694,0.1734727270499989,0.138778105311832,0.041172338956928,0.0571439257166366,0.115648378688694,0.1734727270499989,0.0714299464323527,0.0476199206365212,0.1734727270499989,0.128249502550101,0.351665478053376,0.041172338956928,0.1734727270499989,0.0571439257166366,0.0714299464323527,0.128249502550101,0.115648378688694,0.115648378688694,0.138778105311832,0.0999899660382537,0.115648378688694,0.0367619429090039,0.0571439257166366,0.0921133696066727,0.226732089065557,0.115648378688694,0.0999899660382537,0.1734727270499989,0.0892790042075809,0.138778105311832,0.115648378688694,0.0714299464323527,0.0933602719681705,0.138778105311832,0.0892790042075809,0.115648378688694,0.115648378688694,0.0892790042075809,0.138778105311832,0.1734727270499989,0.138778105311832,0.0933602719681705,0.138778105311832,0.0571439257166366,0.0714299464323527,0.3192481279323519,0.0999899660382537,0.115648378688694,0.0476199206365212,0.659999251998354,0.0999899660382537,0.1734727270499989,0.138778105311832,0.164303377491262,0.115648378688694,0.138778105311832,0.138778105311832,0.138778105311832,0.138778105311832,0.138778105311832,0.0892790042075809,0.1734727270499989,0.115648378688694,0.0714299464323527,0.0367619429090039,0.0476199206365212,0.0999899660382537,0.1734727270499989,0.1734727270499989,0.421998728397202,0.1734727270499989,0.304051121218363,0.0714299464323527,0.138778105311832,0.226732089065557,0.0316202950567523,0.0714299464323527,0.226732089065557,0.351665478053376,0.0933602719681705,0.0999899660382537,0.115648378688694,0.138778105311832,0.115648378688694,0.138778105311832,0.041172338956928,0.1734727270499989,0.138778105311832,0.138778105311832,0.041172338956928,0.0714299464323527,0.1734727270499989,0.0476199206365212,0.138778105311832,0.138778105311832,0.1734727270499989,0.138778105311832,0.226732089065557,0.138778105311832,0.296376456737466,0.549999174998487,0.128249502550101,0.115648378688694,0.138778105311832,0.0892790042075809,0.0571439257166366,0.0999899660382537,0.351665478053376,0.311463077621673,0.115648378688694,0.0714299464323527,0.304051121218363,0.0714299464323527,0.115648378688694,0.138778105311832,0.1734727270499989,0.138778105311832,0.138778105311832,0.0571439257166366,0.138778105311832,0.0571439257166366,0.115648378688694,0.3192481279323519,0.041172338956928,0.1734727270499989,0.041172338956928,0.128249502550101,0.0,0.0,0.115648378688694,0.128249502550101,0.138778105311832,0.0714299464323527,0.226732089065557,0.115648378688694,0.115648378688694,0.1734727270499989,0.138778105311832,0.0933602719681705,0.138778105311832,0.0,0.0714299464323527,0.138778105311832,0.115648378688694,0.0,0.1734727270499989,0.115648378688694,0.0571439257166366,0.0933602719681705,0.1734727270499989,0.138778105311832,0.1734727270499989,0.0933602719681705,0.115648378688694,0.0714299464323527,0.115648378688694,0.115648378688694,0.115648378688694,0.226732089065557,0.128249502550101,0.115648378688694,0.0571439257166366,0.0714299464323527,0.115648378688694,0.138778105311832,0.115648378688694,0.0714299464323527,0.0999899660382537,0.138778105311832,0.115648378688694,0.138778105311832,0.0714299464323527,0.0,0.041172338956928,0.351665478053376,0.1734727270499989,1.0,0.0999899660382537,0.138778105311832,0.138778105311832,0.424592019495871,0.138778105311832,0.38950009252372,0.0476199206365212,0.115648378688694,0.115648378688694,0.0714299464323527,0.0337236205744276,0.0367619429090039,0.6894506381789389,0.115648378688694,0.1734727270499989,0.1734727270499989,0.1734727270499989,0.1734727270499989,0.0,0.1734727270499989,0.0,0.115648378688694,0.041172338956928,0.0571439257166366,0.0476199206365212,0.0,0.138778105311832,0.0999899660382537,0.0571439257166366,0.0,0.138778105311832,0.0571439257166366,0.659999251998354,0.138778105311832,0.0714299464323527,0.1734727270499989,0.115648378688694
Reactive arthritis,0.041172338956928,0.0999899660382537,0.0999899660382537,0.078342403747824,0.1324090484624709,0.0999899660382537,0.0262176875118606,0.041172338956928,0.3725798659459621,0.1324090484624709,0.0545213728963117,0.0322586368373393,0.1324090484624709,0.107359912685637,0.078342403747824,0.0262176875118606,0.1324090484624709,0.041172338956928,0.0545213728963117,0.107359912685637,0.078342403747824,0.078342403747824,0.0999899660382537,0.0636715268145186,0.078342403747824,0.0220824020542819,0.041172338956928,0.0628116880447429,0.182053533683929,0.078342403747824,0.0636715268145186,0.1324090484624709,0.053628690703256,0.0999899660382537,0.5645155881887141,0.0545213728963117,0.0749632197522059,0.184015147583005,0.053628690703256,0.078342403747824,0.078342403747824,0.5741321300587039,0.0999899660382537,0.1324090484624709,0.0999899660382537,0.0749632197522059,0.0999899660382537,0.041172338956928,0.0545213728963117,0.1324090484624709,0.0636715268145186,0.078342403747824,0.0322586368373393,0.0999899660382537,0.681647618741698,0.1324090484624709,0.0999899660382537,0.053628690703256,0.078342403747824,0.0999899660382537,0.0999899660382537,0.0999899660382537,0.0999899660382537,0.0999899660382537,0.5741321300587039,0.1324090484624709,0.078342403747824,0.0545213728963117,0.0220824020542819,0.0322586368373393,0.0636715268145186,0.1324090484624709,0.1324090484624709,0.0999899660382537,0.1324090484624709,0.0636715268145186,0.0545213728963117,0.0999899660382537,0.182053533683929,0.0172583557076123,0.0545213728963117,0.182053533683929,0.078342403747824,0.0749632197522059,0.0636715268145186,0.8387094771069309,0.0999899660382537,0.078342403747824,0.0999899660382537,0.0262176875118606,0.1324090484624709,0.0999899660382537,0.0999899660382537,0.0262176875118606,0.0545213728963117,0.1324090484624709,0.0322586368373393,0.0999899660382537,0.0999899660382537,0.1324090484624709,0.0999899660382537,0.182053533683929,0.0999899660382537,0.261364164595575,0.078342403747824,0.107359912685637,0.078342403747824,0.0999899660382537,0.053628690703256,0.041172338956928,0.681647618741698,0.078342403747824,0.260731216522262,0.078342403747824,0.0545213728963117,0.0636715268145186,0.0545213728963117,0.078342403747824,0.0999899660382537,0.1324090484624709,0.0999899660382537,0.0999899660382537,0.041172338956928,0.0999899660382537,0.041172338956928,0.078342403747824,0.1324090484624709,0.0262176875118606,0.1324090484624709,0.0262176875118606,0.107359912685637,0.0,0.0,0.078342403747824,0.107359912685637,0.0999899660382537,0.0545213728963117,0.182053533683929,0.078342403747824,0.078342403747824,0.1324090484624709,0.0999899660382537,0.0749632197522059,0.0999899660382537,0.0,0.0545213728963117,0.0999899660382537,0.078342403747824,0.0,0.1324090484624709,0.078342403747824,0.041172338956928,0.0749632197522059,0.1324090484624709,0.0999899660382537,0.1324090484624709,0.0749632197522059,0.078342403747824,0.0545213728963117,0.078342403747824,0.078342403747824,0.078342403747824,0.182053533683929,0.107359912685637,0.078342403747824,0.041172338956928,0.0545213728963117,0.8387094771069309,0.0999899660382537,0.078342403747824,0.0545213728963117,0.0636715268145186,0.0999899660382537,0.078342403747824,0.0999899660382537,0.0545213728963117,0.0,0.0262176875118606,0.078342403747824,0.1324090484624709,0.0999899660382537,1.0,0.0999899660382537,0.0999899660382537,0.053628690703256,0.0999899660382537,0.0467066854134993,0.0322586368373393,0.078342403747824,0.078342403747824,0.0545213728963117,0.0192321645820291,0.0220824020542819,0.182053533683929,0.078342403747824,0.1324090484624709,0.1324090484624709,0.1324090484624709,0.1324090484624709,0.0,0.1324090484624709,0.0,0.078342403747824,0.0262176875118606,0.041172338956928,0.0322586368373393,0.0,0.0999899660382537,0.681647618741698,0.041172338956928,0.0,0.0999899660382537,0.041172338956928,0.0999899660382537,0.0999899660382537,0.0545213728963117,0.1324090484624709,0.078342403747824
Seminal hyperviscosity,0.0571439257166366,0.138778105311832,0.138778105311832,0.115648378688694,0.1734727270499989,0.138778105311832,0.041172338956928,0.0571439257166366,0.115648378688694,0.1734727270499989,0.0714299464323527,0.0476199206365212,0.1734727270499989,0.128249502550101,0.115648378688694,0.041172338956928,0.1734727270499989,0.0571439257166366,0.0714299464323527,0.128249502550101,0.115648378688694,0.115648378688694,0.138778105311832,0.0999899660382537,0.115648378688694,0.0367619429090039,0.0571439257166366,0.0921133696066727,0.226732089065557,0.115648378688694,0.0999899660382537,0.1734727270499989,0.0892790042075809,0.138778105311832,0.115648378688694,0.0714299464323527,0.0933602719681705,0.138778105311832,0.0892790042075809,0.115648378688694,0.115648378688694,0.0892790042075809,0.138778105311832,0.1734727270499989,0.138778105311832,0.0933602719681705,0.138778105311832,0.0571439257166366,0.0714299464323527,0.1734727270499989,0.0999899660382537,0.212831890191799,0.0476199206365212,0.138778105311832,0.0999899660382537,0.1734727270499989,0.138778105311832,0.0892790042075809,0.115648378688694,0.138778105311832,0.138778105311832,0.138778105311832,0.138778105311832,0.138778105311832,0.0892790042075809,0.3192481279323519,0.212831890191799,0.0714299464323527,0.0367619429090039,0.0476199206365212,0.0999899660382537,0.1734727270499989,0.1734727270499989,0.138778105311832,0.1734727270499989,0.0999899660382537,0.0714299464323527,0.138778105311832,0.226732089065557,0.0316202950567523,0.0714299464323527,0.226732089065557,0.115648378688694,0.0933602719681705,0.0999899660382537,0.115648378688694,0.138778105311832,0.115648378688694,0.138778105311832,0.041172338956928,0.1734727270499989,0.138778105311832,0.138778105311832,0.041172338956928,0.0714299464323527,0.1734727270499989,0.0476199206365212,0.138778105311832,0.138778105311832,0.1734727270499989,0.138778105311832,0.226732089065557,0.138778105311832,0.296376456737466,0.115648378688694,0.128249502550101,0.212831890191799,0.138778105311832,0.0892790042075809,0.0571439257166366,0.0999899660382537,0.115648378688694,0.311463077621673,0.115648378688694,0.0714299464323527,0.0999899660382537,0.0714299464323527,0.115648378688694,0.421998728397202,0.1734727270499989,0.138778105311832,0.138778105311832,0.0571439257166366,0.138778105311832,0.0571439257166366,0.115648378688694,0.1734727270499989,0.041172338956928,0.1734727270499989,0.041172338956928,0.128249502550101,0.0,0.0,0.115648378688694,0.128249502550101,0.138778105311832,0.0714299464323527,0.226732089065557,0.115648378688694,0.115648378688694,0.1734727270499989,0.138778105311832,0.0933602719681705,0.138778105311832,0.0,0.0714299464323527,0.138778105311832,0.212831890191799,0.0,0.3192481279323519,0.351665478053376,0.0571439257166366,0.0933602719681705,0.1734727270499989,0.255398361876396,0.1734727270499989,0.0933602719681705,0.115648378688694,0.0714299464323527,0.115648378688694,0.115648378688694,0.115648378688694,0.226732089065557,0.128249502550101,0.115648378688694,0.0571439257166366,0.0714299464323527,0.115648378688694,0.138778105311832,0.115648378688694,0.0714299464323527,0.0999899660382537,0.138778105311832,0.115648378688694,0.421998728397202,0.0714299464323527,0.0,0.041172338956928,0.115648378688694,0.1734727270499989,0.138778105311832,0.0999899660382537,1.0,0.421998728397202,0.0892790042075809,0.138778105311832,0.0819002213950383,0.0476199206365212,0.115648378688694,0.115648378688694,0.0714299464323527,0.0337236205744276,0.0367619429090039,0.226732089065557,0.115648378688694,0.1734727270499989,0.1734727270499989,0.3192481279323519,0.1734727270499989,0.0,0.1734727270499989,0.0,0.212831890191799,0.041172338956928,0.0571439257166366,0.0476199206365212,0.0,0.138778105311832,0.0999899660382537,0.0571439257166366,0.0,0.138778105311832,0.0571439257166366,0.138778105311832,0.138778105311832,0.0714299464323527,0.1734727270499989,0.115648378688694
Oligoasthenoteratozoospermia,0.0571439257166366,0.138778105311832,0.138778105311832,0.115648378688694,0.1734727270499989,0.138778105311832,0.041172338956928,0.0571439257166366,0.115648378688694,0.1734727270499989,0.0714299464323527,0.0476199206365212,0.1734727270499989,0.128249502550101,0.115648378688694,0.041172338956928,0.1734727270499989,0.0571439257166366,0.0714299464323527,0.128249502550101,0.115648378688694,0.115648378688694,0.138778105311832,0.0999899660382537,0.115648378688694,0.0367619429090039,0.0571439257166366,0.0921133696066727,0.226732089065557,0.115648378688694,0.0999899660382537,0.1734727270499989,0.0892790042075809,0.138778105311832,0.115648378688694,0.0714299464323527,0.0933602719681705,0.138778105311832,0.0892790042075809,0.115648378688694,0.115648378688694,0.0892790042075809,0.138778105311832,0.1734727270499989,0.138778105311832,0.0933602719681705,0.138778105311832,0.0571439257166366,0.0714299464323527,0.1734727270499989,0.0999899660382537,0.212831890191799,0.0476199206365212,0.138778105311832,0.0999899660382537,0.1734727270499989,0.138778105311832,0.0892790042075809,0.115648378688694,0.138778105311832,0.138778105311832,0.138778105311832,0.138778105311832,0.138778105311832,0.0892790042075809,0.3192481279323519,0.212831890191799,0.0714299464323527,0.0367619429090039,0.0476199206365212,0.0999899660382537,0.1734727270499989,0.1734727270499989,0.138778105311832,0.1734727270499989,0.0999899660382537,0.0714299464323527,0.138778105311832,0.226732089065557,0.0316202950567523,0.0714299464323527,0.226732089065557,0.115648378688694,0.0933602719681705,0.0999899660382537,0.115648378688694,0.138778105311832,0.115648378688694,0.138778105311832,0.041172338956928,0.1734727270499989,0.138778105311832,0.138778105311832,0.041172338956928,0.0714299464323527,0.1734727270499989,0.0476199206365212,0.138778105311832,0.138778105311832,0.1734727270499989,0.138778105311832,0.226732089065557,0.138778105311832,0.296376456737466,0.115648378688694,0.128249502550101,0.212831890191799,0.138778105311832,0.0892790042075809,0.0571439257166366,0.0999899660382537,0.115648378688694,0.311463077621673,0.115648378688694,0.0714299464323527,0.0999899660382537,0.0714299464323527,0.115648378688694,0.421998728397202,0.1734727270499989,0.138778105311832,0.138778105311832,0.0571439257166366,0.138778105311832,0.0571439257166366,0.115648378688694,0.1734727270499989,0.041172338956928,0.1734727270499989,0.041172338956928,0.128249502550101,0.0,0.0,0.115648378688694,0.128249502550101,0.138778105311832,0.0714299464323527,0.226732089065557,0.115648378688694,0.115648378688694,0.1734727270499989,0.138778105311832,0.0933602719681705,0.138778105311832,0.0,0.0714299464323527,0.138778105311832,0.212831890191799,0.0,0.3192481279323519,0.549999174998487,0.0571439257166366,0.0933602719681705,0.1734727270499989,0.255398361876396,0.1734727270499989,0.0933602719681705,0.115648378688694,0.0714299464323527,0.115648378688694,0.115648378688694,0.115648378688694,0.226732089065557,0.128249502550101,0.115648378688694,0.0571439257166366,0.0714299464323527,0.115648378688694,0.138778105311832,0.115648378688694,0.0714299464323527,0.0999899660382537,0.138778105311832,0.115648378688694,0.659999251998354,0.0714299464323527,0.0,0.041172338956928,0.115648378688694,0.1734727270499989,0.138778105311832,0.0999899660382537,0.421998728397202,1.0,0.0892790042075809,0.138778105311832,0.0819002213950383,0.0476199206365212,0.115648378688694,0.115648378688694,0.0714299464323527,0.0337236205744276,0.0367619429090039,0.226732089065557,0.115648378688694,0.1734727270499989,0.1734727270499989,0.3192481279323519,0.1734727270499989,0.0,0.1734727270499989,0.0,0.212831890191799,0.041172338956928,0.0571439257166366,0.0476199206365212,0.0,0.138778105311832,0.0999899660382537,0.0571439257166366,0.0,0.138778105311832,0.0571439257166366,0.138778105311832,0.138778105311832,0.0714299464323527,0.1734727270499989,0.115648378688694
Allergic asthma,0.0367619429090039,0.0892790042075809,0.0892790042075809,0.0680322436110106,0.1210836969317,0.0892790042075809,0.0220824020542819,0.0367619429090039,0.0680322436110106,0.1210836969317,0.0498579928542293,0.0280132767810044,0.1210836969317,0.1016266783579799,0.206873557102869,0.0220824020542819,0.1210836969317,0.0367619429090039,0.0498579928542293,0.1016266783579799,0.0680322436110106,0.0680322436110106,0.0892790042075809,0.053628690703256,0.0680322436110106,0.0180216412275933,0.0367619429090039,0.0546452272290825,0.169754473731143,0.0680322436110106,0.053628690703256,0.1210836969317,0.0437668429812979,0.0892790042075809,0.0680322436110106,0.0498579928542293,0.0698989009481177,0.0892790042075809,0.0437668429812979,0.0680322436110106,0.0680322436110106,0.0437668429812979,0.0892790042075809,0.1210836969317,0.0892790042075809,0.0698989009481177,0.0892790042075809,0.0367619429090039,0.0498579928542293,0.222834702756658,0.053628690703256,0.0680322436110106,0.0280132767810044,0.6433219707602479,0.053628690703256,0.1210836969317,0.0892790042075809,0.0805457026294476,0.0680322436110106,0.0892790042075809,0.0892790042075809,0.0892790042075809,0.0892790042075809,0.0892790042075809,0.0437668429812979,0.1210836969317,0.0680322436110106,0.0498579928542293,0.0180216412275933,0.0280132767810044,0.053628690703256,0.1210836969317,0.1210836969317,0.271481053610807,0.1210836969317,0.163074998260921,0.0498579928542293,0.0892790042075809,0.169754473731143,0.013283683417403,0.0498579928542293,0.169754473731143,0.206873557102869,0.0698989009481177,0.053628690703256,0.0680322436110106,0.0892790042075809,0.0680322436110106,0.0892790042075809,0.0220824020542819,0.1210836969317,0.0892790042075809,0.0892790042075809,0.0220824020542819,0.0498579928542293,0.1210836969317,0.0280132767810044,0.0892790042075809,0.0892790042075809,0.1210836969317,0.0892790042075809,0.169754473731143,0.0892790042075809,0.251891645753317,0.728332100315302,0.1016266783579799,0.0680322436110106,0.0892790042075809,0.0437668429812979,0.0367619429090039,0.053628690703256,0.206873557102869,0.2468076474408089,0.0680322436110106,0.0498579928542293,0.163074998260921,0.0498579928542293,0.0680322436110106,0.0892790042075809,0.1210836969317,0.0892790042075809,0.0892790042075809,0.0367619429090039,0.0892790042075809,0.0367619429090039,0.0680322436110106,0.222834702756658,0.0220824020542819,0.1210836969317,0.0220824020542819,0.1016266783579799,0.0,0.0,0.0680322436110106,0.1016266783579799,0.0892790042075809,0.0498579928542293,0.169754473731143,0.0680322436110106,0.0680322436110106,0.1210836969317,0.0892790042075809,0.0698989009481177,0.0892790042075809,0.0,0.0498579928542293,0.0892790042075809,0.0680322436110106,0.0,0.1210836969317,0.0680322436110106,0.0367619429090039,0.0698989009481177,0.1210836969317,0.0892790042075809,0.1210836969317,0.0698989009481177,0.0680322436110106,0.0498579928542293,0.0680322436110106,0.0680322436110106,0.0680322436110106,0.169754473731143,0.1016266783579799,0.0680322436110106,0.0367619429090039,0.0498579928542293,0.0680322436110106,0.0892790042075809,0.0680322436110106,0.0498579928542293,0.053628690703256,0.0892790042075809,0.0680322436110106,0.0892790042075809,0.0498579928542293,0.0,0.0220824020542819,0.206873557102869,0.1210836969317,0.424592019495871,0.053628690703256,0.0892790042075809,0.0892790042075809,1.0,0.0892790042075809,0.395774731323091,0.0280132767810044,0.0680322436110106,0.0680322436110106,0.0498579928542293,0.0152223787564515,0.0180216412275933,0.516192175223271,0.0680322436110106,0.1210836969317,0.1210836969317,0.1210836969317,0.1210836969317,0.0,0.1210836969317,0.0,0.0680322436110106,0.0220824020542819,0.0367619429090039,0.0280132767810044,0.0,0.0892790042075809,0.053628690703256,0.0367619429090039,0.0,0.0892790042075809,0.0367619429090039,0.424592019495871,0.0892790042075809,0.0498579928542293,0.1210836969317,0.0680322436110106
Budd-Chiari syndrome,0.0571439257166366,0.138778105311832,0.138778105311832,0.115648378688694,0.1734727270499989,0.138778105311832,0.041172338956928,0.0571439257166366,0.115648378688694,0.1734727270499989,0.0714299464323527,0.0476199206365212,0.1734727270499989,0.128249502550101,0.115648378688694,0.041172338956928,0.1734727270499989,0.0571439257166366,0.0714299464323527,0.128249502550101,0.115648378688694,0.115648378688694,0.138778105311832,0.304051121218363,0.115648378688694,0.0367619429090039,0.0571439257166366,0.0921133696066727,0.226732089065557,0.115648378688694,0.0999899660382537,0.1734727270499989,0.0892790042075809,0.138778105311832,0.115648378688694,0.0714299464323527,0.0933602719681705,0.138778105311832,0.0892790042075809,0.351665478053376,0.115648378688694,0.0892790042075809,0.421998728397202,0.1734727270499989,0.138778105311832,0.0933602719681705,0.138778105311832,0.0571439257166366,0.0714299464323527,0.1734727270499989,0.0999899660382537,0.115648378688694,0.0476199206365212,0.138778105311832,0.0999899660382537,0.1734727270499989,0.138778105311832,0.0892790042075809,0.115648378688694,0.138778105311832,0.255398361876396,0.138778105311832,0.138778105311832,0.421998728397202,0.0892790042075809,0.1734727270499989,0.115648378688694,0.0714299464323527,0.0367619429090039,0.0476199206365212,0.0999899660382537,0.1734727270499989,0.1734727270499989,0.138778105311832,0.1734727270499989,0.0999899660382537,0.0714299464323527,0.421998728397202,0.226732089065557,0.0316202950567523,0.0714299464323527,0.226732089065557,0.115648378688694,0.0933602719681705,0.0999899660382537,0.115648378688694,0.138778105311832,0.351665478053376,0.138778105311832,0.041172338956928,0.1734727270499989,0.138778105311832,0.138778105311832,0.041172338956928,0.0714299464323527,0.1734727270499989,0.0476199206365212,0.421998728397202,0.138778105311832,0.1734727270499989,0.138778105311832,0.226732089065557,0.138778105311832,0.296376456737466,0.115648378688694,0.128249502550101,0.115648378688694,0.138778105311832,0.0892790042075809,0.0571439257166366,0.0999899660382537,0.115648378688694,0.573196756295348,0.115648378688694,0.0714299464323527,0.0999899660382537,0.0714299464323527,0.115648378688694,0.138778105311832,0.1734727270499989,0.138778105311832,0.138778105311832,0.0571439257166366,0.138778105311832,0.0571439257166366,0.115648378688694,0.1734727270499989,0.041172338956928,0.1734727270499989,0.041172338956928,0.128249502550101,0.0,0.0,0.115648378688694,0.128249502550101,0.138778105311832,0.0714299464323527,0.226732089065557,0.115648378688694,0.115648378688694,0.1734727270499989,0.138778105311832,0.0933602719681705,0.138778105311832,0.0,0.0714299464323527,0.138778105311832,0.115648378688694,0.0,0.1734727270499989,0.115648378688694,0.0571439257166366,0.0933602719681705,0.1734727270499989,0.138778105311832,0.1734727270499989,0.0933602719681705,0.351665478053376,0.0714299464323527,0.351665478053376,0.115648378688694,0.115648378688694,0.226732089065557,0.128249502550101,0.115648378688694,0.0571439257166366,0.0714299464323527,0.115648378688694,0.138778105311832,0.115648378688694,0.0714299464323527,0.0999899660382537,0.138778105311832,0.115648378688694,0.138778105311832,0.0714299464323527,0.0,0.041172338956928,0.115648378688694,0.1734727270499989,0.138778105311832,0.0999899660382537,0.138778105311832,0.138778105311832,0.0892790042075809,1.0,0.0819002213950383,0.0476199206365212,0.115648378688694,0.115648378688694,0.0714299464323527,0.0337236205744276,0.0367619429090039,0.226732089065557,0.115648378688694,0.1734727270499989,0.1734727270499989,0.1734727270499989,0.1734727270499989,0.0,0.1734727270499989,0.0,0.115648378688694,0.041172338956928,0.0571439257166366,0.0476199206365212,0.0,0.138778105311832,0.0999899660382537,0.0571439257166366,0.0,0.138778105311832,0.0571439257166366,0.138778105311832,0.138778105311832,0.0714299464323527,0.1734727270499989,0.115648378688694
Atopic wheeze,0.0337236205744276,0.0819002213950383,0.0819002213950383,0.0609274353162256,0.113285175146291,0.0819002213950383,0.0192321645820291,0.0337236205744276,0.0609274353162256,0.113285175146291,0.0466468368249435,0.0250877674831517,0.113285175146291,0.0976858574475728,0.1852691400432169,0.0192321645820291,0.113285175146291,0.0337236205744276,0.0466468368249435,0.0976858574475728,0.0609274353162256,0.0609274353162256,0.0819002213950383,0.0467066854134993,0.0609274353162256,0.0152223787564515,0.0337236205744276,0.0490002445496728,0.161291303605171,0.0609274353162256,0.0467066854134993,0.113285175146291,0.0369686341228109,0.0819002213950383,0.0609274353162256,0.0466468368249435,0.0664140661903645,0.0819002213950383,0.0369686341228109,0.0609274353162256,0.0609274353162256,0.0369686341228109,0.0819002213950383,0.113285175146291,0.0819002213950383,0.0664140661903645,0.0819002213950383,0.0337236205744276,0.0466468368249435,0.208482801319646,0.0467066854134993,0.0609274353162256,0.0250877674831517,0.590152324179741,0.0467066854134993,0.113285175146291,0.0819002213950383,0.0680347132176099,0.0609274353162256,0.0819002213950383,0.0819002213950383,0.0819002213950383,0.0819002213950383,0.0819002213950383,0.0369686341228109,0.113285175146291,0.0609274353162256,0.0466468368249435,0.0152223787564515,0.0250877674831517,0.0467066854134993,0.113285175146291,0.113285175146291,0.249043530364504,0.113285175146291,0.142026451563498,0.0466468368249435,0.0819002213950383,0.161291303605171,0.0105433190523407,0.0466468368249435,0.161291303605171,0.1852691400432169,0.0664140661903645,0.0467066854134993,0.0609274353162256,0.0819002213950383,0.0609274353162256,0.0819002213950383,0.0192321645820291,0.113285175146291,0.0819002213950383,0.0819002213950383,0.0192321645820291,0.0466468368249435,0.113285175146291,0.0250877674831517,0.0819002213950383,0.0819002213950383,0.113285175146291,0.0819002213950383,0.161291303605171,0.0819002213950383,0.245414173127879,0.652270226224164,0.0976858574475728,0.0609274353162256,0.0819002213950383,0.0369686341228109,0.0337236205744276,0.0467066854134993,0.1852691400432169,0.237237082372677,0.0609274353162256,0.0466468368249435,0.142026451563498,0.0466468368249435,0.0609274353162256,0.0819002213950383,0.113285175146291,0.0819002213950383,0.0819002213950383,0.0337236205744276,0.0819002213950383,0.0337236205744276,0.0609274353162256,0.208482801319646,0.0192321645820291,0.113285175146291,0.0192321645820291,0.0976858574475728,0.0,0.0,0.0609274353162256,0.0976858574475728,0.0819002213950383,0.0466468368249435,0.161291303605171,0.0609274353162256,0.0609274353162256,0.113285175146291,0.0819002213950383,0.0664140661903645,0.0819002213950383,0.0,0.0466468368249435,0.0819002213950383,0.0609274353162256,0.0,0.113285175146291,0.0609274353162256,0.0337236205744276,0.0664140661903645,0.113285175146291,0.0819002213950383,0.113285175146291,0.0664140661903645,0.0609274353162256,0.0466468368249435,0.0609274353162256,0.0609274353162256,0.0609274353162256,0.161291303605171,0.0976858574475728,0.0609274353162256,0.0337236205744276,0.0466468368249435,0.0609274353162256,0.0819002213950383,0.0609274353162256,0.0466468368249435,0.0467066854134993,0.0819002213950383,0.0609274353162256,0.0819002213950383,0.0466468368249435,0.0,0.0192321645820291,0.1852691400432169,0.113285175146291,0.38950009252372,0.0467066854134993,0.0819002213950383,0.0819002213950383,0.395774731323091,0.0819002213950383,1.0,0.0250877674831517,0.0609274353162256,0.0609274353162256,0.0466468368249435,0.0124579894676926,0.0152223787564515,0.49045722933001,0.0609274353162256,0.113285175146291,0.113285175146291,0.113285175146291,0.113285175146291,0.0,0.113285175146291,0.0,0.0609274353162256,0.0192321645820291,0.0337236205744276,0.0250877674831517,0.0,0.0819002213950383,0.0467066854134993,0.0337236205744276,0.0,0.0819002213950383,0.0337236205744276,0.38950009252372,0.0819002213950383,0.0466468368249435,0.113285175146291,0.0609274353162256
Prostate cancer,0.0476199206365212,0.0476199206365212,0.0476199206365212,0.0384622300306098,0.0613432731147329,0.0476199206365212,0.0322586368373393,0.0476199206365212,0.0384622300306098,0.0613432731147329,0.0613432731147329,0.284037401363075,0.0613432731147329,0.115768709113422,0.0384622300306098,0.238224860376036,0.0613432731147329,0.0476199206365212,0.0613432731147329,0.115768709113422,0.0384622300306098,0.0384622300306098,0.0476199206365212,0.0322586368373393,0.0384622300306098,0.0280132767810044,0.351665478053376,0.0307553435412837,0.0823790970344355,0.0384622300306098,0.0322586368373393,0.0613432731147329,0.0280132767810044,0.0476199206365212,0.0384622300306098,0.0613432731147329,0.0823790970344355,0.0476199206365212,0.0280132767810044,0.0384622300306098,0.0384622300306098,0.0280132767810044,0.0476199206365212,0.0613432731147329,0.0476199206365212,0.0823790970344355,0.0476199206365212,0.351665478053376,0.0613432731147329,0.0613432731147329,0.0322586368373393,0.0384622300306098,0.444229946263574,0.0476199206365212,0.0322586368373393,0.0613432731147329,0.0476199206365212,0.0280132767810044,0.0384622300306098,0.0476199206365212,0.0476199206365212,0.0476199206365212,0.0476199206365212,0.0476199206365212,0.0280132767810044,0.0613432731147329,0.0384622300306098,0.0613432731147329,0.206873557102869,0.0384622300306098,0.0322586368373393,0.0613432731147329,0.0613432731147329,0.0476199206365212,0.0613432731147329,0.0322586368373393,0.453010235567401,0.0476199206365212,0.0823790970344355,0.170310041403733,0.0613432731147329,0.0823790970344355,0.0384622300306098,0.0823790970344355,0.0322586368373393,0.0384622300306098,0.0476199206365212,0.0384622300306098,0.0476199206365212,0.078342403747824,0.0613432731147329,0.0476199206365212,0.0476199206365212,0.3725798659459621,0.0613432731147329,0.0613432731147329,0.093408272931481,0.0476199206365212,0.0476199206365212,0.0613432731147329,0.0476199206365212,0.0823790970344355,0.0476199206365212,0.275363104390711,0.0384622300306098,0.115768709113422,0.0384622300306098,0.0476199206365212,0.0280132767810044,0.351665478053376,0.0322586368373393,0.0384622300306098,0.115768709113422,0.0384622300306098,0.0613432731147329,0.0322586368373393,0.0613432731147329,0.0384622300306098,0.0476199206365212,0.0613432731147329,0.0476199206365212,0.0476199206365212,0.0476199206365212,0.0476199206365212,0.0476199206365212,0.0384622300306098,0.0613432731147329,0.0322586368373393,0.0613432731147329,0.0322586368373393,0.115768709113422,0.0,0.0,0.0384622300306098,0.115768709113422,0.0476199206365212,0.0613432731147329,0.0823790970344355,0.0384622300306098,0.0384622300306098,0.0613432731147329,0.0476199206365212,0.0823790970344355,0.0476199206365212,0.0,0.0613432731147329,0.0476199206365212,0.0384622300306098,0.0,0.0613432731147329,0.0384622300306098,0.0476199206365212,0.0823790970344355,0.0613432731147329,0.0476199206365212,0.0613432731147329,0.0823790970344355,0.0384622300306098,0.0613432731147329,0.0384622300306098,0.0384622300306098,0.0384622300306098,0.0823790970344355,0.115768709113422,0.0384622300306098,0.0476199206365212,0.0613432731147329,0.0384622300306098,0.0476199206365212,0.0384622300306098,0.0613432731147329,0.0322586368373393,0.0476199206365212,0.0384622300306098,0.0476199206365212,0.0613432731147329,0.0,0.238224860376036,0.0384622300306098,0.0613432731147329,0.0476199206365212,0.0322586368373393,0.0476199206365212,0.0476199206365212,0.0280132767810044,0.0476199206365212,0.0250877674831517,1.0,0.0384622300306098,0.0384622300306098,0.0613432731147329,0.1852691400432169,0.206873557102869,0.0823790970344355,0.0384622300306098,0.0613432731147329,0.0613432731147329,0.0613432731147329,0.0613432731147329,0.0,0.0613432731147329,0.0,0.0384622300306098,0.0322586368373393,0.351665478053376,0.093408272931481,0.0,0.0476199206365212,0.0322586368373393,0.351665478053376,0.0,0.0476199206365212,0.351665478053376,0.0476199206365212,0.0476199206365212,0.0613432731147329,0.0613432731147329,0.0384622300306098
Multiple system atrophy,0.0476199206365212,0.351665478053376,0.115648378688694,0.093408272931481,0.148976520421494,0.115648378688694,0.0322586368373393,0.0476199206365212,0.093408272931481,0.148976520421494,0.0613432731147329,0.0384622300306098,0.148976520421494,0.115768709113422,0.093408272931481,0.0322586368373393,0.148976520421494,0.0476199206365212,0.0613432731147329,0.115768709113422,0.6730764389785729,0.444229946263574,0.115648378688694,0.078342403747824,0.093408272931481,0.0280132767810044,0.0476199206365212,0.13745755582737,0.200063521369343,0.093408272931481,0.078342403747824,0.148976520421494,0.0680322436110106,0.115648378688694,0.093408272931481,0.0613432731147329,0.0823790970344355,0.115648378688694,0.0680322436110106,0.093408272931481,0.093408272931481,0.0680322436110106,0.115648378688694,0.148976520421494,0.115648378688694,0.0823790970344355,0.115648378688694,0.0476199206365212,0.0613432731147329,0.148976520421494,0.078342403747824,0.093408272931481,0.0384622300306098,0.115648378688694,0.078342403747824,0.148976520421494,0.115648378688694,0.0680322436110106,0.171902619932726,0.115648378688694,0.115648378688694,0.115648378688694,0.115648378688694,0.115648378688694,0.0680322436110106,0.148976520421494,0.093408272931481,0.0613432731147329,0.0280132767810044,0.0384622300306098,0.144176356477088,0.148976520421494,0.148976520421494,0.115648378688694,0.148976520421494,0.078342403747824,0.0613432731147329,0.115648378688694,0.200063521369343,0.023062117726601,0.0613432731147329,0.200063521369343,0.093408272931481,0.0823790970344355,0.144176356477088,0.093408272931481,0.115648378688694,0.093408272931481,0.115648378688694,0.0322586368373393,0.148976520421494,0.115648378688694,0.115648378688694,0.0322586368373393,0.0613432731147329,0.148976520421494,0.0384622300306098,0.115648378688694,0.115648378688694,0.148976520421494,0.115648378688694,0.200063521369343,0.115648378688694,0.275363104390711,0.093408272931481,0.115768709113422,0.093408272931481,0.115648378688694,0.0680322436110106,0.0476199206365212,0.078342403747824,0.093408272931481,0.2811525792754519,0.093408272931481,0.0613432731147329,0.078342403747824,0.0613432731147329,0.093408272931481,0.115648378688694,0.148976520421494,0.115648378688694,0.115648378688694,0.0476199206365212,0.115648378688694,0.0476199206365212,0.093408272931481,0.148976520421494,0.0322586368373393,0.148976520421494,0.0322586368373393,0.115768709113422,0.0,0.0,0.093408272931481,0.115768709113422,0.351665478053376,0.0613432731147329,0.200063521369343,0.093408272931481,0.444229946263574,0.148976520421494,0.115648378688694,0.0823790970344355,0.115648378688694,0.0,0.0613432731147329,0.115648378688694,0.093408272931481,0.0,0.148976520421494,0.093408272931481,0.0476199206365212,0.0823790970344355,0.148976520421494,0.115648378688694,0.148976520421494,0.0823790970344355,0.093408272931481,0.0613432731147329,0.093408272931481,0.093408272931481,0.171902619932726,0.200063521369343,0.115768709113422,0.093408272931481,0.0476199206365212,0.0613432731147329,0.093408272931481,0.115648378688694,0.093408272931481,0.0613432731147329,0.078342403747824,0.115648378688694,0.093408272931481,0.115648378688694,0.0613432731147329,0.0,0.0322586368373393,0.093408272931481,0.148976520421494,0.115648378688694,0.078342403747824,0.115648378688694,0.115648378688694,0.0680322436110106,0.115648378688694,0.0609274353162256,0.0384622300306098,1.0,0.093408272931481,0.0613432731147329,0.0250877674831517,0.0280132767810044,0.200063521369343,0.093408272931481,0.148976520421494,0.148976520421494,0.148976520421494,0.148976520421494,0.0,0.148976520421494,0.0,0.093408272931481,0.0322586368373393,0.0476199206365212,0.0384622300306098,0.0,0.115648378688694,0.078342403747824,0.0476199206365212,0.0,0.115648378688694,0.0476199206365212,0.115648378688694,0.115648378688694,0.0613432731147329,0.148976520421494,0.093408272931481
Autoimmune polyendocrine syndrome type 1,0.0476199206365212,0.115648378688694,0.115648378688694,0.093408272931481,0.148976520421494,0.115648378688694,0.0322586368373393,0.0476199206365212,0.093408272931481,0.148976520421494,0.0613432731147329,0.0384622300306098,0.148976520421494,0.115768709113422,0.093408272931481,0.0322586368373393,0.148976520421494,0.0476199206365212,0.0613432731147329,0.115768709113422,0.093408272931481,0.093408272931481,0.115648378688694,0.078342403747824,0.093408272931481,0.0280132767810044,0.0476199206365212,0.0746915486002605,0.200063521369343,0.093408272931481,0.078342403747824,0.148976520421494,0.1252021962253049,0.351665478053376,0.093408272931481,0.0613432731147329,0.0823790970344355,0.115648378688694,0.0680322436110106,0.093408272931481,0.171902619932726,0.0680322436110106,0.115648378688694,0.453010235567401,0.351665478053376,0.0823790970344355,0.115648378688694,0.0476199206365212,0.0613432731147329,0.148976520421494,0.078342403747824,0.093408272931481,0.0384622300306098,0.115648378688694,0.078342403747824,0.148976520421494,0.115648378688694,0.0680322436110106,0.093408272931481,0.115648378688694,0.115648378688694,0.351665478053376,0.115648378688694,0.115648378688694,0.0680322436110106,0.148976520421494,0.093408272931481,0.0613432731147329,0.0280132767810044,0.0384622300306098,0.078342403747824,0.148976520421494,0.148976520421494,0.115648378688694,0.148976520421494,0.078342403747824,0.0613432731147329,0.115648378688694,0.200063521369343,0.023062117726601,0.0613432731147329,0.200063521369343,0.093408272931481,0.0823790970344355,0.078342403747824,0.093408272931481,0.351665478053376,0.093408272931481,0.115648378688694,0.0322586368373393,0.148976520421494,0.115648378688694,0.115648378688694,0.0322586368373393,0.0613432731147329,0.148976520421494,0.0384622300306098,0.115648378688694,0.115648378688694,0.453010235567401,0.115648378688694,0.200063521369343,0.115648378688694,0.275363104390711,0.093408272931481,0.115768709113422,0.093408272931481,0.115648378688694,0.0680322436110106,0.0476199206365212,0.078342403747824,0.093408272931481,0.2811525792754519,0.093408272931481,0.0613432731147329,0.078342403747824,0.0613432731147329,0.093408272931481,0.115648378688694,0.148976520421494,0.115648378688694,0.115648378688694,0.0476199206365212,0.115648378688694,0.0476199206365212,0.171902619932726,0.148976520421494,0.0322586368373393,0.148976520421494,0.0322586368373393,0.115768709113422,0.0,0.0,0.093408272931481,0.115768709113422,0.115648378688694,0.0613432731147329,0.200063521369343,0.093408272931481,0.093408272931481,0.148976520421494,0.115648378688694,0.0823790970344355,0.115648378688694,0.0,0.0613432731147329,0.115648378688694,0.093408272931481,0.0,0.148976520421494,0.093408272931481,0.0476199206365212,0.0823790970344355,0.148976520421494,0.115648378688694,0.148976520421494,0.0823790970344355,0.093408272931481,0.0613432731147329,0.093408272931481,0.284037401363075,0.093408272931481,0.200063521369343,0.115768709113422,0.171902619932726,0.0476199206365212,0.0613432731147329,0.093408272931481,0.115648378688694,0.093408272931481,0.0613432731147329,0.078342403747824,0.115648378688694,0.284037401363075,0.115648378688694,0.0613432731147329,0.0,0.0322586368373393,0.093408272931481,0.148976520421494,0.115648378688694,0.078342403747824,0.115648378688694,0.115648378688694,0.0680322436110106,0.115648378688694,0.0609274353162256,0.0384622300306098,0.093408272931481,1.0,0.0613432731147329,0.0250877674831517,0.0280132767810044,0.200063521369343,0.093408272931481,0.148976520421494,0.148976520421494,0.148976520421494,0.148976520421494,0.0,0.453010235567401,0.0,0.093408272931481,0.0322586368373393,0.0476199206365212,0.0384622300306098,0.0,0.351665478053376,0.078342403747824,0.0476199206365212,0.0,0.115648378688694,0.0476199206365212,0.115648378688694,0.549999174998487,0.0613432731147329,0.148976520421494,0.093408272931481
Attention Deficit Hyperactivity Disorder,0.3192481279323519,0.0714299464323527,0.0714299464323527,0.0613432731147329,0.0865818037575277,0.0714299464323527,0.0545213728963117,0.0714299464323527,0.0613432731147329,0.0865818037575277,0.0865818037575277,0.0613432731147329,0.0865818037575277,0.147105639620399,0.0613432731147329,0.0545213728963117,0.0865818037575277,0.1734727270499989,0.21027009483971,0.147105639620399,0.0613432731147329,0.0613432731147329,0.0714299464323527,0.0545213728963117,0.0613432731147329,0.0498579928542293,0.0714299464323527,0.0485747365313862,0.1098923880062569,0.0613432731147329,0.0545213728963117,0.0865818037575277,0.0498579928542293,0.0714299464323527,0.0613432731147329,0.0865818037575277,0.1098923880062569,0.0714299464323527,0.0498579928542293,0.0613432731147329,0.0613432731147329,0.0498579928542293,0.0714299464323527,0.0865818037575277,0.0714299464323527,0.1098923880062569,0.0714299464323527,0.0714299464323527,0.0865818037575277,0.0865818037575277,0.0545213728963117,0.0613432731147329,0.0613432731147329,0.0714299464323527,0.0545213728963117,0.0865818037575277,0.0714299464323527,0.0498579928542293,0.0613432731147329,0.0714299464323527,0.0714299464323527,0.0714299464323527,0.0714299464323527,0.0714299464323527,0.0498579928542293,0.0865818037575277,0.0613432731147329,0.0865818037575277,0.0498579928542293,0.0613432731147329,0.0545213728963117,0.0865818037575277,0.0865818037575277,0.0714299464323527,0.0865818037575277,0.0545213728963117,0.0865818037575277,0.0714299464323527,0.1098923880062569,0.0444245555713213,0.0865818037575277,0.1098923880062569,0.0613432731147329,0.491151693334087,0.0545213728963117,0.0613432731147329,0.0714299464323527,0.0613432731147329,0.0714299464323527,0.0545213728963117,0.0865818037575277,0.0714299464323527,0.0714299464323527,0.0545213728963117,0.0865818037575277,0.0865818037575277,0.0613432731147329,0.0714299464323527,0.0714299464323527,0.0865818037575277,0.0714299464323527,0.1098923880062569,0.0714299464323527,0.32866873393231,0.0613432731147329,0.147105639620399,0.0613432731147329,0.0714299464323527,0.0498579928542293,0.0714299464323527,0.0545213728963117,0.0613432731147329,0.147105639620399,0.0613432731147329,0.0865818037575277,0.0545213728963117,0.386967653528542,0.0613432731147329,0.0714299464323527,0.0865818037575277,0.0714299464323527,0.0714299464323527,0.0714299464323527,0.0714299464323527,0.527498700621427,0.0613432731147329,0.0865818037575277,0.0545213728963117,0.0865818037575277,0.0545213728963117,0.147105639620399,0.0,0.0,0.0613432731147329,0.147105639620399,0.0714299464323527,0.21027009483971,0.1098923880062569,0.0613432731147329,0.0613432731147329,0.0865818037575277,0.0714299464323527,0.1098923880062569,0.0714299464323527,0.0,0.21027009483971,0.0714299464323527,0.0613432731147329,0.0,0.0865818037575277,0.0613432731147329,0.0714299464323527,0.1098923880062569,0.0865818037575277,0.0714299464323527,0.0865818037575277,0.266881513729481,0.0613432731147329,0.0865818037575277,0.0613432731147329,0.0613432731147329,0.0613432731147329,0.1098923880062569,0.147105639620399,0.0613432731147329,0.0714299464323527,0.0865818037575277,0.0613432731147329,0.0714299464323527,0.0613432731147329,0.386967653528542,0.0545213728963117,0.0714299464323527,0.0613432731147329,0.0714299464323527,0.0865818037575277,0.0,0.0545213728963117,0.0613432731147329,0.0865818037575277,0.0714299464323527,0.0545213728963117,0.0714299464323527,0.0714299464323527,0.0498579928542293,0.0714299464323527,0.0466468368249435,0.0613432731147329,0.0613432731147329,0.0613432731147329,1.0,0.0466468368249435,0.0498579928542293,0.1098923880062569,0.0613432731147329,0.0865818037575277,0.0865818037575277,0.0865818037575277,0.0865818037575277,0.0,0.0865818037575277,0.0,0.0613432731147329,0.0545213728963117,0.0714299464323527,0.0613432731147329,0.0,0.0714299464323527,0.0545213728963117,0.0714299464323527,0.0,0.0714299464323527,0.0714299464323527,0.0714299464323527,0.0714299464323527,0.0865818037575277,0.0865818037575277,0.0613432731147329
Hepatocellular cancer,0.0337236205744276,0.0337236205744276,0.0337236205744276,0.0250877674831517,0.0466468368249435,0.0337236205744276,0.0192321645820291,0.0337236205744276,0.0250877674831517,0.0466468368249435,0.0466468368249435,0.1852691400432169,0.0466468368249435,0.0976858574475728,0.0250877674831517,0.222127095387026,0.0466468368249435,0.0337236205744276,0.0466468368249435,0.0976858574475728,0.0250877674831517,0.0250877674831517,0.0337236205744276,0.0192321645820291,0.0250877674831517,0.0152223787564515,0.38950009252372,0.0201765712851594,0.0664140661903645,0.0250877674831517,0.0192321645820291,0.0466468368249435,0.0152223787564515,0.0337236205744276,0.0250877674831517,0.0466468368249435,0.0664140661903645,0.0337236205744276,0.0152223787564515,0.0250877674831517,0.0250877674831517,0.0152223787564515,0.0337236205744276,0.0466468368249435,0.0337236205744276,0.0664140661903645,0.0337236205744276,0.249043530364504,0.0466468368249435,0.0466468368249435,0.0192321645820291,0.0250877674831517,0.1852691400432169,0.0337236205744276,0.0192321645820291,0.0466468368249435,0.0337236205744276,0.0152223787564515,0.0250877674831517,0.0337236205744276,0.0337236205744276,0.0337236205744276,0.0337236205744276,0.0337236205744276,0.0152223787564515,0.0466468368249435,0.0250877674831517,0.0466468368249435,0.175814987628137,0.0250877674831517,0.0192321645820291,0.0466468368249435,0.0466468368249435,0.0337236205744276,0.0466468368249435,0.0192321645820291,0.344479410138723,0.0337236205744276,0.0664140661903645,0.121772919883573,0.0466468368249435,0.0664140661903645,0.0250877674831517,0.0664140661903645,0.0192321645820291,0.0250877674831517,0.0337236205744276,0.0250877674831517,0.0337236205744276,0.0467066854134993,0.0466468368249435,0.0337236205744276,0.0337236205744276,0.142026451563498,0.0466468368249435,0.0466468368249435,0.0609274353162256,0.0337236205744276,0.0337236205744276,0.0466468368249435,0.0337236205744276,0.0664140661903645,0.0337236205744276,0.245414173127879,0.0250877674831517,0.0976858574475728,0.0250877674831517,0.0337236205744276,0.0152223787564515,0.38950009252372,0.0192321645820291,0.0250877674831517,0.0976858574475728,0.0250877674831517,0.0466468368249435,0.0192321645820291,0.0466468368249435,0.0250877674831517,0.0337236205744276,0.0466468368249435,0.0337236205744276,0.0337236205744276,0.0337236205744276,0.0337236205744276,0.0337236205744276,0.0250877674831517,0.0466468368249435,0.0192321645820291,0.0466468368249435,0.0192321645820291,0.0976858574475728,0.0,0.0,0.0250877674831517,0.0976858574475728,0.0337236205744276,0.0466468368249435,0.0664140661903645,0.0250877674831517,0.0250877674831517,0.0466468368249435,0.0337236205744276,0.0664140661903645,0.0337236205744276,0.0,0.0466468368249435,0.0337236205744276,0.0250877674831517,0.0,0.0466468368249435,0.0250877674831517,0.0337236205744276,0.0664140661903645,0.0466468368249435,0.0337236205744276,0.0466468368249435,0.0664140661903645,0.0250877674831517,0.0466468368249435,0.0250877674831517,0.0250877674831517,0.0250877674831517,0.0664140661903645,0.0976858574475728,0.0250877674831517,0.0337236205744276,0.0466468368249435,0.0250877674831517,0.0337236205744276,0.0250877674831517,0.0466468368249435,0.0192321645820291,0.0337236205744276,0.0250877674831517,0.0337236205744276,0.0466468368249435,0.0,0.222127095387026,0.0250877674831517,0.0466468368249435,0.0337236205744276,0.0192321645820291,0.0337236205744276,0.0337236205744276,0.0152223787564515,0.0337236205744276,0.0124579894676926,0.1852691400432169,0.0250877674831517,0.0250877674831517,0.0466468368249435,1.0,0.11241482621018,0.0664140661903645,0.0250877674831517,0.0466468368249435,0.0466468368249435,0.0466468368249435,0.0466468368249435,0.0,0.0466468368249435,0.0,0.0250877674831517,0.0192321645820291,0.38950009252372,0.0609274353162256,0.0,0.0337236205744276,0.0192321645820291,0.249043530364504,0.0,0.0337236205744276,0.249043530364504,0.0337236205744276,0.0337236205744276,0.0466468368249435,0.0466468368249435,0.0250877674831517
Oral potentially malignant disorder,0.0367619429090039,0.0367619429090039,0.0367619429090039,0.0280132767810044,0.0498579928542293,0.0367619429090039,0.0220824020542819,0.0367619429090039,0.0280132767810044,0.0498579928542293,0.0498579928542293,0.206873557102869,0.0498579928542293,0.1016266783579799,0.0280132767810044,0.163074998260921,0.0498579928542293,0.0367619429090039,0.0498579928542293,0.1016266783579799,0.0280132767810044,0.0280132767810044,0.0367619429090039,0.0220824020542819,0.0280132767810044,0.0180216412275933,0.271481053610807,0.0225009759178575,0.0698989009481177,0.0280132767810044,0.0220824020542819,0.0498579928542293,0.0180216412275933,0.0367619429090039,0.0280132767810044,0.0498579928542293,0.0698989009481177,0.0367619429090039,0.0180216412275933,0.0280132767810044,0.0280132767810044,0.0180216412275933,0.0367619429090039,0.0498579928542293,0.0367619429090039,0.0698989009481177,0.0367619429090039,0.271481053610807,0.0498579928542293,0.0498579928542293,0.0220824020542819,0.0280132767810044,0.206873557102869,0.0367619429090039,0.0220824020542819,0.0498579928542293,0.0367619429090039,0.0180216412275933,0.0280132767810044,0.0367619429090039,0.0367619429090039,0.0367619429090039,0.0367619429090039,0.0367619429090039,0.0180216412275933,0.0498579928542293,0.0280132767810044,0.0498579928542293,0.133086930698233,0.0280132767810044,0.0220824020542819,0.0498579928542293,0.0498579928542293,0.0367619429090039,0.0498579928542293,0.0220824020542819,0.368193282506597,0.0367619429090039,0.0698989009481177,0.0980978720008218,0.0498579928542293,0.0698989009481177,0.0280132767810044,0.0698989009481177,0.0220824020542819,0.0280132767810044,0.0367619429090039,0.0280132767810044,0.0367619429090039,0.053628690703256,0.0498579928542293,0.0367619429090039,0.0367619429090039,0.163074998260921,0.0498579928542293,0.0498579928542293,0.0680322436110106,0.0367619429090039,0.0367619429090039,0.0498579928542293,0.0367619429090039,0.0698989009481177,0.0367619429090039,0.251891645753317,0.0280132767810044,0.1016266783579799,0.0280132767810044,0.0367619429090039,0.0180216412275933,0.271481053610807,0.0220824020542819,0.0280132767810044,0.1016266783579799,0.0280132767810044,0.0498579928542293,0.0220824020542819,0.0498579928542293,0.0280132767810044,0.0367619429090039,0.0498579928542293,0.0367619429090039,0.0367619429090039,0.0367619429090039,0.0367619429090039,0.0367619429090039,0.0280132767810044,0.0498579928542293,0.0220824020542819,0.0498579928542293,0.0220824020542819,0.1016266783579799,0.0,0.0,0.0280132767810044,0.1016266783579799,0.0367619429090039,0.0498579928542293,0.0698989009481177,0.0280132767810044,0.0280132767810044,0.0498579928542293,0.0367619429090039,0.0698989009481177,0.0367619429090039,0.0,0.0498579928542293,0.0367619429090039,0.0280132767810044,0.0,0.0498579928542293,0.0280132767810044,0.0367619429090039,0.0698989009481177,0.0498579928542293,0.0367619429090039,0.0498579928542293,0.0698989009481177,0.0280132767810044,0.0498579928542293,0.0280132767810044,0.0280132767810044,0.0280132767810044,0.0698989009481177,0.1016266783579799,0.0280132767810044,0.0367619429090039,0.0498579928542293,0.0280132767810044,0.0367619429090039,0.0280132767810044,0.0498579928542293,0.0220824020542819,0.0367619429090039,0.0280132767810044,0.0367619429090039,0.0498579928542293,0.0,0.163074998260921,0.0280132767810044,0.0498579928542293,0.0367619429090039,0.0220824020542819,0.0367619429090039,0.0367619429090039,0.0180216412275933,0.0367619429090039,0.0152223787564515,0.206873557102869,0.0280132767810044,0.0280132767810044,0.0498579928542293,0.11241482621018,1.0,0.0698989009481177,0.0280132767810044,0.0498579928542293,0.0498579928542293,0.0498579928542293,0.0498579928542293,0.0,0.0498579928542293,0.0,0.0280132767810044,0.0220824020542819,0.271481053610807,0.0680322436110106,0.0,0.0367619429090039,0.0220824020542819,0.271481053610807,0.0,0.0367619429090039,0.271481053610807,0.0367619429090039,0.0367619429090039,0.0498579928542293,0.0498579928542293,0.0280132767810044
Viral respiratory tract infection,0.0933602719681705,0.226732089065557,0.226732089065557,0.200063521369343,0.266881513729481,0.226732089065557,0.0749632197522059,0.0933602719681705,0.200063521369343,0.266881513729481,0.1098923880062569,0.0823790970344355,0.266881513729481,0.1763709506669489,0.608356422123105,0.0749632197522059,0.266881513729481,0.0933602719681705,0.1098923880062569,0.1763709506669489,0.200063521369343,0.200063521369343,0.226732089065557,0.182053533683929,0.200063521369343,0.0698989009481177,0.0933602719681705,0.157017181769811,0.328859060402685,0.200063521369343,0.182053533683929,0.266881513729481,0.169754473731143,0.226732089065557,0.200063521369343,0.1098923880062569,0.135412554283458,0.226732089065557,0.169754473731143,0.200063521369343,0.200063521369343,0.169754473731143,0.226732089065557,0.266881513729481,0.226732089065557,0.135412554283458,0.226732089065557,0.0933602719681705,0.1098923880062569,0.491151693334087,0.182053533683929,0.200063521369343,0.0823790970344355,0.6894506381789389,0.182053533683929,0.266881513729481,0.226732089065557,0.312405291992608,0.200063521369343,0.226732089065557,0.226732089065557,0.226732089065557,0.226732089065557,0.226732089065557,0.169754473731143,0.266881513729481,0.200063521369343,0.1098923880062569,0.0698989009481177,0.0823790970344355,0.182053533683929,0.266881513729481,0.266881513729481,0.6894506381789389,0.266881513729481,0.5535913575286819,0.1098923880062569,0.226732089065557,0.328859060402685,0.0640035322631421,0.1098923880062569,0.328859060402685,0.608356422123105,0.135412554283458,0.182053533683929,0.200063521369343,0.226732089065557,0.200063521369343,0.226732089065557,0.0749632197522059,0.266881513729481,0.226732089065557,0.226732089065557,0.0749632197522059,0.1098923880062569,0.266881513729481,0.0823790970344355,0.226732089065557,0.226732089065557,0.266881513729481,0.226732089065557,0.328859060402685,0.226732089065557,0.380130200962355,0.608356422123105,0.1763709506669489,0.200063521369343,0.226732089065557,0.169754473731143,0.0933602719681705,0.182053533683929,0.608356422123105,0.4283294516197329,0.200063521369343,0.1098923880062569,0.5535913575286819,0.1098923880062569,0.200063521369343,0.226732089065557,0.266881513729481,0.226732089065557,0.226732089065557,0.0933602719681705,0.226732089065557,0.0933602719681705,0.200063521369343,0.491151693334087,0.0749632197522059,0.266881513729481,0.0749632197522059,0.1763709506669489,0.0,0.0,0.200063521369343,0.1763709506669489,0.226732089065557,0.1098923880062569,0.328859060402685,0.200063521369343,0.200063521369343,0.266881513729481,0.226732089065557,0.135412554283458,0.226732089065557,0.0,0.1098923880062569,0.226732089065557,0.200063521369343,0.0,0.266881513729481,0.200063521369343,0.0933602719681705,0.135412554283458,0.266881513729481,0.226732089065557,0.266881513729481,0.135412554283458,0.200063521369343,0.1098923880062569,0.200063521369343,0.200063521369343,0.200063521369343,0.328859060402685,0.1763709506669489,0.200063521369343,0.0933602719681705,0.1098923880062569,0.200063521369343,0.226732089065557,0.200063521369343,0.1098923880062569,0.182053533683929,0.226732089065557,0.200063521369343,0.226732089065557,0.1098923880062569,0.0,0.0749632197522059,0.608356422123105,0.266881513729481,0.6894506381789389,0.182053533683929,0.226732089065557,0.226732089065557,0.516192175223271,0.226732089065557,0.49045722933001,0.0823790970344355,0.200063521369343,0.200063521369343,0.1098923880062569,0.0664140661903645,0.0698989009481177,1.0,0.200063521369343,0.266881513729481,0.266881513729481,0.266881513729481,0.266881513729481,0.0,0.266881513729481,0.0,0.200063521369343,0.0749632197522059,0.0933602719681705,0.0823790970344355,0.0,0.226732089065557,0.182053533683929,0.0933602719681705,0.0,0.226732089065557,0.0933602719681705,0.6894506381789389,0.226732089065557,0.1098923880062569,0.266881513729481,0.200063521369343
Hirschsprung's disease,0.0476199206365212,0.115648378688694,0.351665478053376,0.284037401363075,0.453010235567401,0.212831890191799,0.0322586368373393,0.0476199206365212,0.093408272931481,0.453010235567401,0.0613432731147329,0.0384622300306098,0.148976520421494,0.115768709113422,0.093408272931481,0.0322586368373393,0.453010235567401,0.0476199206365212,0.0613432731147329,0.115768709113422,0.093408272931481,0.093408272931481,0.351665478053376,0.078342403747824,0.171902619932726,0.0280132767810044,0.0476199206365212,0.0746915486002605,0.368184127562069,0.171902619932726,0.078342403747824,0.453010235567401,0.0680322436110106,0.115648378688694,0.093408272931481,0.0613432731147329,0.0823790970344355,0.115648378688694,0.1252021962253049,0.093408272931481,0.093408272931481,0.0680322436110106,0.115648378688694,0.148976520421494,0.115648378688694,0.0823790970344355,0.212831890191799,0.0476199206365212,0.0613432731147329,0.148976520421494,0.078342403747824,0.093408272931481,0.0384622300306098,0.115648378688694,0.078342403747824,0.274166873716867,0.115648378688694,0.0680322436110106,0.093408272931481,0.115648378688694,0.115648378688694,0.115648378688694,0.115648378688694,0.115648378688694,0.0680322436110106,0.148976520421494,0.093408272931481,0.0613432731147329,0.0280132767810044,0.0384622300306098,0.078342403747824,0.274166873716867,0.274166873716867,0.115648378688694,0.274166873716867,0.078342403747824,0.0613432731147329,0.115648378688694,0.368184127562069,0.023062117726601,0.0613432731147329,0.368184127562069,0.093408272931481,0.0823790970344355,0.078342403747824,0.093408272931481,0.115648378688694,0.093408272931481,0.212831890191799,0.0322586368373393,0.274166873716867,0.212831890191799,0.351665478053376,0.0322586368373393,0.0613432731147329,0.148976520421494,0.0384622300306098,0.115648378688694,0.115648378688694,0.148976520421494,0.351665478053376,0.368184127562069,0.351665478053376,0.275363104390711,0.093408272931481,0.115768709113422,0.093408272931481,0.212831890191799,0.1252021962253049,0.0476199206365212,0.078342403747824,0.093408272931481,0.2811525792754519,0.284037401363075,0.0613432731147329,0.078342403747824,0.0613432731147329,0.171902619932726,0.115648378688694,0.148976520421494,0.212831890191799,0.115648378688694,0.0476199206365212,0.212831890191799,0.0476199206365212,0.093408272931481,0.148976520421494,0.0322586368373393,0.148976520421494,0.0322586368373393,0.115768709113422,0.0,0.0,0.171902619932726,0.115768709113422,0.115648378688694,0.0613432731147329,0.368184127562069,0.171902619932726,0.093408272931481,0.148976520421494,0.212831890191799,0.0823790970344355,0.549999174998487,0.0,0.0613432731147329,0.212831890191799,0.093408272931481,0.0,0.148976520421494,0.093408272931481,0.0476199206365212,0.0823790970344355,0.148976520421494,0.115648378688694,0.148976520421494,0.0823790970344355,0.093408272931481,0.0613432731147329,0.093408272931481,0.093408272931481,0.093408272931481,0.368184127562069,0.115768709113422,0.093408272931481,0.0476199206365212,0.0613432731147329,0.093408272931481,0.115648378688694,0.171902619932726,0.0613432731147329,0.078342403747824,0.549999174998487,0.093408272931481,0.115648378688694,0.0613432731147329,0.0,0.0322586368373393,0.093408272931481,0.148976520421494,0.115648378688694,0.078342403747824,0.115648378688694,0.115648378688694,0.0680322436110106,0.115648378688694,0.0609274353162256,0.0384622300306098,0.093408272931481,0.093408272931481,0.0613432731147329,0.0250877674831517,0.0280132767810044,0.200063521369343,1.0,0.274166873716867,0.148976520421494,0.148976520421494,0.148976520421494,0.0,0.148976520421494,0.0,0.093408272931481,0.0322586368373393,0.0476199206365212,0.0384622300306098,0.0,0.115648378688694,0.078342403747824,0.0476199206365212,0.0,0.115648378688694,0.0476199206365212,0.115648378688694,0.115648378688694,0.0613432731147329,0.148976520421494,0.284037401363075
Oral leukoplakia,0.0714299464323527,0.1734727270499989,0.3192481279323519,0.274166873716867,0.386967653528542,0.3192481279323519,0.0545213728963117,0.0714299464323527,0.148976520421494,0.386967653528542,0.0865818037575277,0.0613432731147329,0.21027009483971,0.147105639620399,0.148976520421494,0.0545213728963117,0.386967653528542,0.0714299464323527,0.0865818037575277,0.147105639620399,0.148976520421494,0.148976520421494,0.3192481279323519,0.1324090484624709,0.453010235567401,0.0498579928542293,0.0714299464323527,0.117967217290509,0.491151693334087,0.453010235567401,0.1324090484624709,0.386967653528542,0.1210836969317,0.1734727270499989,0.148976520421494,0.0865818037575277,0.1098923880062569,0.1734727270499989,0.222834702756658,0.148976520421494,0.148976520421494,0.1210836969317,0.1734727270499989,0.21027009483971,0.1734727270499989,0.1098923880062569,0.527498700621427,0.0714299464323527,0.0865818037575277,0.21027009483971,0.1324090484624709,0.148976520421494,0.0613432731147329,0.1734727270499989,0.1324090484624709,0.639392737369731,0.1734727270499989,0.1210836969317,0.148976520421494,0.1734727270499989,0.1734727270499989,0.1734727270499989,0.1734727270499989,0.1734727270499989,0.1210836969317,0.21027009483971,0.148976520421494,0.0865818037575277,0.0498579928542293,0.0613432731147329,0.1324090484624709,0.386967653528542,0.386967653528542,0.1734727270499989,0.639392737369731,0.1324090484624709,0.0865818037575277,0.1734727270499989,0.81153766419781,0.0444245555713213,0.0865818037575277,0.491151693334087,0.148976520421494,0.1098923880062569,0.1324090484624709,0.148976520421494,0.1734727270499989,0.148976520421494,0.527498700621427,0.0545213728963117,0.386967653528542,0.3192481279323519,0.3192481279323519,0.0545213728963117,0.0865818037575277,0.21027009483971,0.0613432731147329,0.1734727270499989,0.1734727270499989,0.21027009483971,0.3192481279323519,0.491151693334087,0.3192481279323519,0.32866873393231,0.148976520421494,0.147105639620399,0.148976520421494,0.527498700621427,0.222834702756658,0.0714299464323527,0.1324090484624709,0.148976520421494,0.357256553363825,0.274166873716867,0.0865818037575277,0.1324090484624709,0.0865818037575277,0.453010235567401,0.1734727270499989,0.21027009483971,0.3192481279323519,0.1734727270499989,0.0714299464323527,0.527498700621427,0.0714299464323527,0.148976520421494,0.21027009483971,0.0545213728963117,0.21027009483971,0.0545213728963117,0.147105639620399,0.0,0.0,0.274166873716867,0.147105639620399,0.1734727270499989,0.0865818037575277,0.491151693334087,0.274166873716867,0.148976520421494,0.21027009483971,0.3192481279323519,0.1098923880062569,0.3192481279323519,0.0,0.0865818037575277,0.3192481279323519,0.148976520421494,0.0,0.21027009483971,0.148976520421494,0.0714299464323527,0.1098923880062569,0.21027009483971,0.1734727270499989,0.21027009483971,0.1098923880062569,0.148976520421494,0.0865818037575277,0.148976520421494,0.148976520421494,0.148976520421494,0.491151693334087,0.147105639620399,0.148976520421494,0.0714299464323527,0.0865818037575277,0.148976520421494,0.1734727270499989,0.274166873716867,0.0865818037575277,0.1324090484624709,0.3192481279323519,0.148976520421494,0.1734727270499989,0.0865818037575277,0.0,0.0545213728963117,0.148976520421494,0.21027009483971,0.1734727270499989,0.1324090484624709,0.1734727270499989,0.1734727270499989,0.1210836969317,0.1734727270499989,0.113285175146291,0.0613432731147329,0.148976520421494,0.148976520421494,0.0865818037575277,0.0466468368249435,0.0498579928542293,0.266881513729481,0.274166873716867,1.0,0.21027009483971,0.21027009483971,0.21027009483971,0.0,0.21027009483971,0.0,0.148976520421494,0.0545213728963117,0.0714299464323527,0.0613432731147329,0.0,0.1734727270499989,0.1324090484624709,0.0714299464323527,0.0,0.1734727270499989,0.0714299464323527,0.1734727270499989,0.1734727270499989,0.0865818037575277,0.21027009483971,0.274166873716867
Urgency urinary incontinence,0.0714299464323527,0.1734727270499989,0.1734727270499989,0.148976520421494,0.21027009483971,0.1734727270499989,0.0545213728963117,0.0714299464323527,0.148976520421494,0.21027009483971,0.0865818037575277,0.0613432731147329,0.21027009483971,0.147105639620399,0.148976520421494,0.0545213728963117,0.21027009483971,0.0714299464323527,0.0865818037575277,0.147105639620399,0.148976520421494,0.148976520421494,0.1734727270499989,0.1324090484624709,0.148976520421494,0.0498579928542293,0.0714299464323527,0.117967217290509,0.266881513729481,0.148976520421494,0.1324090484624709,0.21027009483971,0.1210836969317,0.1734727270499989,0.148976520421494,0.0865818037575277,0.1098923880062569,0.1734727270499989,0.1210836969317,0.148976520421494,0.148976520421494,0.1210836969317,0.1734727270499989,0.21027009483971,0.1734727270499989,0.1098923880062569,0.1734727270499989,0.0714299464323527,0.0865818037575277,0.21027009483971,0.1324090484624709,0.148976520421494,0.0613432731147329,0.1734727270499989,0.1324090484624709,0.21027009483971,0.1734727270499989,0.1210836969317,0.148976520421494,0.1734727270499989,0.1734727270499989,0.1734727270499989,0.527498700621427,0.1734727270499989,0.1210836969317,0.21027009483971,0.148976520421494,0.0865818037575277,0.0498579928542293,0.0613432731147329,0.1324090484624709,0.21027009483971,0.21027009483971,0.1734727270499989,0.21027009483971,0.1324090484624709,0.0865818037575277,0.1734727270499989,0.266881513729481,0.0444245555713213,0.0865818037575277,0.266881513729481,0.148976520421494,0.1098923880062569,0.1324090484624709,0.148976520421494,0.1734727270499989,0.148976520421494,0.1734727270499989,0.0545213728963117,0.21027009483971,0.1734727270499989,0.1734727270499989,0.0545213728963117,0.0865818037575277,0.21027009483971,0.0613432731147329,0.1734727270499989,0.1734727270499989,0.21027009483971,0.1734727270499989,0.266881513729481,0.1734727270499989,0.32866873393231,0.148976520421494,0.147105639620399,0.148976520421494,0.1734727270499989,0.1210836969317,0.0714299464323527,0.1324090484624709,0.148976520421494,0.357256553363825,0.148976520421494,0.0865818037575277,0.1324090484624709,0.0865818037575277,0.148976520421494,0.1734727270499989,0.386967653528542,0.1734727270499989,0.3192481279323519,0.0714299464323527,0.1734727270499989,0.0714299464323527,0.148976520421494,0.21027009483971,0.0545213728963117,0.21027009483971,0.0545213728963117,0.147105639620399,0.0,0.0,0.148976520421494,0.147105639620399,0.1734727270499989,0.0865818037575277,0.266881513729481,0.148976520421494,0.148976520421494,0.21027009483971,0.1734727270499989,0.1098923880062569,0.1734727270499989,0.0,0.0865818037575277,0.1734727270499989,0.148976520421494,0.0,0.21027009483971,0.148976520421494,0.0714299464323527,0.1098923880062569,0.386967653528542,0.1734727270499989,0.21027009483971,0.1098923880062569,0.148976520421494,0.0865818037575277,0.148976520421494,0.148976520421494,0.148976520421494,0.266881513729481,0.147105639620399,0.148976520421494,0.0714299464323527,0.0865818037575277,0.148976520421494,0.1734727270499989,0.148976520421494,0.0865818037575277,0.243677156414128,0.1734727270499989,0.148976520421494,0.1734727270499989,0.0865818037575277,0.0,0.0545213728963117,0.148976520421494,0.21027009483971,0.1734727270499989,0.1324090484624709,0.1734727270499989,0.1734727270499989,0.1210836969317,0.1734727270499989,0.113285175146291,0.0613432731147329,0.148976520421494,0.148976520421494,0.0865818037575277,0.0466468368249435,0.0498579928542293,0.266881513729481,0.148976520421494,0.21027009483971,1.0,0.21027009483971,0.639392737369731,0.0,0.21027009483971,0.0,0.148976520421494,0.0545213728963117,0.0714299464323527,0.0613432731147329,0.0,0.1734727270499989,0.1324090484624709,0.0714299464323527,0.0,0.1734727270499989,0.0714299464323527,0.1734727270499989,0.1734727270499989,0.0865818037575277,0.21027009483971,0.148976520421494
Pelvic inflammatory disease,0.0714299464323527,0.1734727270499989,0.1734727270499989,0.148976520421494,0.21027009483971,0.1734727270499989,0.0545213728963117,0.0714299464323527,0.148976520421494,0.21027009483971,0.0865818037575277,0.0613432731147329,0.21027009483971,0.147105639620399,0.148976520421494,0.0545213728963117,0.21027009483971,0.0714299464323527,0.0865818037575277,0.147105639620399,0.148976520421494,0.148976520421494,0.1734727270499989,0.1324090484624709,0.148976520421494,0.0498579928542293,0.0714299464323527,0.117967217290509,0.266881513729481,0.148976520421494,0.1324090484624709,0.21027009483971,0.1210836969317,0.1734727270499989,0.148976520421494,0.0865818037575277,0.1098923880062569,0.1734727270499989,0.1210836969317,0.148976520421494,0.148976520421494,0.1210836969317,0.1734727270499989,0.21027009483971,0.1734727270499989,0.1098923880062569,0.1734727270499989,0.0714299464323527,0.0865818037575277,0.21027009483971,0.1324090484624709,0.453010235567401,0.0613432731147329,0.1734727270499989,0.1324090484624709,0.21027009483971,0.1734727270499989,0.1210836969317,0.148976520421494,0.1734727270499989,0.1734727270499989,0.1734727270499989,0.1734727270499989,0.1734727270499989,0.1210836969317,0.639392737369731,0.453010235567401,0.0865818037575277,0.0498579928542293,0.0613432731147329,0.1324090484624709,0.21027009483971,0.21027009483971,0.1734727270499989,0.21027009483971,0.1324090484624709,0.0865818037575277,0.1734727270499989,0.266881513729481,0.0444245555713213,0.0865818037575277,0.266881513729481,0.148976520421494,0.1098923880062569,0.1324090484624709,0.148976520421494,0.1734727270499989,0.148976520421494,0.1734727270499989,0.0545213728963117,0.21027009483971,0.1734727270499989,0.1734727270499989,0.0545213728963117,0.0865818037575277,0.21027009483971,0.0613432731147329,0.1734727270499989,0.1734727270499989,0.21027009483971,0.1734727270499989,0.266881513729481,0.1734727270499989,0.32866873393231,0.148976520421494,0.147105639620399,0.453010235567401,0.1734727270499989,0.1210836969317,0.0714299464323527,0.1324090484624709,0.148976520421494,0.357256553363825,0.148976520421494,0.0865818037575277,0.1324090484624709,0.0865818037575277,0.148976520421494,0.3192481279323519,0.21027009483971,0.1734727270499989,0.1734727270499989,0.0714299464323527,0.1734727270499989,0.0714299464323527,0.148976520421494,0.21027009483971,0.0545213728963117,0.21027009483971,0.0545213728963117,0.147105639620399,0.0,0.0,0.148976520421494,0.147105639620399,0.1734727270499989,0.0865818037575277,0.266881513729481,0.148976520421494,0.148976520421494,0.21027009483971,0.1734727270499989,0.1098923880062569,0.1734727270499989,0.0,0.0865818037575277,0.1734727270499989,0.453010235567401,0.0,0.639392737369731,0.274166873716867,0.0714299464323527,0.1098923880062569,0.21027009483971,0.527498700621427,0.21027009483971,0.1098923880062569,0.148976520421494,0.0865818037575277,0.148976520421494,0.148976520421494,0.148976520421494,0.266881513729481,0.147105639620399,0.148976520421494,0.0714299464323527,0.0865818037575277,0.148976520421494,0.1734727270499989,0.148976520421494,0.0865818037575277,0.1324090484624709,0.1734727270499989,0.148976520421494,0.3192481279323519,0.0865818037575277,0.0,0.0545213728963117,0.148976520421494,0.21027009483971,0.1734727270499989,0.1324090484624709,0.3192481279323519,0.3192481279323519,0.1210836969317,0.1734727270499989,0.113285175146291,0.0613432731147329,0.148976520421494,0.148976520421494,0.0865818037575277,0.0466468368249435,0.0498579928542293,0.266881513729481,0.148976520421494,0.21027009483971,0.21027009483971,1.0,0.21027009483971,0.0,0.21027009483971,0.0,0.453010235567401,0.0545213728963117,0.0714299464323527,0.0613432731147329,0.0,0.1734727270499989,0.1324090484624709,0.0714299464323527,0.0,0.1734727270499989,0.0714299464323527,0.1734727270499989,0.1734727270499989,0.0865818037575277,0.21027009483971,0.148976520421494
Neuropathic bladder,0.0714299464323527,0.1734727270499989,0.1734727270499989,0.148976520421494,0.21027009483971,0.1734727270499989,0.0545213728963117,0.0714299464323527,0.148976520421494,0.21027009483971,0.0865818037575277,0.0613432731147329,0.21027009483971,0.147105639620399,0.148976520421494,0.0545213728963117,0.21027009483971,0.0714299464323527,0.0865818037575277,0.147105639620399,0.148976520421494,0.148976520421494,0.1734727270499989,0.1324090484624709,0.148976520421494,0.0498579928542293,0.0714299464323527,0.117967217290509,0.266881513729481,0.148976520421494,0.1324090484624709,0.21027009483971,0.1210836969317,0.1734727270499989,0.148976520421494,0.0865818037575277,0.1098923880062569,0.1734727270499989,0.1210836969317,0.148976520421494,0.148976520421494,0.1210836969317,0.1734727270499989,0.21027009483971,0.1734727270499989,0.1098923880062569,0.1734727270499989,0.0714299464323527,0.0865818037575277,0.21027009483971,0.1324090484624709,0.148976520421494,0.0613432731147329,0.1734727270499989,0.1324090484624709,0.21027009483971,0.1734727270499989,0.1210836969317,0.148976520421494,0.1734727270499989,0.1734727270499989,0.1734727270499989,0.527498700621427,0.1734727270499989,0.1210836969317,0.21027009483971,0.148976520421494,0.0865818037575277,0.0498579928542293,0.0613432731147329,0.1324090484624709,0.21027009483971,0.21027009483971,0.1734727270499989,0.21027009483971,0.1324090484624709,0.0865818037575277,0.1734727270499989,0.266881513729481,0.0444245555713213,0.0865818037575277,0.266881513729481,0.148976520421494,0.1098923880062569,0.1324090484624709,0.148976520421494,0.1734727270499989,0.148976520421494,0.1734727270499989,0.0545213728963117,0.21027009483971,0.1734727270499989,0.1734727270499989,0.0545213728963117,0.0865818037575277,0.21027009483971,0.0613432731147329,0.1734727270499989,0.1734727270499989,0.21027009483971,0.1734727270499989,0.266881513729481,0.1734727270499989,0.32866873393231,0.148976520421494,0.147105639620399,0.148976520421494,0.1734727270499989,0.1210836969317,0.0714299464323527,0.1324090484624709,0.148976520421494,0.357256553363825,0.148976520421494,0.0865818037575277,0.1324090484624709,0.0865818037575277,0.148976520421494,0.1734727270499989,0.386967653528542,0.1734727270499989,0.3192481279323519,0.0714299464323527,0.1734727270499989,0.0714299464323527,0.148976520421494,0.21027009483971,0.0545213728963117,0.21027009483971,0.0545213728963117,0.147105639620399,0.0,0.0,0.148976520421494,0.147105639620399,0.1734727270499989,0.0865818037575277,0.266881513729481,0.148976520421494,0.148976520421494,0.21027009483971,0.1734727270499989,0.1098923880062569,0.1734727270499989,0.0,0.0865818037575277,0.1734727270499989,0.148976520421494,0.0,0.21027009483971,0.148976520421494,0.0714299464323527,0.1098923880062569,0.386967653528542,0.1734727270499989,0.21027009483971,0.1098923880062569,0.148976520421494,0.0865818037575277,0.148976520421494,0.148976520421494,0.148976520421494,0.266881513729481,0.147105639620399,0.148976520421494,0.0714299464323527,0.0865818037575277,0.148976520421494,0.1734727270499989,0.148976520421494,0.0865818037575277,0.243677156414128,0.1734727270499989,0.148976520421494,0.1734727270499989,0.0865818037575277,0.0,0.0545213728963117,0.148976520421494,0.21027009483971,0.1734727270499989,0.1324090484624709,0.1734727270499989,0.1734727270499989,0.1210836969317,0.1734727270499989,0.113285175146291,0.0613432731147329,0.148976520421494,0.148976520421494,0.0865818037575277,0.0466468368249435,0.0498579928542293,0.266881513729481,0.148976520421494,0.21027009483971,0.639392737369731,0.21027009483971,1.0,0.0,0.21027009483971,0.0,0.148976520421494,0.0545213728963117,0.0714299464323527,0.0613432731147329,0.0,0.1734727270499989,0.1324090484624709,0.0714299464323527,0.0,0.1734727270499989,0.0714299464323527,0.1734727270499989,0.1734727270499989,0.0865818037575277,0.21027009483971,0.148976520421494
Uveitits,0.0,0.0,0.0,0.0,0.0,0.0,0.0,0.0,0.0,0.0,0.0,0.0,0.0,0.0,0.0,0.0,0.0,0.0,0.0,0.0,0.0,0.0,0.0,0.0,0.0,0.0,0.0,0.0,0.0,0.0,0.0,0.0,0.0,0.0,0.0,0.0,0.0,0.0,0.0,0.0,0.0,0.0,0.0,0.0,0.0,0.0,0.0,0.0,0.0,0.0,0.0,0.0,0.0,0.0,0.0,0.0,0.0,0.0,0.0,0.0,0.0,0.0,0.0,0.0,0.0,0.0,0.0,0.0,0.0,0.0,0.0,0.0,0.0,0.0,0.0,0.0,0.0,0.0,0.0,0.0,0.0,0.0,0.0,0.0,0.0,0.0,0.0,0.0,0.0,0.0,0.0,0.0,0.0,0.0,0.0,0.0,0.0,0.0,0.0,0.0,0.0,0.0,0.0,0.0,0.0,0.0,0.0,0.0,0.0,0.0,0.0,0.0,0.0,0.0,0.0,0.0,0.0,0.0,0.0,0.0,0.0,0.0,0.0,0.0,0.0,0.0,0.0,0.0,0.0,0.0,0.0,1.0,1.0,0.0,0.0,0.0,0.0,0.0,0.0,0.0,0.0,0.0,0.0,0.0,1.0,0.0,0.0,0.0,1.0,0.0,0.0,0.0,0.0,0.0,0.0,0.0,0.0,0.0,0.0,0.0,0.0,0.0,0.0,0.0,0.0,0.0,0.0,0.0,0.0,0.0,0.0,0.0,0.0,0.0,0.0,0.0,1.0,0.0,0.0,0.0,0.0,0.0,0.0,0.0,0.0,0.0,0.0,0.0,0.0,0.0,0.0,0.0,0.0,0.0,0.0,0.0,0.0,0.0,0.0,1.0,0.0,0.0,0.0,0.0,0.0,0.0,1.0,0.0,0.0,0.0,1.0,0.0,0.0,0.0,0.0,0.0,0.0,0.0
Granulomatosis with polyangiitis,0.0714299464323527,0.1734727270499989,0.1734727270499989,0.148976520421494,0.21027009483971,0.1734727270499989,0.0545213728963117,0.0714299464323527,0.148976520421494,0.21027009483971,0.0865818037575277,0.0613432731147329,0.21027009483971,0.147105639620399,0.148976520421494,0.0545213728963117,0.21027009483971,0.0714299464323527,0.0865818037575277,0.147105639620399,0.148976520421494,0.148976520421494,0.1734727270499989,0.1324090484624709,0.148976520421494,0.0498579928542293,0.0714299464323527,0.117967217290509,0.266881513729481,0.148976520421494,0.1324090484624709,0.21027009483971,0.222834702756658,0.527498700621427,0.148976520421494,0.0865818037575277,0.1098923880062569,0.1734727270499989,0.1210836969317,0.148976520421494,0.274166873716867,0.1210836969317,0.1734727270499989,0.639392737369731,0.527498700621427,0.1098923880062569,0.1734727270499989,0.0714299464323527,0.0865818037575277,0.21027009483971,0.1324090484624709,0.148976520421494,0.0613432731147329,0.1734727270499989,0.1324090484624709,0.21027009483971,0.1734727270499989,0.1210836969317,0.148976520421494,0.1734727270499989,0.1734727270499989,0.527498700621427,0.1734727270499989,0.1734727270499989,0.1210836969317,0.21027009483971,0.148976520421494,0.0865818037575277,0.0498579928542293,0.0613432731147329,0.1324090484624709,0.21027009483971,0.21027009483971,0.1734727270499989,0.21027009483971,0.1324090484624709,0.0865818037575277,0.1734727270499989,0.266881513729481,0.0444245555713213,0.0865818037575277,0.266881513729481,0.148976520421494,0.1098923880062569,0.1324090484624709,0.148976520421494,0.527498700621427,0.148976520421494,0.1734727270499989,0.0545213728963117,0.21027009483971,0.1734727270499989,0.1734727270499989,0.0545213728963117,0.0865818037575277,0.21027009483971,0.0613432731147329,0.1734727270499989,0.1734727270499989,0.639392737369731,0.1734727270499989,0.266881513729481,0.1734727270499989,0.32866873393231,0.148976520421494,0.147105639620399,0.148976520421494,0.1734727270499989,0.1210836969317,0.0714299464323527,0.1324090484624709,0.148976520421494,0.357256553363825,0.148976520421494,0.0865818037575277,0.1324090484624709,0.0865818037575277,0.148976520421494,0.1734727270499989,0.21027009483971,0.1734727270499989,0.1734727270499989,0.0714299464323527,0.1734727270499989,0.0714299464323527,0.274166873716867,0.21027009483971,0.0545213728963117,0.21027009483971,0.0545213728963117,0.147105639620399,0.0,0.0,0.148976520421494,0.147105639620399,0.1734727270499989,0.0865818037575277,0.266881513729481,0.148976520421494,0.148976520421494,0.21027009483971,0.1734727270499989,0.1098923880062569,0.1734727270499989,0.0,0.0865818037575277,0.1734727270499989,0.148976520421494,0.0,0.21027009483971,0.148976520421494,0.0714299464323527,0.1098923880062569,0.21027009483971,0.1734727270499989,0.21027009483971,0.1098923880062569,0.148976520421494,0.0865818037575277,0.148976520421494,0.453010235567401,0.148976520421494,0.266881513729481,0.147105639620399,0.274166873716867,0.0714299464323527,0.0865818037575277,0.148976520421494,0.1734727270499989,0.148976520421494,0.0865818037575277,0.1324090484624709,0.1734727270499989,0.453010235567401,0.1734727270499989,0.0865818037575277,0.0,0.0545213728963117,0.148976520421494,0.21027009483971,0.1734727270499989,0.1324090484624709,0.1734727270499989,0.1734727270499989,0.1210836969317,0.1734727270499989,0.113285175146291,0.0613432731147329,0.148976520421494,0.453010235567401,0.0865818037575277,0.0466468368249435,0.0498579928542293,0.266881513729481,0.148976520421494,0.21027009483971,0.21027009483971,0.21027009483971,0.21027009483971,0.0,1.0,0.0,0.148976520421494,0.0545213728963117,0.0714299464323527,0.0613432731147329,0.0,0.527498700621427,0.1324090484624709,0.0714299464323527,0.0,0.1734727270499989,0.0714299464323527,0.1734727270499989,0.527498700621427,0.0865818037575277,0.21027009483971,0.148976520421494
Overactive bladder,0.0,0.0,0.0,0.0,0.0,0.0,0.0,0.0,0.0,0.0,0.0,0.0,0.0,0.0,0.0,0.0,0.0,0.0,0.0,0.0,0.0,0.0,0.0,0.0,0.0,0.0,0.0,0.0,0.0,0.0,0.0,0.0,0.0,0.0,0.0,0.0,0.0,0.0,0.0,0.0,0.0,0.0,0.0,0.0,0.0,0.0,0.0,0.0,0.0,0.0,0.0,0.0,0.0,0.0,0.0,0.0,0.0,0.0,0.0,0.0,0.0,0.0,0.0,0.0,0.0,0.0,0.0,0.0,0.0,0.0,0.0,0.0,0.0,0.0,0.0,0.0,0.0,0.0,0.0,0.0,0.0,0.0,0.0,0.0,0.0,0.0,0.0,0.0,0.0,0.0,0.0,0.0,0.0,0.0,0.0,0.0,0.0,0.0,0.0,0.0,0.0,0.0,0.0,0.0,0.0,0.0,0.0,0.0,0.0,0.0,0.0,0.0,0.0,0.0,0.0,0.0,0.0,0.0,0.0,0.0,0.0,0.0,0.0,0.0,0.0,0.0,0.0,0.0,0.0,0.0,0.0,0.0,0.0,0.0,0.0,0.0,0.0,0.0,0.0,0.0,0.0,0.0,0.0,0.0,0.0,0.0,0.0,0.0,0.0,0.0,0.0,0.0,0.0,0.0,0.0,0.0,0.0,0.0,0.0,0.0,0.0,0.0,0.0,0.0,0.0,0.0,0.0,0.0,0.0,0.0,0.0,0.0,0.0,0.0,0.0,0.0,0.0,0.0,0.0,0.0,0.0,0.0,0.0,0.0,0.0,0.0,0.0,0.0,0.0,0.0,0.0,0.0,0.0,0.0,0.0,0.0,0.0,0.0,0.0,0.0,0.0,1.0,0.0,0.0,0.0,0.0,0.0,0.0,0.0,0.0,0.0,0.0,0.0,0.0,0.0,0.0,0.0,0.0
Cytolytic vaginosis,0.0476199206365212,0.115648378688694,0.115648378688694,0.093408272931481,0.148976520421494,0.115648378688694,0.0322586368373393,0.0476199206365212,0.093408272931481,0.148976520421494,0.0613432731147329,0.0384622300306098,0.148976520421494,0.115768709113422,0.093408272931481,0.0322586368373393,0.148976520421494,0.0476199206365212,0.0613432731147329,0.115768709113422,0.093408272931481,0.093408272931481,0.115648378688694,0.078342403747824,0.093408272931481,0.0280132767810044,0.0476199206365212,0.0746915486002605,0.200063521369343,0.093408272931481,0.078342403747824,0.148976520421494,0.0680322436110106,0.115648378688694,0.093408272931481,0.0613432731147329,0.0823790970344355,0.115648378688694,0.0680322436110106,0.093408272931481,0.093408272931481,0.0680322436110106,0.115648378688694,0.148976520421494,0.115648378688694,0.0823790970344355,0.115648378688694,0.0476199206365212,0.0613432731147329,0.148976520421494,0.078342403747824,1.0,0.0384622300306098,0.115648378688694,0.078342403747824,0.148976520421494,0.115648378688694,0.0680322436110106,0.093408272931481,0.115648378688694,0.115648378688694,0.115648378688694,0.115648378688694,0.115648378688694,0.0680322436110106,0.453010235567401,0.284037401363075,0.0613432731147329,0.0280132767810044,0.0384622300306098,0.078342403747824,0.148976520421494,0.148976520421494,0.115648378688694,0.148976520421494,0.078342403747824,0.0613432731147329,0.115648378688694,0.200063521369343,0.023062117726601,0.0613432731147329,0.200063521369343,0.093408272931481,0.0823790970344355,0.078342403747824,0.093408272931481,0.115648378688694,0.093408272931481,0.115648378688694,0.0322586368373393,0.148976520421494,0.115648378688694,0.115648378688694,0.0322586368373393,0.0613432731147329,0.148976520421494,0.0384622300306098,0.115648378688694,0.115648378688694,0.148976520421494,0.115648378688694,0.200063521369343,0.115648378688694,0.275363104390711,0.093408272931481,0.115768709113422,0.6730764389785729,0.115648378688694,0.0680322436110106,0.0476199206365212,0.078342403747824,0.093408272931481,0.2811525792754519,0.093408272931481,0.0613432731147329,0.078342403747824,0.0613432731147329,0.093408272931481,0.212831890191799,0.148976520421494,0.115648378688694,0.115648378688694,0.0476199206365212,0.115648378688694,0.0476199206365212,0.093408272931481,0.148976520421494,0.0322586368373393,0.148976520421494,0.0322586368373393,0.115768709113422,0.0,0.0,0.093408272931481,0.115768709113422,0.115648378688694,0.0613432731147329,0.200063521369343,0.093408272931481,0.093408272931481,0.148976520421494,0.115648378688694,0.0823790970344355,0.115648378688694,0.0,0.0613432731147329,0.115648378688694,0.284037401363075,0.0,0.453010235567401,0.171902619932726,0.0476199206365212,0.0823790970344355,0.148976520421494,0.351665478053376,0.148976520421494,0.0823790970344355,0.093408272931481,0.0613432731147329,0.093408272931481,0.093408272931481,0.093408272931481,0.200063521369343,0.115768709113422,0.093408272931481,0.0476199206365212,0.0613432731147329,0.093408272931481,0.115648378688694,0.093408272931481,0.0613432731147329,0.078342403747824,0.115648378688694,0.093408272931481,0.212831890191799,0.0613432731147329,0.0,0.0322586368373393,0.093408272931481,0.148976520421494,0.115648378688694,0.078342403747824,0.212831890191799,0.212831890191799,0.0680322436110106,0.115648378688694,0.0609274353162256,0.0384622300306098,0.093408272931481,0.093408272931481,0.0613432731147329,0.0250877674831517,0.0280132767810044,0.200063521369343,0.093408272931481,0.148976520421494,0.148976520421494,0.453010235567401,0.148976520421494,0.0,0.148976520421494,0.0,1.0,0.0322586368373393,0.0476199206365212,0.0384622300306098,0.0,0.115648378688694,0.078342403747824,0.0476199206365212,0.0,0.115648378688694,0.0476199206365212,0.115648378688694,0.115648378688694,0.0613432731147329,0.148976520421494,0.093408272931481
Maturity-onset diabetes of the young 2,0.041172338956928,0.041172338956928,0.041172338956928,0.0322586368373393,0.0545213728963117,0.041172338956928,0.458800951860886,0.0999899660382537,0.0322586368373393,0.0545213728963117,0.0545213728963117,0.0322586368373393,0.0545213728963117,0.107359912685637,0.0322586368373393,0.0262176875118606,0.0545213728963117,0.041172338956928,0.0545213728963117,0.107359912685637,0.0322586368373393,0.0322586368373393,0.041172338956928,0.0262176875118606,0.0322586368373393,0.3864348096030949,0.041172338956928,0.0258636362537177,0.0749632197522059,0.0322586368373393,0.0262176875118606,0.0545213728963117,0.0220824020542819,0.041172338956928,0.0322586368373393,0.0545213728963117,0.0749632197522059,0.041172338956928,0.0220824020542819,0.0322586368373393,0.0322586368373393,0.0220824020542819,0.041172338956928,0.0545213728963117,0.041172338956928,0.0749632197522059,0.041172338956928,0.041172338956928,0.0545213728963117,0.0545213728963117,0.0262176875118606,0.0322586368373393,0.0322586368373393,0.041172338956928,0.0262176875118606,0.0545213728963117,0.041172338956928,0.0220824020542819,0.0322586368373393,0.041172338956928,0.041172338956928,0.041172338956928,0.041172338956928,0.041172338956928,0.0220824020542819,0.0545213728963117,0.0322586368373393,0.0545213728963117,0.0220824020542819,0.5645155881887141,0.0262176875118606,0.0545213728963117,0.0545213728963117,0.041172338956928,0.0545213728963117,0.0262176875118606,0.0545213728963117,0.041172338956928,0.0749632197522059,0.0172583557076123,0.0545213728963117,0.0749632197522059,0.0322586368373393,0.0749632197522059,0.0262176875118606,0.0322586368373393,0.041172338956928,0.0322586368373393,0.041172338956928,0.0262176875118606,0.0545213728963117,0.041172338956928,0.041172338956928,0.0262176875118606,0.0545213728963117,0.0545213728963117,0.0322586368373393,0.041172338956928,0.041172338956928,0.0545213728963117,0.041172338956928,0.0749632197522059,0.041172338956928,0.261364164595575,0.0322586368373393,0.107359912685637,0.0322586368373393,0.041172338956928,0.0220824020542819,0.041172338956928,0.0262176875118606,0.0322586368373393,0.107359912685637,0.0322586368373393,0.0545213728963117,0.0262176875118606,0.0545213728963117,0.0322586368373393,0.041172338956928,0.0545213728963117,0.041172338956928,0.041172338956928,0.041172338956928,0.041172338956928,0.041172338956928,0.0322586368373393,0.0545213728963117,0.117177011532601,0.0545213728963117,0.117177011532601,0.107359912685637,0.0,0.0,0.0322586368373393,0.107359912685637,0.041172338956928,0.0545213728963117,0.0749632197522059,0.0322586368373393,0.0322586368373393,0.0545213728963117,0.041172338956928,0.0749632197522059,0.041172338956928,0.0,0.0545213728963117,0.041172338956928,0.0322586368373393,0.0,0.0545213728963117,0.0322586368373393,0.041172338956928,0.0749632197522059,0.0545213728963117,0.041172338956928,0.0545213728963117,0.0749632197522059,0.0322586368373393,0.243677156414128,0.0322586368373393,0.0322586368373393,0.0322586368373393,0.0749632197522059,0.107359912685637,0.0322586368373393,0.47553108355459,0.0545213728963117,0.0322586368373393,0.041172338956928,0.0322586368373393,0.0545213728963117,0.0262176875118606,0.041172338956928,0.0322586368373393,0.041172338956928,0.243677156414128,0.0,0.0262176875118606,0.0322586368373393,0.0545213728963117,0.041172338956928,0.0262176875118606,0.041172338956928,0.041172338956928,0.0220824020542819,0.041172338956928,0.0192321645820291,0.0322586368373393,0.0322586368373393,0.0322586368373393,0.0545213728963117,0.0192321645820291,0.0220824020542819,0.0749632197522059,0.0322586368373393,0.0545213728963117,0.0545213728963117,0.0545213728963117,0.0545213728963117,0.0,0.0545213728963117,0.0,0.0322586368373393,1.0,0.041172338956928,0.0322586368373393,0.0,0.041172338956928,0.0262176875118606,0.041172338956928,0.0,0.041172338956928,0.041172338956928,0.041172338956928,0.041172338956928,0.243677156414128,0.0545213728963117,0.0322586368373393
Stomach cancer,0.0571439257166366,0.0571439257166366,0.0571439257166366,0.0476199206365212,0.0714299464323527,0.0571439257166366,0.041172338956928,0.0571439257166366,0.0476199206365212,0.0714299464323527,0.0714299464323527,0.351665478053376,0.0714299464323527,0.128249502550101,0.0476199206365212,0.47553108355459,0.0714299464323527,0.0571439257166366,0.0714299464323527,0.128249502550101,0.0476199206365212,0.0476199206365212,0.0571439257166366,0.041172338956928,0.0476199206365212,0.0367619429090039,0.659999251998354,0.0379290345439241,0.0933602719681705,0.0476199206365212,0.041172338956928,0.0714299464323527,0.0367619429090039,0.0571439257166366,0.0476199206365212,0.0714299464323527,0.0933602719681705,0.0571439257166366,0.0367619429090039,0.0476199206365212,0.0476199206365212,0.0367619429090039,0.0571439257166366,0.0714299464323527,0.0571439257166366,0.0933602719681705,0.0571439257166366,0.421998728397202,0.0714299464323527,0.0714299464323527,0.041172338956928,0.0476199206365212,0.351665478053376,0.0571439257166366,0.041172338956928,0.0714299464323527,0.0571439257166366,0.0367619429090039,0.0476199206365212,0.0571439257166366,0.0571439257166366,0.0571439257166366,0.0571439257166366,0.0571439257166366,0.0367619429090039,0.0714299464323527,0.0476199206365212,0.0714299464323527,0.424592019495871,0.0476199206365212,0.041172338956928,0.0714299464323527,0.0714299464323527,0.0571439257166366,0.0714299464323527,0.041172338956928,0.527498700621427,0.0571439257166366,0.0933602719681705,0.3652071646059129,0.0714299464323527,0.0933602719681705,0.0476199206365212,0.0933602719681705,0.041172338956928,0.0476199206365212,0.0571439257166366,0.0476199206365212,0.0571439257166366,0.0999899660382537,0.0714299464323527,0.0571439257166366,0.0571439257166366,0.304051121218363,0.0714299464323527,0.0714299464323527,0.115648378688694,0.0571439257166366,0.0571439257166366,0.0714299464323527,0.0571439257166366,0.0933602719681705,0.0571439257166366,0.296376456737466,0.0476199206365212,0.128249502550101,0.0476199206365212,0.0571439257166366,0.0367619429090039,0.659999251998354,0.041172338956928,0.0476199206365212,0.128249502550101,0.0476199206365212,0.0714299464323527,0.041172338956928,0.0714299464323527,0.0476199206365212,0.0571439257166366,0.0714299464323527,0.0571439257166366,0.0571439257166366,0.0571439257166366,0.0571439257166366,0.0571439257166366,0.0476199206365212,0.0714299464323527,0.041172338956928,0.0714299464323527,0.041172338956928,0.128249502550101,0.0,0.0,0.0476199206365212,0.128249502550101,0.0571439257166366,0.0714299464323527,0.0933602719681705,0.0476199206365212,0.0476199206365212,0.0714299464323527,0.0571439257166366,0.0933602719681705,0.0571439257166366,0.0,0.0714299464323527,0.0571439257166366,0.0476199206365212,0.0,0.0714299464323527,0.0476199206365212,0.0571439257166366,0.0933602719681705,0.0714299464323527,0.0571439257166366,0.0714299464323527,0.0933602719681705,0.0476199206365212,0.0714299464323527,0.0476199206365212,0.0476199206365212,0.0476199206365212,0.0933602719681705,0.128249502550101,0.0476199206365212,0.0571439257166366,0.0714299464323527,0.0476199206365212,0.0571439257166366,0.0476199206365212,0.0714299464323527,0.041172338956928,0.0571439257166366,0.0476199206365212,0.0571439257166366,0.0714299464323527,0.0,0.720502458320628,0.0476199206365212,0.0714299464323527,0.0571439257166366,0.041172338956928,0.0571439257166366,0.0571439257166366,0.0367619429090039,0.0571439257166366,0.0337236205744276,0.351665478053376,0.0476199206365212,0.0476199206365212,0.0714299464323527,0.38950009252372,0.271481053610807,0.0933602719681705,0.0476199206365212,0.0714299464323527,0.0714299464323527,0.0714299464323527,0.0714299464323527,0.0,0.0714299464323527,0.0,0.0476199206365212,0.041172338956928,1.0,0.115648378688694,0.0,0.0571439257166366,0.041172338956928,0.421998728397202,0.0,0.0571439257166366,0.421998728397202,0.0571439257166366,0.0571439257166366,0.0714299464323527,0.0714299464323527,0.0476199206365212
Small intestine neoplasm,0.0476199206365212,0.0476199206365212,0.0476199206365212,0.0384622300306098,0.0613432731147329,0.0476199206365212,0.0322586368373393,0.0476199206365212,0.0384622300306098,0.0613432731147329,0.0613432731147329,0.093408272931481,0.0613432731147329,0.115768709113422,0.0384622300306098,0.078342403747824,0.0613432731147329,0.0476199206365212,0.0613432731147329,0.115768709113422,0.0384622300306098,0.0384622300306098,0.0476199206365212,0.0322586368373393,0.0384622300306098,0.0280132767810044,0.115648378688694,0.0307553435412837,0.0823790970344355,0.0384622300306098,0.0322586368373393,0.0613432731147329,0.0280132767810044,0.0476199206365212,0.0384622300306098,0.0613432731147329,0.0823790970344355,0.0476199206365212,0.0280132767810044,0.0384622300306098,0.0384622300306098,0.0280132767810044,0.0476199206365212,0.0613432731147329,0.0476199206365212,0.0823790970344355,0.0476199206365212,0.115648378688694,0.0613432731147329,0.0613432731147329,0.0322586368373393,0.0384622300306098,0.093408272931481,0.0476199206365212,0.0322586368373393,0.0613432731147329,0.0476199206365212,0.0280132767810044,0.0384622300306098,0.0476199206365212,0.0476199206365212,0.0476199206365212,0.0476199206365212,0.0476199206365212,0.0280132767810044,0.0613432731147329,0.0384622300306098,0.0613432731147329,0.0680322436110106,0.0384622300306098,0.0322586368373393,0.0613432731147329,0.0613432731147329,0.0476199206365212,0.0613432731147329,0.0322586368373393,0.148976520421494,0.0476199206365212,0.0823790970344355,0.0560080001931739,0.0613432731147329,0.0823790970344355,0.0384622300306098,0.0823790970344355,0.0322586368373393,0.0384622300306098,0.0476199206365212,0.0384622300306098,0.0476199206365212,0.238224860376036,0.0613432731147329,0.0476199206365212,0.0476199206365212,0.078342403747824,0.0613432731147329,0.0613432731147329,0.284037401363075,0.0476199206365212,0.0476199206365212,0.0613432731147329,0.0476199206365212,0.0823790970344355,0.0476199206365212,0.275363104390711,0.0384622300306098,0.115768709113422,0.0384622300306098,0.0476199206365212,0.0280132767810044,0.115648378688694,0.0322586368373393,0.0384622300306098,0.115768709113422,0.0384622300306098,0.0613432731147329,0.0322586368373393,0.0613432731147329,0.0384622300306098,0.0476199206365212,0.0613432731147329,0.0476199206365212,0.0476199206365212,0.0476199206365212,0.0476199206365212,0.0476199206365212,0.0384622300306098,0.0613432731147329,0.0322586368373393,0.0613432731147329,0.0322586368373393,0.115768709113422,0.0,0.0,0.0384622300306098,0.115768709113422,0.0476199206365212,0.0613432731147329,0.0823790970344355,0.0384622300306098,0.0384622300306098,0.0613432731147329,0.0476199206365212,0.0823790970344355,0.0476199206365212,0.0,0.0613432731147329,0.0476199206365212,0.0384622300306098,0.0,0.0613432731147329,0.0384622300306098,0.0476199206365212,0.0823790970344355,0.0613432731147329,0.0476199206365212,0.0613432731147329,0.0823790970344355,0.0384622300306098,0.0613432731147329,0.0384622300306098,0.0384622300306098,0.0384622300306098,0.0823790970344355,0.115768709113422,0.0384622300306098,0.0476199206365212,0.0613432731147329,0.0384622300306098,0.0476199206365212,0.0384622300306098,0.0613432731147329,0.0322586368373393,0.0476199206365212,0.0384622300306098,0.0476199206365212,0.0613432731147329,0.0,0.078342403747824,0.0384622300306098,0.0613432731147329,0.0476199206365212,0.0322586368373393,0.0476199206365212,0.0476199206365212,0.0280132767810044,0.0476199206365212,0.0250877674831517,0.093408272931481,0.0384622300306098,0.0384622300306098,0.0613432731147329,0.0609274353162256,0.0680322436110106,0.0823790970344355,0.0384622300306098,0.0613432731147329,0.0613432731147329,0.0613432731147329,0.0613432731147329,0.0,0.0613432731147329,0.0,0.0384622300306098,0.0322586368373393,0.115648378688694,1.0,0.0,0.0476199206365212,0.0322586368373393,0.115648378688694,0.0,0.0476199206365212,0.115648378688694,0.0476199206365212,0.0476199206365212,0.0613432731147329,0.0613432731147329,0.0384622300306098
Arsenic exposure,0.0,0.0,0.0,0.0,0.0,0.0,0.0,0.0,0.0,0.0,0.0,0.0,0.0,0.0,0.0,0.0,0.0,0.0,0.0,0.0,0.0,0.0,0.0,0.0,0.0,0.0,0.0,0.0,0.0,0.0,0.0,0.0,0.0,0.0,0.0,0.0,0.0,0.0,0.0,0.0,0.0,0.0,0.0,0.0,0.0,0.0,0.0,0.0,0.0,0.0,0.0,0.0,0.0,0.0,0.0,0.0,0.0,0.0,0.0,0.0,0.0,0.0,0.0,0.0,0.0,0.0,0.0,0.0,0.0,0.0,0.0,0.0,0.0,0.0,0.0,0.0,0.0,0.0,0.0,0.0,0.0,0.0,0.0,0.0,0.0,0.0,0.0,0.0,0.0,0.0,0.0,0.0,0.0,0.0,0.0,0.0,0.0,0.0,0.0,0.0,0.0,0.0,0.0,0.0,0.0,0.0,0.0,0.0,0.0,0.0,0.0,0.0,0.0,0.0,0.0,0.0,0.0,0.0,0.0,0.0,0.0,0.0,0.0,0.0,0.0,0.0,0.0,0.0,0.0,0.0,0.0,1.0,1.0,0.0,0.0,0.0,0.0,0.0,0.0,0.0,0.0,0.0,0.0,0.0,1.0,0.0,0.0,0.0,1.0,0.0,0.0,0.0,0.0,0.0,0.0,0.0,0.0,0.0,0.0,0.0,0.0,0.0,0.0,0.0,0.0,0.0,0.0,0.0,0.0,0.0,0.0,0.0,0.0,0.0,0.0,0.0,1.0,0.0,0.0,0.0,0.0,0.0,0.0,0.0,0.0,0.0,0.0,0.0,0.0,0.0,0.0,0.0,0.0,0.0,0.0,0.0,0.0,0.0,0.0,1.0,0.0,0.0,0.0,0.0,0.0,0.0,1.0,0.0,0.0,0.0,1.0,0.0,0.0,0.0,0.0,0.0,0.0,0.0
Myasthenia gravis,0.0571439257166366,0.138778105311832,0.138778105311832,0.115648378688694,0.1734727270499989,0.138778105311832,0.041172338956928,0.0571439257166366,0.115648378688694,0.1734727270499989,0.0714299464323527,0.0476199206365212,0.1734727270499989,0.128249502550101,0.115648378688694,0.041172338956928,0.1734727270499989,0.0571439257166366,0.0714299464323527,0.128249502550101,0.115648378688694,0.115648378688694,0.138778105311832,0.0999899660382537,0.115648378688694,0.0367619429090039,0.0571439257166366,0.0921133696066727,0.226732089065557,0.115648378688694,0.0999899660382537,0.1734727270499989,0.164303377491262,0.421998728397202,0.115648378688694,0.0714299464323527,0.0933602719681705,0.138778105311832,0.0892790042075809,0.115648378688694,0.212831890191799,0.0892790042075809,0.138778105311832,0.527498700621427,0.421998728397202,0.0933602719681705,0.138778105311832,0.0571439257166366,0.0714299464323527,0.1734727270499989,0.0999899660382537,0.115648378688694,0.0476199206365212,0.138778105311832,0.0999899660382537,0.1734727270499989,0.138778105311832,0.0892790042075809,0.115648378688694,0.138778105311832,0.138778105311832,0.421998728397202,0.138778105311832,0.138778105311832,0.0892790042075809,0.1734727270499989,0.115648378688694,0.0714299464323527,0.0367619429090039,0.0476199206365212,0.0999899660382537,0.1734727270499989,0.1734727270499989,0.138778105311832,0.1734727270499989,0.0999899660382537,0.0714299464323527,0.138778105311832,0.226732089065557,0.0316202950567523,0.0714299464323527,0.226732089065557,0.115648378688694,0.0933602719681705,0.0999899660382537,0.115648378688694,0.421998728397202,0.115648378688694,0.138778105311832,0.041172338956928,0.1734727270499989,0.138778105311832,0.138778105311832,0.041172338956928,0.0714299464323527,0.1734727270499989,0.0476199206365212,0.138778105311832,0.138778105311832,0.527498700621427,0.138778105311832,0.226732089065557,0.138778105311832,0.296376456737466,0.115648378688694,0.128249502550101,0.115648378688694,0.138778105311832,0.0892790042075809,0.0571439257166366,0.0999899660382537,0.115648378688694,0.311463077621673,0.115648378688694,0.0714299464323527,0.0999899660382537,0.0714299464323527,0.115648378688694,0.138778105311832,0.1734727270499989,0.138778105311832,0.138778105311832,0.0571439257166366,0.138778105311832,0.0571439257166366,0.212831890191799,0.1734727270499989,0.041172338956928,0.1734727270499989,0.041172338956928,0.128249502550101,0.0,0.0,0.115648378688694,0.128249502550101,0.138778105311832,0.0714299464323527,0.226732089065557,0.115648378688694,0.115648378688694,0.1734727270499989,0.138778105311832,0.0933602719681705,0.138778105311832,0.0,0.0714299464323527,0.138778105311832,0.115648378688694,0.0,0.1734727270499989,0.115648378688694,0.0571439257166366,0.0933602719681705,0.1734727270499989,0.138778105311832,0.1734727270499989,0.0933602719681705,0.115648378688694,0.0714299464323527,0.115648378688694,0.351665478053376,0.115648378688694,0.226732089065557,0.128249502550101,0.212831890191799,0.0571439257166366,0.0714299464323527,0.115648378688694,0.138778105311832,0.115648378688694,0.0714299464323527,0.0999899660382537,0.138778105311832,0.549999174998487,0.138778105311832,0.0714299464323527,0.0,0.041172338956928,0.115648378688694,0.1734727270499989,0.138778105311832,0.0999899660382537,0.138778105311832,0.138778105311832,0.0892790042075809,0.138778105311832,0.0819002213950383,0.0476199206365212,0.115648378688694,0.351665478053376,0.0714299464323527,0.0337236205744276,0.0367619429090039,0.226732089065557,0.115648378688694,0.1734727270499989,0.1734727270499989,0.1734727270499989,0.1734727270499989,0.0,0.527498700621427,0.0,0.115648378688694,0.041172338956928,0.0571439257166366,0.0476199206365212,0.0,1.0,0.0999899660382537,0.0571439257166366,0.0,0.138778105311832,0.0571439257166366,0.138778105311832,0.421998728397202,0.0714299464323527,0.1734727270499989,0.115648378688694
Osteoarthritis,0.041172338956928,0.0999899660382537,0.0999899660382537,0.078342403747824,0.1324090484624709,0.0999899660382537,0.0262176875118606,0.041172338956928,0.3725798659459621,0.1324090484624709,0.0545213728963117,0.0322586368373393,0.1324090484624709,0.107359912685637,0.078342403747824,0.0262176875118606,0.1324090484624709,0.041172338956928,0.0545213728963117,0.107359912685637,0.078342403747824,0.078342403747824,0.0999899660382537,0.0636715268145186,0.078342403747824,0.0220824020542819,0.041172338956928,0.0628116880447429,0.182053533683929,0.078342403747824,0.0636715268145186,0.1324090484624709,0.053628690703256,0.0999899660382537,0.5645155881887141,0.0545213728963117,0.0749632197522059,0.184015147583005,0.053628690703256,0.078342403747824,0.078342403747824,0.5741321300587039,0.0999899660382537,0.1324090484624709,0.0999899660382537,0.0749632197522059,0.0999899660382537,0.041172338956928,0.0545213728963117,0.1324090484624709,0.0636715268145186,0.078342403747824,0.0322586368373393,0.0999899660382537,0.681647618741698,0.1324090484624709,0.0999899660382537,0.053628690703256,0.078342403747824,0.0999899660382537,0.0999899660382537,0.0999899660382537,0.0999899660382537,0.0999899660382537,0.5741321300587039,0.1324090484624709,0.078342403747824,0.0545213728963117,0.0220824020542819,0.0322586368373393,0.0636715268145186,0.1324090484624709,0.1324090484624709,0.0999899660382537,0.1324090484624709,0.0636715268145186,0.0545213728963117,0.0999899660382537,0.182053533683929,0.0172583557076123,0.0545213728963117,0.182053533683929,0.078342403747824,0.0749632197522059,0.0636715268145186,0.8387094771069309,0.0999899660382537,0.078342403747824,0.0999899660382537,0.0262176875118606,0.1324090484624709,0.0999899660382537,0.0999899660382537,0.0262176875118606,0.0545213728963117,0.1324090484624709,0.0322586368373393,0.0999899660382537,0.0999899660382537,0.1324090484624709,0.0999899660382537,0.182053533683929,0.0999899660382537,0.261364164595575,0.078342403747824,0.107359912685637,0.078342403747824,0.0999899660382537,0.053628690703256,0.041172338956928,0.681647618741698,0.078342403747824,0.260731216522262,0.078342403747824,0.0545213728963117,0.0636715268145186,0.0545213728963117,0.078342403747824,0.0999899660382537,0.1324090484624709,0.0999899660382537,0.0999899660382537,0.041172338956928,0.0999899660382537,0.041172338956928,0.078342403747824,0.1324090484624709,0.0262176875118606,0.1324090484624709,0.0262176875118606,0.107359912685637,0.0,0.0,0.078342403747824,0.107359912685637,0.0999899660382537,0.0545213728963117,0.182053533683929,0.078342403747824,0.078342403747824,0.1324090484624709,0.0999899660382537,0.0749632197522059,0.0999899660382537,0.0,0.0545213728963117,0.0999899660382537,0.078342403747824,0.0,0.1324090484624709,0.078342403747824,0.041172338956928,0.0749632197522059,0.1324090484624709,0.0999899660382537,0.1324090484624709,0.0749632197522059,0.078342403747824,0.0545213728963117,0.078342403747824,0.078342403747824,0.078342403747824,0.182053533683929,0.107359912685637,0.078342403747824,0.041172338956928,0.0545213728963117,0.8387094771069309,0.0999899660382537,0.078342403747824,0.0545213728963117,0.0636715268145186,0.0999899660382537,0.078342403747824,0.0999899660382537,0.0545213728963117,0.0,0.0262176875118606,0.078342403747824,0.1324090484624709,0.0999899660382537,0.681647618741698,0.0999899660382537,0.0999899660382537,0.053628690703256,0.0999899660382537,0.0467066854134993,0.0322586368373393,0.078342403747824,0.078342403747824,0.0545213728963117,0.0192321645820291,0.0220824020542819,0.182053533683929,0.078342403747824,0.1324090484624709,0.1324090484624709,0.1324090484624709,0.1324090484624709,0.0,0.1324090484624709,0.0,0.078342403747824,0.0262176875118606,0.041172338956928,0.0322586368373393,0.0,0.0999899660382537,1.0,0.041172338956928,0.0,0.0999899660382537,0.041172338956928,0.0999899660382537,0.0999899660382537,0.0545213728963117,0.1324090484624709,0.078342403747824
Lung cancer,0.0571439257166366,0.0571439257166366,0.0571439257166366,0.0476199206365212,0.0714299464323527,0.0571439257166366,0.041172338956928,0.0571439257166366,0.0476199206365212,0.0714299464323527,0.0714299464323527,0.549999174998487,0.0714299464323527,0.128249502550101,0.0476199206365212,0.304051121218363,0.0714299464323527,0.0571439257166366,0.0714299464323527,0.128249502550101,0.0476199206365212,0.0476199206365212,0.0571439257166366,0.041172338956928,0.0476199206365212,0.0367619429090039,0.421998728397202,0.0379290345439241,0.0933602719681705,0.0476199206365212,0.041172338956928,0.0714299464323527,0.0367619429090039,0.0571439257166366,0.0476199206365212,0.0714299464323527,0.0933602719681705,0.0571439257166366,0.0367619429090039,0.0476199206365212,0.0476199206365212,0.0367619429090039,0.0571439257166366,0.0714299464323527,0.0571439257166366,0.0933602719681705,0.0571439257166366,0.421998728397202,0.0714299464323527,0.0714299464323527,0.041172338956928,0.0476199206365212,0.351665478053376,0.0571439257166366,0.041172338956928,0.0714299464323527,0.0571439257166366,0.0367619429090039,0.0476199206365212,0.0571439257166366,0.0571439257166366,0.0571439257166366,0.0571439257166366,0.0571439257166366,0.0367619429090039,0.0714299464323527,0.0476199206365212,0.0714299464323527,0.271481053610807,0.0476199206365212,0.041172338956928,0.0714299464323527,0.0714299464323527,0.0571439257166366,0.0714299464323527,0.041172338956928,0.527498700621427,0.0571439257166366,0.0933602719681705,0.2335108086844119,0.0714299464323527,0.0933602719681705,0.0476199206365212,0.0933602719681705,0.041172338956928,0.0476199206365212,0.0571439257166366,0.0476199206365212,0.0571439257166366,0.0999899660382537,0.0714299464323527,0.0571439257166366,0.0571439257166366,0.304051121218363,0.0714299464323527,0.0714299464323527,0.115648378688694,0.0571439257166366,0.0571439257166366,0.0714299464323527,0.0571439257166366,0.0933602719681705,0.0571439257166366,0.296376456737466,0.0476199206365212,0.128249502550101,0.0476199206365212,0.0571439257166366,0.0367619429090039,0.421998728397202,0.041172338956928,0.0476199206365212,0.128249502550101,0.0476199206365212,0.0714299464323527,0.041172338956928,0.0714299464323527,0.0476199206365212,0.0571439257166366,0.0714299464323527,0.0571439257166366,0.0571439257166366,0.0571439257166366,0.0571439257166366,0.0571439257166366,0.0476199206365212,0.0714299464323527,0.041172338956928,0.0714299464323527,0.041172338956928,0.128249502550101,0.0,0.0,0.0476199206365212,0.128249502550101,0.0571439257166366,0.0714299464323527,0.0933602719681705,0.0476199206365212,0.0476199206365212,0.0714299464323527,0.0571439257166366,0.0933602719681705,0.0571439257166366,0.0,0.0714299464323527,0.0571439257166366,0.0476199206365212,0.0,0.0714299464323527,0.0476199206365212,0.0571439257166366,0.0933602719681705,0.0714299464323527,0.0571439257166366,0.0714299464323527,0.0933602719681705,0.0476199206365212,0.0714299464323527,0.0476199206365212,0.0476199206365212,0.0476199206365212,0.0933602719681705,0.128249502550101,0.0476199206365212,0.0571439257166366,0.0714299464323527,0.0476199206365212,0.0571439257166366,0.0476199206365212,0.0714299464323527,0.041172338956928,0.0571439257166366,0.0476199206365212,0.0571439257166366,0.0714299464323527,0.0,0.304051121218363,0.0476199206365212,0.0714299464323527,0.0571439257166366,0.041172338956928,0.0571439257166366,0.0571439257166366,0.0367619429090039,0.0571439257166366,0.0337236205744276,0.351665478053376,0.0476199206365212,0.0476199206365212,0.0714299464323527,0.249043530364504,0.271481053610807,0.0933602719681705,0.0476199206365212,0.0714299464323527,0.0714299464323527,0.0714299464323527,0.0714299464323527,0.0,0.0714299464323527,0.0,0.0476199206365212,0.041172338956928,0.421998728397202,0.115648378688694,0.0,0.0571439257166366,0.041172338956928,1.0,0.0,0.0571439257166366,0.421998728397202,0.0571439257166366,0.0571439257166366,0.0714299464323527,0.0714299464323527,0.0476199206365212
Clonorchis sinensis infection,0.0,0.0,0.0,0.0,0.0,0.0,0.0,0.0,0.0,0.0,0.0,0.0,0.0,0.0,0.0,0.0,0.0,0.0,0.0,0.0,0.0,0.0,0.0,0.0,0.0,0.0,0.0,0.0,0.0,0.0,0.0,0.0,0.0,0.0,0.0,0.0,0.0,0.0,0.0,0.0,0.0,0.0,0.0,0.0,0.0,0.0,0.0,0.0,0.0,0.0,0.0,0.0,0.0,0.0,0.0,0.0,0.0,0.0,0.0,0.0,0.0,0.0,0.0,0.0,0.0,0.0,0.0,0.0,0.0,0.0,0.0,0.0,0.0,0.0,0.0,0.0,0.0,0.0,0.0,0.0,0.0,0.0,0.0,0.0,0.0,0.0,0.0,0.0,0.0,0.0,0.0,0.0,0.0,0.0,0.0,0.0,0.0,0.0,0.0,0.0,0.0,0.0,0.0,0.0,0.0,0.0,0.0,0.0,0.0,0.0,0.0,0.0,0.0,0.0,0.0,0.0,0.0,0.0,0.0,0.0,0.0,0.0,0.0,0.0,0.0,0.0,0.0,0.0,0.0,0.0,0.0,1.0,1.0,0.0,0.0,0.0,0.0,0.0,0.0,0.0,0.0,0.0,0.0,0.0,1.0,0.0,0.0,0.0,1.0,0.0,0.0,0.0,0.0,0.0,0.0,0.0,0.0,0.0,0.0,0.0,0.0,0.0,0.0,0.0,0.0,0.0,0.0,0.0,0.0,0.0,0.0,0.0,0.0,0.0,0.0,0.0,1.0,0.0,0.0,0.0,0.0,0.0,0.0,0.0,0.0,0.0,0.0,0.0,0.0,0.0,0.0,0.0,0.0,0.0,0.0,0.0,0.0,0.0,0.0,1.0,0.0,0.0,0.0,0.0,0.0,0.0,1.0,0.0,0.0,0.0,1.0,0.0,0.0,0.0,0.0,0.0,0.0,0.0
Severe fever with thrombocytopenia syndrome,0.0571439257166366,0.138778105311832,0.138778105311832,0.115648378688694,0.1734727270499989,0.138778105311832,0.041172338956928,0.0571439257166366,0.115648378688694,0.1734727270499989,0.0714299464323527,0.0476199206365212,0.1734727270499989,0.128249502550101,0.115648378688694,0.041172338956928,0.1734727270499989,0.0571439257166366,0.0714299464323527,0.128249502550101,0.115648378688694,0.115648378688694,0.138778105311832,0.0999899660382537,0.115648378688694,0.0367619429090039,0.0571439257166366,0.0921133696066727,0.226732089065557,0.115648378688694,0.0999899660382537,0.1734727270499989,0.0892790042075809,0.138778105311832,0.115648378688694,0.0714299464323527,0.0933602719681705,0.138778105311832,0.0892790042075809,0.115648378688694,0.115648378688694,0.0892790042075809,0.138778105311832,0.1734727270499989,0.138778105311832,0.0933602719681705,0.138778105311832,0.0571439257166366,0.0714299464323527,0.1734727270499989,0.0999899660382537,0.115648378688694,0.0476199206365212,0.138778105311832,0.0999899660382537,0.1734727270499989,0.138778105311832,0.0892790042075809,0.115648378688694,0.138778105311832,0.138778105311832,0.138778105311832,0.138778105311832,0.138778105311832,0.0892790042075809,0.1734727270499989,0.115648378688694,0.0714299464323527,0.0367619429090039,0.0476199206365212,0.0999899660382537,0.1734727270499989,0.1734727270499989,0.138778105311832,0.1734727270499989,0.0999899660382537,0.0714299464323527,0.138778105311832,0.226732089065557,0.0316202950567523,0.0714299464323527,0.226732089065557,0.115648378688694,0.0933602719681705,0.0999899660382537,0.115648378688694,0.138778105311832,0.115648378688694,0.138778105311832,0.041172338956928,0.1734727270499989,0.138778105311832,0.138778105311832,0.041172338956928,0.0714299464323527,0.1734727270499989,0.0476199206365212,0.138778105311832,0.138778105311832,0.1734727270499989,0.138778105311832,0.226732089065557,0.138778105311832,0.296376456737466,0.115648378688694,0.128249502550101,0.115648378688694,0.138778105311832,0.0892790042075809,0.0571439257166366,0.0999899660382537,0.115648378688694,0.311463077621673,0.115648378688694,0.0714299464323527,0.0999899660382537,0.0714299464323527,0.115648378688694,0.138778105311832,0.1734727270499989,0.138778105311832,0.138778105311832,0.0571439257166366,0.138778105311832,0.0571439257166366,0.115648378688694,0.1734727270499989,0.041172338956928,0.1734727270499989,0.041172338956928,0.128249502550101,0.0,0.0,0.115648378688694,0.128249502550101,0.138778105311832,0.0714299464323527,0.226732089065557,0.115648378688694,0.115648378688694,0.1734727270499989,0.138778105311832,0.0933602719681705,0.138778105311832,0.0,0.0714299464323527,0.138778105311832,0.115648378688694,0.0,0.1734727270499989,0.115648378688694,0.0571439257166366,0.0933602719681705,0.1734727270499989,0.138778105311832,0.1734727270499989,0.0933602719681705,0.115648378688694,0.0714299464323527,0.115648378688694,0.115648378688694,0.115648378688694,0.226732089065557,0.128249502550101,0.115648378688694,0.0571439257166366,0.0714299464323527,0.115648378688694,0.138778105311832,0.115648378688694,0.0714299464323527,0.0999899660382537,0.138778105311832,0.115648378688694,0.138778105311832,0.0714299464323527,0.0,0.041172338956928,0.115648378688694,0.3192481279323519,0.138778105311832,0.0999899660382537,0.138778105311832,0.138778105311832,0.0892790042075809,0.138778105311832,0.0819002213950383,0.0476199206365212,0.115648378688694,0.115648378688694,0.0714299464323527,0.0337236205744276,0.0367619429090039,0.226732089065557,0.115648378688694,0.1734727270499989,0.1734727270499989,0.1734727270499989,0.1734727270499989,0.0,0.1734727270499989,0.0,0.115648378688694,0.041172338956928,0.0571439257166366,0.0476199206365212,0.0,0.138778105311832,0.0999899660382537,0.0571439257166366,0.0,1.0,0.0571439257166366,0.138778105311832,0.138778105311832,0.0714299464323527,0.1734727270499989,0.115648378688694
Breast cancer,0.0571439257166366,0.0571439257166366,0.0571439257166366,0.0476199206365212,0.0714299464323527,0.0571439257166366,0.041172338956928,0.0571439257166366,0.0476199206365212,0.0714299464323527,0.0714299464323527,0.351665478053376,0.0714299464323527,0.128249502550101,0.0476199206365212,0.304051121218363,0.0714299464323527,0.0571439257166366,0.0714299464323527,0.128249502550101,0.0476199206365212,0.0476199206365212,0.0571439257166366,0.041172338956928,0.0476199206365212,0.0367619429090039,0.421998728397202,0.0379290345439241,0.0933602719681705,0.0476199206365212,0.041172338956928,0.0714299464323527,0.0367619429090039,0.0571439257166366,0.0476199206365212,0.0714299464323527,0.0933602719681705,0.0571439257166366,0.0367619429090039,0.0476199206365212,0.0476199206365212,0.0367619429090039,0.0571439257166366,0.0714299464323527,0.0571439257166366,0.0933602719681705,0.0571439257166366,0.421998728397202,0.0714299464323527,0.0714299464323527,0.041172338956928,0.0476199206365212,0.351665478053376,0.0571439257166366,0.041172338956928,0.0714299464323527,0.0571439257166366,0.0367619429090039,0.0476199206365212,0.0571439257166366,0.0571439257166366,0.0571439257166366,0.0571439257166366,0.0571439257166366,0.0367619429090039,0.0714299464323527,0.0476199206365212,0.0714299464323527,0.271481053610807,0.0476199206365212,0.041172338956928,0.0714299464323527,0.0714299464323527,0.0571439257166366,0.0714299464323527,0.041172338956928,0.527498700621427,0.0571439257166366,0.0933602719681705,0.2335108086844119,0.0714299464323527,0.0933602719681705,0.0476199206365212,0.0933602719681705,0.041172338956928,0.0476199206365212,0.0571439257166366,0.0476199206365212,0.0571439257166366,0.0999899660382537,0.0714299464323527,0.0571439257166366,0.0571439257166366,0.304051121218363,0.0714299464323527,0.0714299464323527,0.115648378688694,0.0571439257166366,0.0571439257166366,0.0714299464323527,0.0571439257166366,0.0933602719681705,0.0571439257166366,0.296376456737466,0.0476199206365212,0.128249502550101,0.0476199206365212,0.0571439257166366,0.0367619429090039,0.421998728397202,0.041172338956928,0.0476199206365212,0.128249502550101,0.0476199206365212,0.0714299464323527,0.041172338956928,0.0714299464323527,0.0476199206365212,0.0571439257166366,0.0714299464323527,0.0571439257166366,0.0571439257166366,0.0571439257166366,0.0571439257166366,0.0571439257166366,0.0476199206365212,0.0714299464323527,0.041172338956928,0.0714299464323527,0.041172338956928,0.128249502550101,0.0,0.0,0.0476199206365212,0.128249502550101,0.0571439257166366,0.0714299464323527,0.0933602719681705,0.0476199206365212,0.0476199206365212,0.0714299464323527,0.0571439257166366,0.0933602719681705,0.0571439257166366,0.0,0.0714299464323527,0.0571439257166366,0.0476199206365212,0.0,0.0714299464323527,0.0476199206365212,0.0571439257166366,0.0933602719681705,0.0714299464323527,0.0571439257166366,0.0714299464323527,0.0933602719681705,0.0476199206365212,0.0714299464323527,0.0476199206365212,0.0476199206365212,0.0476199206365212,0.0933602719681705,0.128249502550101,0.0476199206365212,0.0571439257166366,0.0714299464323527,0.0476199206365212,0.0571439257166366,0.0476199206365212,0.0714299464323527,0.041172338956928,0.0571439257166366,0.0476199206365212,0.0571439257166366,0.0714299464323527,0.0,0.304051121218363,0.0476199206365212,0.0714299464323527,0.0571439257166366,0.041172338956928,0.0571439257166366,0.0571439257166366,0.0367619429090039,0.0571439257166366,0.0337236205744276,0.351665478053376,0.0476199206365212,0.0476199206365212,0.0714299464323527,0.249043530364504,0.271481053610807,0.0933602719681705,0.0476199206365212,0.0714299464323527,0.0714299464323527,0.0714299464323527,0.0714299464323527,0.0,0.0714299464323527,0.0,0.0476199206365212,0.041172338956928,0.421998728397202,0.115648378688694,0.0,0.0571439257166366,0.041172338956928,0.421998728397202,0.0,0.0571439257166366,1.0,0.0571439257166366,0.0571439257166366,0.0714299464323527,0.0714299464323527,0.0476199206365212
Bronchiectasis,0.0571439257166366,0.138778105311832,0.138778105311832,0.115648378688694,0.1734727270499989,0.138778105311832,0.041172338956928,0.0571439257166366,0.115648378688694,0.1734727270499989,0.0714299464323527,0.0476199206365212,0.1734727270499989,0.128249502550101,0.351665478053376,0.041172338956928,0.1734727270499989,0.0571439257166366,0.0714299464323527,0.128249502550101,0.115648378688694,0.115648378688694,0.138778105311832,0.0999899660382537,0.115648378688694,0.0367619429090039,0.0571439257166366,0.0921133696066727,0.226732089065557,0.115648378688694,0.0999899660382537,0.1734727270499989,0.0892790042075809,0.138778105311832,0.115648378688694,0.0714299464323527,0.0933602719681705,0.138778105311832,0.0892790042075809,0.115648378688694,0.115648378688694,0.0892790042075809,0.138778105311832,0.1734727270499989,0.138778105311832,0.0933602719681705,0.138778105311832,0.0571439257166366,0.0714299464323527,0.3192481279323519,0.0999899660382537,0.115648378688694,0.0476199206365212,0.659999251998354,0.0999899660382537,0.1734727270499989,0.138778105311832,0.164303377491262,0.115648378688694,0.138778105311832,0.138778105311832,0.138778105311832,0.138778105311832,0.138778105311832,0.0892790042075809,0.1734727270499989,0.115648378688694,0.0714299464323527,0.0367619429090039,0.0476199206365212,0.0999899660382537,0.1734727270499989,0.1734727270499989,0.421998728397202,0.1734727270499989,0.304051121218363,0.0714299464323527,0.138778105311832,0.226732089065557,0.0316202950567523,0.0714299464323527,0.226732089065557,0.351665478053376,0.0933602719681705,0.0999899660382537,0.115648378688694,0.138778105311832,0.115648378688694,0.138778105311832,0.041172338956928,0.1734727270499989,0.138778105311832,0.138778105311832,0.041172338956928,0.0714299464323527,0.1734727270499989,0.0476199206365212,0.138778105311832,0.138778105311832,0.1734727270499989,0.138778105311832,0.226732089065557,0.138778105311832,0.296376456737466,0.549999174998487,0.128249502550101,0.115648378688694,0.138778105311832,0.0892790042075809,0.0571439257166366,0.0999899660382537,0.351665478053376,0.311463077621673,0.115648378688694,0.0714299464323527,0.304051121218363,0.0714299464323527,0.115648378688694,0.138778105311832,0.1734727270499989,0.138778105311832,0.138778105311832,0.0571439257166366,0.138778105311832,0.0571439257166366,0.115648378688694,0.3192481279323519,0.041172338956928,0.1734727270499989,0.041172338956928,0.128249502550101,0.0,0.0,0.115648378688694,0.128249502550101,0.138778105311832,0.0714299464323527,0.226732089065557,0.115648378688694,0.115648378688694,0.1734727270499989,0.138778105311832,0.0933602719681705,0.138778105311832,0.0,0.0714299464323527,0.138778105311832,0.115648378688694,0.0,0.1734727270499989,0.115648378688694,0.0571439257166366,0.0933602719681705,0.1734727270499989,0.138778105311832,0.1734727270499989,0.0933602719681705,0.115648378688694,0.0714299464323527,0.115648378688694,0.115648378688694,0.115648378688694,0.226732089065557,0.128249502550101,0.115648378688694,0.0571439257166366,0.0714299464323527,0.115648378688694,0.138778105311832,0.115648378688694,0.0714299464323527,0.0999899660382537,0.138778105311832,0.115648378688694,0.138778105311832,0.0714299464323527,0.0,0.041172338956928,0.351665478053376,0.1734727270499989,0.659999251998354,0.0999899660382537,0.138778105311832,0.138778105311832,0.424592019495871,0.138778105311832,0.38950009252372,0.0476199206365212,0.115648378688694,0.115648378688694,0.0714299464323527,0.0337236205744276,0.0367619429090039,0.6894506381789389,0.115648378688694,0.1734727270499989,0.1734727270499989,0.1734727270499989,0.1734727270499989,0.0,0.1734727270499989,0.0,0.115648378688694,0.041172338956928,0.0571439257166366,0.0476199206365212,0.0,0.138778105311832,0.0999899660382537,0.0571439257166366,0.0,0.138778105311832,0.0571439257166366,1.0,0.138778105311832,0.0714299464323527,0.1734727270499989,0.115648378688694
Graves' disease,0.0571439257166366,0.138778105311832,0.138778105311832,0.115648378688694,0.1734727270499989,0.138778105311832,0.041172338956928,0.0571439257166366,0.115648378688694,0.1734727270499989,0.0714299464323527,0.0476199206365212,0.1734727270499989,0.128249502550101,0.115648378688694,0.041172338956928,0.1734727270499989,0.0571439257166366,0.0714299464323527,0.128249502550101,0.115648378688694,0.115648378688694,0.138778105311832,0.0999899660382537,0.115648378688694,0.0367619429090039,0.0571439257166366,0.0921133696066727,0.226732089065557,0.115648378688694,0.0999899660382537,0.1734727270499989,0.164303377491262,0.421998728397202,0.115648378688694,0.0714299464323527,0.0933602719681705,0.138778105311832,0.0892790042075809,0.115648378688694,0.212831890191799,0.0892790042075809,0.138778105311832,0.527498700621427,0.421998728397202,0.0933602719681705,0.138778105311832,0.0571439257166366,0.0714299464323527,0.1734727270499989,0.0999899660382537,0.115648378688694,0.0476199206365212,0.138778105311832,0.0999899660382537,0.1734727270499989,0.138778105311832,0.0892790042075809,0.115648378688694,0.138778105311832,0.138778105311832,0.421998728397202,0.138778105311832,0.138778105311832,0.0892790042075809,0.1734727270499989,0.115648378688694,0.0714299464323527,0.0367619429090039,0.0476199206365212,0.0999899660382537,0.1734727270499989,0.1734727270499989,0.138778105311832,0.1734727270499989,0.0999899660382537,0.0714299464323527,0.138778105311832,0.226732089065557,0.0316202950567523,0.0714299464323527,0.226732089065557,0.115648378688694,0.0933602719681705,0.0999899660382537,0.115648378688694,0.421998728397202,0.115648378688694,0.138778105311832,0.041172338956928,0.1734727270499989,0.138778105311832,0.138778105311832,0.041172338956928,0.0714299464323527,0.1734727270499989,0.0476199206365212,0.138778105311832,0.138778105311832,0.527498700621427,0.138778105311832,0.226732089065557,0.138778105311832,0.296376456737466,0.115648378688694,0.128249502550101,0.115648378688694,0.138778105311832,0.0892790042075809,0.0571439257166366,0.0999899660382537,0.115648378688694,0.311463077621673,0.115648378688694,0.0714299464323527,0.0999899660382537,0.0714299464323527,0.115648378688694,0.138778105311832,0.1734727270499989,0.138778105311832,0.138778105311832,0.0571439257166366,0.138778105311832,0.0571439257166366,0.212831890191799,0.1734727270499989,0.041172338956928,0.1734727270499989,0.041172338956928,0.128249502550101,0.0,0.0,0.115648378688694,0.128249502550101,0.138778105311832,0.0714299464323527,0.226732089065557,0.115648378688694,0.115648378688694,0.1734727270499989,0.138778105311832,0.0933602719681705,0.138778105311832,0.0,0.0714299464323527,0.138778105311832,0.115648378688694,0.0,0.1734727270499989,0.115648378688694,0.0571439257166366,0.0933602719681705,0.1734727270499989,0.138778105311832,0.1734727270499989,0.0933602719681705,0.115648378688694,0.0714299464323527,0.115648378688694,0.351665478053376,0.115648378688694,0.226732089065557,0.128249502550101,0.212831890191799,0.0571439257166366,0.0714299464323527,0.115648378688694,0.138778105311832,0.115648378688694,0.0714299464323527,0.0999899660382537,0.138778105311832,0.351665478053376,0.138778105311832,0.0714299464323527,0.0,0.041172338956928,0.115648378688694,0.1734727270499989,0.138778105311832,0.0999899660382537,0.138778105311832,0.138778105311832,0.0892790042075809,0.138778105311832,0.0819002213950383,0.0476199206365212,0.115648378688694,0.549999174998487,0.0714299464323527,0.0337236205744276,0.0367619429090039,0.226732089065557,0.115648378688694,0.1734727270499989,0.1734727270499989,0.1734727270499989,0.1734727270499989,0.0,0.527498700621427,0.0,0.115648378688694,0.041172338956928,0.0571439257166366,0.0476199206365212,0.0,0.421998728397202,0.0999899660382537,0.0571439257166366,0.0,0.138778105311832,0.0571439257166366,0.138778105311832,1.0,0.0714299464323527,0.1734727270499989,0.115648378688694
Wilson's Disease,0.0714299464323527,0.0714299464323527,0.0714299464323527,0.0613432731147329,0.0865818037575277,0.0714299464323527,0.243677156414128,0.1734727270499989,0.0613432731147329,0.0865818037575277,0.0865818037575277,0.0613432731147329,0.0865818037575277,0.147105639620399,0.0613432731147329,0.0545213728963117,0.0865818037575277,0.0714299464323527,0.0865818037575277,0.147105639620399,0.0613432731147329,0.0613432731147329,0.0714299464323527,0.0545213728963117,0.0613432731147329,0.222834702756658,0.0714299464323527,0.0485747365313862,0.1098923880062569,0.0613432731147329,0.0545213728963117,0.0865818037575277,0.0498579928542293,0.0714299464323527,0.0613432731147329,0.0865818037575277,0.1098923880062569,0.0714299464323527,0.0498579928542293,0.0613432731147329,0.0613432731147329,0.0498579928542293,0.0714299464323527,0.0865818037575277,0.0714299464323527,0.1098923880062569,0.0714299464323527,0.0714299464323527,0.0865818037575277,0.0865818037575277,0.0545213728963117,0.0613432731147329,0.0613432731147329,0.0714299464323527,0.0545213728963117,0.0865818037575277,0.0714299464323527,0.0498579928542293,0.0613432731147329,0.0714299464323527,0.0714299464323527,0.0714299464323527,0.0714299464323527,0.0714299464323527,0.0498579928542293,0.0865818037575277,0.0613432731147329,0.0865818037575277,0.0498579928542293,0.274166873716867,0.0545213728963117,0.0865818037575277,0.0865818037575277,0.0714299464323527,0.0865818037575277,0.0545213728963117,0.0865818037575277,0.0714299464323527,0.1098923880062569,0.0444245555713213,0.0865818037575277,0.1098923880062569,0.0613432731147329,0.1098923880062569,0.0545213728963117,0.0613432731147329,0.0714299464323527,0.0613432731147329,0.0714299464323527,0.0545213728963117,0.0865818037575277,0.0714299464323527,0.0714299464323527,0.0545213728963117,0.0865818037575277,0.0865818037575277,0.0613432731147329,0.0714299464323527,0.0714299464323527,0.0865818037575277,0.0714299464323527,0.1098923880062569,0.0714299464323527,0.32866873393231,0.0613432731147329,0.147105639620399,0.0613432731147329,0.0714299464323527,0.0498579928542293,0.0714299464323527,0.0545213728963117,0.0613432731147329,0.147105639620399,0.0613432731147329,0.0865818037575277,0.0545213728963117,0.0865818037575277,0.0613432731147329,0.0714299464323527,0.0865818037575277,0.0714299464323527,0.0714299464323527,0.0714299464323527,0.0714299464323527,0.0714299464323527,0.0613432731147329,0.0865818037575277,0.243677156414128,0.0865818037575277,0.243677156414128,0.147105639620399,0.0,0.0,0.0613432731147329,0.147105639620399,0.0714299464323527,0.0865818037575277,0.1098923880062569,0.0613432731147329,0.0613432731147329,0.0865818037575277,0.0714299464323527,0.1098923880062569,0.0714299464323527,0.0,0.0865818037575277,0.0714299464323527,0.0613432731147329,0.0,0.0865818037575277,0.0613432731147329,0.0714299464323527,0.1098923880062569,0.0865818037575277,0.0714299464323527,0.0865818037575277,0.1098923880062569,0.0613432731147329,0.386967653528542,0.0613432731147329,0.0613432731147329,0.0613432731147329,0.1098923880062569,0.147105639620399,0.0613432731147329,0.3192481279323519,0.0865818037575277,0.0613432731147329,0.0714299464323527,0.0613432731147329,0.0865818037575277,0.0545213728963117,0.0714299464323527,0.0613432731147329,0.0714299464323527,0.386967653528542,0.0,0.0545213728963117,0.0613432731147329,0.0865818037575277,0.0714299464323527,0.0545213728963117,0.0714299464323527,0.0714299464323527,0.0498579928542293,0.0714299464323527,0.0466468368249435,0.0613432731147329,0.0613432731147329,0.0613432731147329,0.0865818037575277,0.0466468368249435,0.0498579928542293,0.1098923880062569,0.0613432731147329,0.0865818037575277,0.0865818037575277,0.0865818037575277,0.0865818037575277,0.0,0.0865818037575277,0.0,0.0613432731147329,0.243677156414128,0.0714299464323527,0.0613432731147329,0.0,0.0714299464323527,0.0545213728963117,0.0714299464323527,0.0,0.0714299464323527,0.0714299464323527,0.0714299464323527,0.0714299464323527,1.0,0.0865818037575277,0.0613432731147329
Sensitive scalp,0.0714299464323527,0.1734727270499989,0.1734727270499989,0.148976520421494,0.21027009483971,0.1734727270499989,0.0545213728963117,0.0714299464323527,0.148976520421494,0.21027009483971,0.0865818037575277,0.0613432731147329,0.639392737369731,0.147105639620399,0.148976520421494,0.0545213728963117,0.21027009483971,0.0714299464323527,0.0865818037575277,0.147105639620399,0.148976520421494,0.148976520421494,0.1734727270499989,0.1324090484624709,0.148976520421494,0.0498579928542293,0.0714299464323527,0.117967217290509,0.266881513729481,0.148976520421494,0.402631596345066,0.21027009483971,0.1210836969317,0.1734727270499989,0.148976520421494,0.0865818037575277,0.1098923880062569,0.1734727270499989,0.1210836969317,0.148976520421494,0.148976520421494,0.1210836969317,0.1734727270499989,0.21027009483971,0.1734727270499989,0.1098923880062569,0.1734727270499989,0.0714299464323527,0.0865818037575277,0.21027009483971,0.402631596345066,0.148976520421494,0.0613432731147329,0.1734727270499989,0.1324090484624709,0.21027009483971,0.527498700621427,0.1210836969317,0.148976520421494,0.527498700621427,0.1734727270499989,0.1734727270499989,0.1734727270499989,0.1734727270499989,0.1210836969317,0.21027009483971,0.148976520421494,0.0865818037575277,0.0498579928542293,0.0613432731147329,0.1324090484624709,0.21027009483971,0.21027009483971,0.1734727270499989,0.21027009483971,0.1324090484624709,0.0865818037575277,0.1734727270499989,0.266881513729481,0.0444245555713213,0.0865818037575277,0.266881513729481,0.148976520421494,0.1098923880062569,0.1324090484624709,0.148976520421494,0.1734727270499989,0.148976520421494,0.1734727270499989,0.0545213728963117,0.21027009483971,0.1734727270499989,0.1734727270499989,0.0545213728963117,0.0865818037575277,0.21027009483971,0.0613432731147329,0.1734727270499989,0.527498700621427,0.21027009483971,0.1734727270499989,0.266881513729481,0.1734727270499989,0.32866873393231,0.148976520421494,0.147105639620399,0.148976520421494,0.1734727270499989,0.1210836969317,0.0714299464323527,0.1324090484624709,0.148976520421494,0.357256553363825,0.148976520421494,0.0865818037575277,0.1324090484624709,0.0865818037575277,0.148976520421494,0.1734727270499989,0.21027009483971,0.1734727270499989,0.1734727270499989,0.0714299464323527,0.1734727270499989,0.0714299464323527,0.148976520421494,0.21027009483971,0.0545213728963117,0.21027009483971,0.0545213728963117,0.147105639620399,0.0,0.0,0.148976520421494,0.147105639620399,0.1734727270499989,0.0865818037575277,0.266881513729481,0.148976520421494,0.148976520421494,0.21027009483971,0.1734727270499989,0.1098923880062569,0.1734727270499989,0.0,0.0865818037575277,0.1734727270499989,0.148976520421494,0.0,0.21027009483971,0.148976520421494,0.0714299464323527,0.1098923880062569,0.21027009483971,0.1734727270499989,0.21027009483971,0.1098923880062569,0.148976520421494,0.0865818037575277,0.148976520421494,0.148976520421494,0.148976520421494,0.266881513729481,0.147105639620399,0.148976520421494,0.0714299464323527,0.0865818037575277,0.148976520421494,0.1734727270499989,0.148976520421494,0.0865818037575277,0.1324090484624709,0.1734727270499989,0.148976520421494,0.1734727270499989,0.0865818037575277,0.0,0.0545213728963117,0.148976520421494,0.21027009483971,0.1734727270499989,0.1324090484624709,0.1734727270499989,0.1734727270499989,0.1210836969317,0.1734727270499989,0.113285175146291,0.0613432731147329,0.148976520421494,0.148976520421494,0.0865818037575277,0.0466468368249435,0.0498579928542293,0.266881513729481,0.148976520421494,0.21027009483971,0.21027009483971,0.21027009483971,0.21027009483971,0.0,0.21027009483971,0.0,0.148976520421494,0.0545213728963117,0.0714299464323527,0.0613432731147329,0.0,0.1734727270499989,0.1324090484624709,0.0714299464323527,0.0,0.1734727270499989,0.0714299464323527,0.1734727270499989,0.1734727270499989,0.0865818037575277,1.0,0.148976520421494
Microscopic colitis,0.0476199206365212,0.115648378688694,0.549999174998487,0.6730764389785729,0.453010235567401,0.212831890191799,0.0322586368373393,0.0476199206365212,0.093408272931481,0.453010235567401,0.0613432731147329,0.0384622300306098,0.148976520421494,0.115768709113422,0.093408272931481,0.0322586368373393,0.7085007524967339,0.0476199206365212,0.0613432731147329,0.115768709113422,0.093408272931481,0.093408272931481,0.8333330277772181,0.078342403747824,0.171902619932726,0.0280132767810044,0.0476199206365212,0.0746915486002605,0.368184127562069,0.171902619932726,0.078342403747824,0.453010235567401,0.0680322436110106,0.115648378688694,0.093408272931481,0.0613432731147329,0.0823790970344355,0.115648378688694,0.1252021962253049,0.093408272931481,0.093408272931481,0.0680322436110106,0.115648378688694,0.148976520421494,0.115648378688694,0.0823790970344355,0.212831890191799,0.0476199206365212,0.0613432731147329,0.148976520421494,0.078342403747824,0.093408272931481,0.0384622300306098,0.115648378688694,0.078342403747824,0.274166873716867,0.115648378688694,0.0680322436110106,0.093408272931481,0.115648378688694,0.115648378688694,0.115648378688694,0.115648378688694,0.115648378688694,0.0680322436110106,0.148976520421494,0.093408272931481,0.0613432731147329,0.0280132767810044,0.0384622300306098,0.078342403747824,0.274166873716867,0.274166873716867,0.115648378688694,0.274166873716867,0.078342403747824,0.0613432731147329,0.115648378688694,0.368184127562069,0.023062117726601,0.0613432731147329,0.368184127562069,0.093408272931481,0.0823790970344355,0.078342403747824,0.093408272931481,0.115648378688694,0.093408272931481,0.212831890191799,0.0322586368373393,0.274166873716867,0.212831890191799,0.549999174998487,0.0322586368373393,0.0613432731147329,0.148976520421494,0.0384622300306098,0.115648378688694,0.115648378688694,0.148976520421494,0.351665478053376,0.368184127562069,0.351665478053376,0.275363104390711,0.093408272931481,0.115768709113422,0.093408272931481,0.212831890191799,0.1252021962253049,0.0476199206365212,0.078342403747824,0.093408272931481,0.2811525792754519,0.6730764389785729,0.0613432731147329,0.078342403747824,0.0613432731147329,0.171902619932726,0.115648378688694,0.148976520421494,0.212831890191799,0.115648378688694,0.0476199206365212,0.212831890191799,0.0476199206365212,0.093408272931481,0.148976520421494,0.0322586368373393,0.148976520421494,0.0322586368373393,0.115768709113422,0.0,0.0,0.171902619932726,0.115768709113422,0.115648378688694,0.0613432731147329,0.368184127562069,0.171902619932726,0.093408272931481,0.148976520421494,0.212831890191799,0.0823790970344355,0.351665478053376,0.0,0.0613432731147329,0.212831890191799,0.093408272931481,0.0,0.148976520421494,0.093408272931481,0.0476199206365212,0.0823790970344355,0.148976520421494,0.115648378688694,0.148976520421494,0.0823790970344355,0.093408272931481,0.0613432731147329,0.093408272931481,0.093408272931481,0.093408272931481,0.368184127562069,0.115768709113422,0.093408272931481,0.0476199206365212,0.0613432731147329,0.093408272931481,0.115648378688694,0.171902619932726,0.0613432731147329,0.078342403747824,0.351665478053376,0.093408272931481,0.115648378688694,0.0613432731147329,0.0,0.0322586368373393,0.093408272931481,0.148976520421494,0.115648378688694,0.078342403747824,0.115648378688694,0.115648378688694,0.0680322436110106,0.115648378688694,0.0609274353162256,0.0384622300306098,0.093408272931481,0.093408272931481,0.0613432731147329,0.0250877674831517,0.0280132767810044,0.200063521369343,0.284037401363075,0.274166873716867,0.148976520421494,0.148976520421494,0.148976520421494,0.0,0.148976520421494,0.0,0.093408272931481,0.0322586368373393,0.0476199206365212,0.0384622300306098,0.0,0.115648378688694,0.078342403747824,0.0476199206365212,0.0,0.115648378688694,0.0476199206365212,0.115648378688694,0.115648378688694,0.0613432731147329,0.148976520421494,1.0
